reduced_formula,material_id,spacegroup,energy_above_hull,is_stable,nsites,theoretical,composition,icsd_n
Ag,mp-124,Fm-3m,0.0021267149999992796,False,1,False,Ag1,22
Ag,mp-8566,P6_3/mmc,0.0,True,4,False,Ag4,1
Ag,mp-10597,P6_3/mmc,0.007668675000001457,False,2,False,Ag2,1
Ag,mp-989737,R-3m,0.010381675000001422,False,3,True,Ag3,0
Ag,mp-2646971,Im-3m,0.034337163333333365,False,1,True,Ag1,0
Ag2CO3,mp-4691,P2_1/m,0.0,True,12,False,Ag4 C2 O6,2
Ag2CO3,mp-560717,P31c,0.026753231388888743,False,36,False,Ag12 C6 O18,1
Ag2CO3,mp-676581,Pmc2_1,0.02966832333333347,False,36,True,Ag12 C6 O18,0
Ag2CO3,mp-1178578,Ima2,0.027453814166666923,False,36,True,Ag12 C6 O18,0
Ag2CO3,mp-1229177,P-6,0.029578096388888753,False,18,True,Ag6 C3 O9,0
Ag2O,mp-353,Pn-3m,0.0,True,6,False,Ag4 O2,13
Ag2O,mp-7711,P-3m1,0.11929020833333182,False,3,False,Ag2 O1,1
Ag2O,mp-38238,P1,0.10868900944444304,False,9,True,Ag6 O3,0
Ag2O,mp-754338,Ibam,0.01920252083333196,False,12,True,Ag8 O4,0
Ag2S,mp-31053,P2_1,0.004851448333333508,False,6,True,Ag4 S2,1
Ag2S,mp-32669,Cmc2_1,0.009918613333333326,False,6,True,Ag4 S2,0
Ag2S,mp-32791,Cmce,0.09402345166666848,False,6,True,Ag4 S2,0
Ag2S,mp-32868,P1,0.05733321388888868,False,9,True,Ag6 S3,0
Ag2S,mp-32884,P-1,0.010607600000000161,False,6,True,Ag4 S2,0
Ag2S,mp-36216,Cmcm,0.012260691666668322,False,6,True,Ag4 S2,0
Ag2S,mp-38511,Pc,0.03422800833333284,False,6,True,Ag4 S2,0
Ag2S,mp-556225,P2_1/m,2.0270000000266464e-05,False,6,True,Ag4 S2,1
Ag2S,mp-560025,P2_1,0.08891988833333286,False,6,True,Ag4 S2,1
Ag2S,mp-610517,P2_1/c,0.029025886666666167,False,12,False,Ag8 S4,7
Ag2S,mp-1095694,P2_12_12_1,0.02520492250000217,False,12,False,Ag8 S4,2
Ag2S,mp-1102900,P2_1/c,0.045494641666667945,False,12,False,Ag8 S4,2
Ag2S,mp-1229090,Fm-3m,0.07692717166666796,False,3,True,Ag2 S1,0
Ag2S,mp-1393712,Cm,0.012107586666665782,False,6,True,Ag4 S2,0
Ag2S,mp-1537871,Cmcm,0.0,True,6,True,Ag4 S2,0
Ag2S,mp-2018369,P2_1/c,0.0002068216666657463,False,12,False,Ag8 S4,6
Ag2S,mp-2025704,P2_1/m,0.013338436666664677,False,6,True,Ag4 S2,0
Ag2S,mp-2212763,P2_12_12,0.013767898333334472,False,6,True,Ag4 S2,0
Ag2S,mp-2766207,P4/nmm,0.013546961666666135,False,6,True,Ag4 S2,0
Ag2SO4,mp-5625,Fddd,0.0,True,14,False,Ag4 S2 O8,3
Ag2SO4,mp-660503,P1,0.030593032857141544,False,14,True,Ag4 S2 O8,0
Ag2Se,mp-32758,Cmce,0.042111500833333704,False,6,True,Ag4 Se2,0
Ag2Se,mp-568889,P222_1,0.12853378166667007,False,12,False,Ag8 Se4,1
Ag2Se,mp-568936,P2_12_12_1,0.002313837500002247,False,12,False,Ag8 Se4,3
Ag2Se,mp-568971,Pnma,0.009078336666669795,False,12,True,Ag8 Se4,0
Ag2Se,mp-754954,P2_12_12_1,0.0073406075000033155,False,12,True,Ag8 Se4,0
Ag2Se,mp-1183005,P2_12_12_1,0.05457736666667001,False,12,True,Ag8 Se4,0
Ag2Se,mp-1229100,Fm-3m,0.027657457500003257,False,3,True,Ag2 Se1,0
Ag2Se,mp-1247874,P1,2.381996646388892,False,9,True,Ag6 Se3,0
Ag2Se,mp-2022604,Pnma,0.012116397500001597,False,12,True,Ag8 Se4,0
Ag2Se,mp-2047939,P2_12_12_1,0.0,True,12,True,Ag8 Se4,0
Ag2Se,mp-2275442,Pmma,0.12804647583333661,False,6,True,Ag4 Se2,0
Ag2Te,mp-1592,P2_1/c,0.0,True,12,False,Ag8 Te4,3
Ag2Te,mp-32811,Cmce,0.041975696666664675,False,6,True,Ag4 Te2,0
Ag2Te,mp-684798,Pc,0.03606381250000368,False,12,True,Ag8 Te4,0
Ag2Te,mp-685048,P1,0.06293014666666608,False,21,True,Ag14 Te7,0
Ag2Te,mp-1229101,I4/mmm,0.04346793833333251,False,3,True,Ag2 Te1,0
Ag2Te,mp-1247858,P1,2.389718632500003,False,12,True,Ag8 Te4,0
Ag2WO4,mp-504466,Pnnm,0.038722113035714045,False,56,True,Ag16 W8 O32,0
Ag2WO4,mp-637188,Pnn2,0.04146752428571432,False,56,False,Ag16 W8 O32,3
Ag2WO4,mp-1204999,Pnn2,0.48587020999999897,False,56,False,Ag16 W8 O32,1
Ag3AsO4,mp-5408,P-43n,0.001830611875000443,False,16,False,Ag6 As2 O8,3
Ag3AsO4,mp-1229124,R3c,0.0,True,16,True,Ag6 As2 O8,0
AgBr,mp-23231,Fm-3m,0.0,True,2,False,Ag1 Br1,8
AgBr,mp-570301,P2_1/m,0.07204439000000029,False,4,False,Ag2 Br2,3
AgBr,mp-866291,F-43m,0.030505370000000198,False,2,True,Ag1 Br1,0
AgBr,mp-1060967,Pm-3m,0.2521445950000003,False,2,True,Ag1 Br1,0
AgBr,mp-2034510,Pmmn,0.0002707949999987136,False,4,True,Ag2 Br2,0
AgBrO3,mp-1178562,R3m,0.0016533185833340625,False,5,True,Ag1 Br1 O3,0
AgCN,mp-9519,R3m,0.3441932969444448,False,3,False,Ag1 C1 N1,1
AgCl,mp-22922,Fm-3m,0.0,True,2,False,Ag1 Cl1,5
AgCl,mp-570687,P2_1/m,0.011270050000000698,False,4,False,Ag2 Cl2,3
AgCl,mp-570858,Cmcm,0.028544702500001407,False,4,False,Ag2 Cl2,2
AgCl,mp-726265,Pm-3m,0.13673007000000048,False,2,True,Ag1 Cl1,0
AgCl,mp-1536202,Pmmn,0.0003699300000015171,False,4,True,Ag2 Cl2,0
AgClO3,mp-27941,I4/m,0.03828472649999792,False,20,False,Ag4 Cl4 O12,1
AgClO3,mp-775761,P2_13,0.03158415249999713,False,20,True,Ag4 Cl4 O12,0
AgClO3,mp-776199,P2_1/c,0.04860494549999839,False,20,True,Ag4 Cl4 O12,0
AgClO3,mp-1178561,R3m,0.09281757449999795,False,5,True,Ag1 Cl1 O3,0
AgF,mp-7592,Fm-3m,0.0,True,2,False,Ag1 F1,1
AgI,mp-22894,P6_3mc,0.0026138749999979893,False,4,False,Ag2 I2,16
AgI,mp-22915,Pm-3m,0.39273725999999964,False,2,False,Ag1 I1,2
AgI,mp-22919,Fm-3m,0.09501691999999995,False,2,False,Ag1 I1,6
AgI,mp-22925,F-43m,0.00240655500000031,False,2,False,Ag1 I1,11
AgI,mp-567809,P4/nmm,0.006419075000000163,False,4,False,Ag2 I2,1
AgI,mp-568927,P2_1/m,0.10561664999999998,False,4,False,Ag2 I2,2
AgI,mp-580941,P6_3mc,0.0,True,8,False,Ag4 I4,1
AgI,mp-684580,I-4m2,0.003858525000000057,False,2,True,Ag1 I1,0
AgI,mp-1182980,P6mm,0.8236205699999999,False,2,True,Ag1 I1,0
AgNO3,mp-8196,R3m,0.031171343000000462,False,5,False,Ag1 N1 O3,1
AgNO3,mp-552185,R3c,0.0,True,10,False,Ag2 N2 O6,1
AgNO3,mp-638686,Pbca,0.002379382500000027,False,40,False,Ag8 N8 O24,3
AgNO3,mp-669466,P2_12_12_1,0.005029587999999308,False,40,False,Ag8 N8 O24,1
AgP2,mp-8200,P2_1/c,0.0009195113636373264,False,12,False,Ag4 P8,2
Al,mp-134,Fm-3m,0.0,True,1,False,Al1,24
Al,mp-998860,Im-3m,0.10340029000000062,False,1,False,Al1,1
Al,mp-1183144,P6_3/mmc,0.010480727500000064,False,4,True,Al4,0
Al,mp-1239196,I4/mmm,0.30212553249999985,False,4,True,Al4,0
Al,mp-1244953,P1,0.09572362820000002,False,100,True,Al100,0
Al,mp-1245067,P1,0.11430868650000026,False,100,True,Al100,0
Al,mp-1245129,P1,0.09475041080000057,False,100,True,Al100,0
Al,mp-1245152,P1,0.10208155080000036,False,100,True,Al100,0
Al,mp-1245307,P1,0.10754954110000003,False,100,True,Al100,0
Al,mp-2647008,P6_3/mmc,0.03207822500000024,False,2,True,Al2,0
Al(HO)3,mp-27540,P2_1/c,0.02121848642857138,False,56,False,Al8 H24 O24,5
Al(HO)3,mp-37836,P-1,0.03615697928571393,False,14,True,Al2 H6 O6,0
Al(HO)3,mp-554002,P1,0.027042323571428106,False,14,True,Al2 H6 O6,1
Al(HO)3,mp-554883,P-1,0.034175811428571734,False,14,True,Al2 H6 O6,1
Al(HO)3,mp-555462,P-1,0.04202307928571347,False,28,True,Al4 H12 O12,1
Al(HO)3,mp-560196,P2_1/c,0.034089088928571876,False,28,False,Al4 H12 O12,1
Al(HO)3,mp-560572,P2_1/c,0.030599704821429263,False,56,False,Al8 H24 O24,2
Al(HO)3,mp-625316,P-1,0.04326691214285727,False,14,True,Al2 H6 O6,0
Al(HO)3,mp-625320,P-1,0.05342259857142828,False,14,True,Al2 H6 O6,0
Al(HO)3,mp-625739,P2_1/c,0.04463120089285688,False,56,True,Al8 H24 O24,0
Al(HO)3,mp-625762,P1,0.05078655124999987,False,56,True,Al8 H24 O24,0
Al(HO)3,mp-625774,P1,0.042446420000000096,False,56,True,Al8 H24 O24,0
Al(HO)3,mp-625807,P1,0.06119666821428549,False,56,True,Al8 H24 O24,0
Al(HO)3,mp-626073,Pc,0.08064946964285724,False,56,True,Al8 H24 O24,0
Al(HO)3,mp-626074,P2_1,0.0418293955357143,False,56,True,Al8 H24 O24,0
Al(HO)3,mp-626094,P1,0.04675437714285735,False,56,True,Al8 H24 O24,0
Al(HO)3,mp-626103,P1,0.03511205321428523,False,56,True,Al8 H24 O24,0
Al(HO)3,mp-626414,P-1,0.03606394785714251,False,28,True,Al4 H12 O12,0
Al(HO)3,mp-626431,P1,0.03463221999999977,False,28,True,Al4 H12 O12,0
Al(HO)3,mp-626435,P1,0.0252056060714283,False,28,True,Al4 H12 O12,0
Al(HO)3,mp-626467,Pc,0.07299518785714287,False,56,True,Al8 H24 O24,0
Al(HO)3,mp-626470,P2_1/c,0.027601393214285785,False,56,True,Al8 H24 O24,0
Al(HO)3,mp-626481,P1,0.07319917017857147,False,56,True,Al8 H24 O24,0
Al(HO)3,mp-626496,P1,0.027995735178571124,False,56,True,Al8 H24 O24,0
Al(HO)3,mp-626497,Cm,0.04142800500000021,False,14,True,Al2 H6 O6,0
Al(HO)3,mp-626500,P1,0.058000737857142326,False,14,True,Al2 H6 O6,0
Al(HO)3,mp-626502,P1,0.029189281964285385,False,56,True,Al8 H24 O24,0
Al(HO)3,mp-626504,P1,0.04484932785714246,False,14,True,Al2 H6 O6,0
Al(HO)3,mp-626568,P1,0.06467754642857226,False,56,True,Al8 H24 O24,0
Al(HO)3,mp-626587,Pc,0.04486444410714352,False,56,True,Al8 H24 O24,0
Al(HO)3,mp-626605,Pbca,0.04594770089285749,False,56,True,Al8 H24 O24,0
Al(HO)3,mp-626631,P2_1,0.08832024053571441,False,56,True,Al8 H24 O24,0
Al(HO)3,mp-626654,P1,0.07270931428571448,False,56,True,Al8 H24 O24,0
Al(HO)3,mp-673570,P1,2.574850693392857,False,56,True,Al8 H24 O24,0
Al(HO)3,mp-673602,P1,2.5194668923214283,False,56,True,Al8 H24 O24,0
Al(HO)3,mp-777738,P2_1/c,0.04222411785714275,False,28,True,Al4 H12 O12,0
Al(HO)3,mp-985293,P2_12_12_1,0.02899611392857082,False,28,False,Al4 H12 O12,2
Al(HO)3,mp-1182949,P1,0.04546365714285727,False,14,True,Al2 H6 O6,0
Al(HO)3,mp-1193404,Pnma,0.08584925142857092,False,28,True,Al4 H12 O12,1
Al2(SO4)3,mp-4417,R-3,0.0,True,34,False,Al4 S6 O24,3
Al2(SO4)3,mp-2713752,R-3c,0.0063220401960784045,False,102,True,Al12 S18 O72,0
Al2CdO4,mp-36866,Fd-3m,0.02420492000000074,False,14,True,Al4 Cd2 O8,1
Al2FeO4,mp-30084,Fd-3m,0.0,True,14,False,Al4 Fe2 O8,4
Al2FeO4,mp-34782,Cm,0.014606905476188814,False,42,True,Al12 Fe6 O24,0
Al2FeO4,mp-34978,P3m1,0.06644648499999928,False,42,True,Al12 Fe6 O24,0
Al2FeO4,mp-36465,Imma,0.06417079999999853,False,28,True,Al8 Fe4 O16,0
Al2FeO4,mp-530395,R3m,0.48200373553571385,False,56,True,Al16 Fe8 O32,0
Al2FeO4,mp-530513,R3m,0.16192110357142742,False,56,True,Al16 Fe8 O32,0
Al2FeO4,mp-530567,P3m1,0.033443453333331874,False,84,True,Al24 Fe12 O48,0
Al2FeO4,mp-531674,C2/m,0.022356451734692584,False,98,True,Al28 Fe14 O56,0
Al2NiO4,mp-34234,Cm,0.005724290000000742,False,42,True,Al12 Ni6 O24,0
Al2NiO4,mp-37614,Imma,0.0,True,28,True,Al8 Ni4 O16,0
Al2NiO4,mp-530137,Cm,0.008883946428573708,False,84,True,Al24 Ni12 O48,0
Al2NiO4,mp-530184,Cm,0.012476465714286178,False,56,True,Al16 Ni8 O32,0
Al2NiO4,mp-530459,Cm,0.010266698857143375,False,70,True,Al20 Ni10 O40,0
Al2NiO4,mp-531917,Cm,0.004593891964287167,False,56,True,Al16 Ni8 O32,0
Al2NiO4,mp-532317,Cm,0.003851446857143337,False,70,True,Al20 Ni10 O40,0
Al2NiO4,mp-532510,P1,0.16590721887755322,False,98,True,Al28 Ni14 O56,0
Al2NiO4,mp-688785,Fd-3m,0.02363576857142924,False,28,False,Al8 Ni4 O16,1
Al2NiO4,mp-1048803,Imma,0.022199475714286265,False,28,True,Al8 Ni4 O16,0
Al2NiO4,mp-1280463,Cc,0.023864970714286393,False,14,True,Al4 Ni2 O8,0
Al2NiO4,mp-1285355,I4_1md,0.02306367928571529,False,14,True,Al4 Ni2 O8,0
Al2NiO4,mp-1295388,R-3m,0.04979323571428651,False,28,True,Al8 Ni4 O16,0
Al2O3,mp-1143,R-3c,0.0,True,10,False,Al4 O6,75
Al2O3,mp-1938,Pbcn,0.09335591350000083,False,20,False,Al8 O12,4
Al2O3,mp-2254,Pna2_1,0.020825458749999193,False,40,False,Al16 O24,4
Al2O3,mp-7048,C2/m,0.017159517999999707,False,10,False,Al4 O6,1
Al2O3,mp-32570,C2/c,0.03952404149999911,False,40,True,Al16 O24,0
Al2O3,mp-32591,Cm,0.05709709887500036,False,80,True,Al32 O48,0
Al2O3,mp-638765,P-1,0.799964568,False,10,True,Al4 O6,0
Al2O3,mp-642363,Cmcm,0.28044962600000023,False,10,True,Al4 O6,1
Al2O3,mp-684591,P1,0.12538621274999961,False,40,True,Al16 O24,0
Al2O3,mp-684677,P1,0.16115949149999942,False,40,True,Al16 O24,0
Al2O3,mp-684713,P1,0.20294279199999998,False,40,True,Al16 O24,0
Al2O3,mp-684990,P1,0.1948427033333333,False,30,True,Al12 O18,0
Al2O3,mp-685036,P1,0.11079129474999938,False,40,True,Al16 O24,0
Al2O3,mp-723985,P1,2.56099865,False,40,True,Al16 O24,0
Al2O3,mp-752826,P1,0.0937564655999994,False,25,True,Al10 O15,0
Al2O3,mp-754401,Cmc2_1,0.09512385699999992,False,10,True,Al4 O6,0
Al2O3,mp-754531,P2_1/c,0.10727426049999877,False,20,True,Al8 O12,0
Al2O3,mp-754624,R-3,0.07472612599999895,False,10,True,Al4 O6,0
Al2O3,mp-754812,C2/m,0.08488599199999936,False,10,True,Al4 O6,0
Al2O3,mp-755066,P2_1/c,0.08892886000000022,False,20,True,Al8 O12,0
Al2O3,mp-755175,P-31c,0.08190022899999949,False,20,True,Al8 O12,0
Al2O3,mp-755483,R3m,0.1030784839999992,False,5,True,Al2 O3,0
Al2O3,mp-759943,P2/c,0.03513531687500038,False,80,True,Al32 O48,0
Al2O3,mp-776475,Ia-3,0.03503444474999906,False,40,True,Al16 O24,0
Al2O3,mp-776490,Pbca,0.046347576749999675,False,40,True,Al16 O24,0
Al2O3,mp-782035,P2_1/m,0.09007793266666653,False,30,True,Al12 O18,0
Al2O3,mp-985587,P321,0.2100582323333331,False,15,True,Al6 O9,0
Al2O3,mp-1105018,Pn-3m,0.8706733770000001,False,10,True,Al4 O6,0
Al2O3,mp-1182923,C2/c,0.09592067700000051,False,10,True,Al4 O6,0
Al2O3,mp-1228448,P-3m1,0.24282121300000004,False,5,True,Al2 O3,0
Al2O3,mp-1244868,P1,0.21564291940000047,False,100,True,Al40 O60,0
Al2O3,mp-1244874,P1,0.2394637580000003,False,100,True,Al40 O60,0
Al2O3,mp-1244878,P1,0.2049371687999999,False,100,True,Al40 O60,0
Al2O3,mp-1244887,P1,0.21837015369999957,False,100,True,Al40 O60,0
Al2O3,mp-1244892,P1,0.24651145029999988,False,100,True,Al40 O60,0
Al2O3,mp-1244898,P1,0.22970879799999988,False,100,True,Al40 O60,0
Al2O3,mp-1244909,P1,0.17146212080000023,False,100,True,Al40 O60,0
Al2O3,mp-1244918,P1,0.28636899430000007,False,100,True,Al40 O60,0
Al2O3,mp-1244928,P1,0.2336470476999999,False,100,True,Al40 O60,0
Al2O3,mp-1244930,P1,0.18209717720000018,False,100,True,Al40 O60,0
Al2O3,mp-1244937,P1,0.2140213626999996,False,100,True,Al40 O60,0
Al2O3,mp-1244940,P1,0.18916476309999997,False,100,True,Al40 O60,0
Al2O3,mp-1244947,P1,0.16854959930000035,False,100,True,Al40 O60,0
Al2O3,mp-1244954,P1,0.19417346759999976,False,100,True,Al40 O60,0
Al2O3,mp-1244967,P1,0.1716094216999995,False,100,True,Al40 O60,0
Al2O3,mp-1244970,P1,0.24070157410000004,False,100,True,Al40 O60,0
Al2O3,mp-1244981,P1,0.43441118820000035,False,100,True,Al40 O60,0
Al2O3,mp-1244982,P1,0.1939152455000004,False,100,True,Al40 O60,0
Al2O3,mp-1244992,P1,0.2065690643,False,100,True,Al40 O60,0
Al2O3,mp-1244994,P1,0.2388381466000009,False,100,True,Al40 O60,0
Al2O3,mp-1244997,P1,0.2708675202000004,False,100,True,Al40 O60,0
Al2O3,mp-1245008,P1,0.21986408410000013,False,100,True,Al40 O60,0
Al2O3,mp-1245023,P1,0.22863279239999912,False,100,True,Al40 O60,0
Al2O3,mp-1245024,P1,0.2126937991999993,False,100,True,Al40 O60,0
Al2O3,mp-1245036,P1,0.2311200338999999,False,100,True,Al40 O60,0
Al2O3,mp-1245037,P1,0.19181514759999985,False,100,True,Al40 O60,0
Al2O3,mp-1245043,P1,0.22182189019999932,False,100,True,Al40 O60,0
Al2O3,mp-1245052,P1,0.19178110740000065,False,100,True,Al40 O60,0
Al2O3,mp-1245055,P1,0.2169249628999994,False,100,True,Al40 O60,0
Al2O3,mp-1245056,P1,0.16667674620000028,False,100,True,Al40 O60,0
Al2O3,mp-1245063,P1,0.20395416229999963,False,100,True,Al40 O60,0
Al2O3,mp-1245065,P1,0.21740868839999994,False,100,True,Al40 O60,0
Al2O3,mp-1245080,P1,0.1769954950999999,False,100,True,Al40 O60,0
Al2O3,mp-1245081,P1,0.20112326719999984,False,100,True,Al40 O60,0
Al2O3,mp-1245104,P1,0.26587236800000014,False,100,True,Al40 O60,0
Al2O3,mp-1245111,P1,0.1606971949,False,100,True,Al40 O60,0
Al2O3,mp-1245173,P1,0.15395064630000022,False,100,True,Al40 O60,0
Al2O3,mp-1245183,P1,0.20018401470000047,False,100,True,Al40 O60,0
Al2O3,mp-1245191,P1,0.17778957360000014,False,100,True,Al40 O60,0
Al2O3,mp-1245196,P1,0.23202333489999916,False,100,True,Al40 O60,0
Al2O3,mp-1245211,C2/m,0.04906034024999961,False,40,True,Al16 O24,0
Al2O3,mp-1245234,P1,0.20916732930000048,False,100,True,Al40 O60,0
Al2O3,mp-1245237,P1,0.21845979910000057,False,100,True,Al40 O60,0
Al2O3,mp-1245251,P1,0.20873656100000026,False,100,True,Al40 O60,0
Al2O3,mp-1245254,P1,0.2384139074,False,100,True,Al40 O60,0
Al2O3,mp-1245262,P1,0.16019983910000057,False,100,True,Al40 O60,0
Al2O3,mp-1245265,P1,0.2313636468000002,False,100,True,Al40 O60,0
Al2O3,mp-1245279,P1,0.19357153910000058,False,100,True,Al40 O60,0
Al2O3,mp-1245323,P1,0.41685608500000004,False,100,True,Al40 O60,0
Al2O3,mp-1247839,P1,0.5413351937499993,False,80,True,Al32 O48,0
Al2O3,mp-1247845,Cm,1.0938093901999997,False,25,True,Al10 O15,0
Al2O3,mp-1247846,P1,0.21446807200000073,False,40,True,Al16 O24,0
Al2O3,mp-1247880,P1,0.09973405500000077,False,45,True,Al18 O27,0
Al2O3,mp-1247896,P1,0.19470152924999962,False,40,True,Al16 O24,0
Al2O3,mp-1247899,Pnnm,0.09592554299999989,False,10,True,Al4 O6,0
Al2O3,mp-1247914,Pm,0.09287780000000012,False,30,True,Al12 O18,0
Al2O3,mp-1359927,P1,0.9392685115000008,False,40,True,Al16 O24,0
Al2O3,mp-2352722,P-6m2,0.19724800633333306,False,15,True,Al6 O9,0
Al2O3,mp-2637304,P2/m,0.7831800509999995,False,10,True,Al4 O6,0
Al2S3,mp-2654,P6_1,0.0007735216666677758,False,30,True,Al12 S18,0
Al2S3,mp-643430,P1,0.5459186293333342,False,30,False,Al12 S18,2
Al2S3,mp-684638,I4_1/amd,0.002949731999999372,False,40,False,Al16 S24,1
Al2S3,mp-684676,P3m1,0.1368210783333339,False,120,True,Al48 S72,0
Al2S3,mp-699208,P1,0.4947454836666676,False,30,False,Al12 S18,2
Al2S3,mp-988253,P1,2.0975561810000007,False,30,True,Al12 S18,0
Al2S3,mp-1079029,R-3c,0.04132971800000007,False,10,False,Al4 S6,1
Al2S3,mp-1228491,Cc,0.0,True,10,True,Al4 S6,0
Al2S3,mp-1376661,P1,0.9306767296666667,False,30,True,Al12 S18,0
Al2Se3,mp-11674,Cc,0.0,True,10,False,Al4 Se6,1
Al2Se3,mp-685120,I4_1/amd,0.02796865075000099,False,40,True,Al16 Se24,0
Al2Se3,mp-1247838,P1,1.8126235190000006,False,10,True,Al4 Se6,0
Al2Se3,mp-1247927,R3,0.08022124600000069,False,10,True,Al4 Se6,0
Al2Si2H4O9,mp-541152,P1,0.01869546357843266,False,34,False,Al4 Si4 H8 O18,18
Al2Si2H4O9,mp-698132,Cc,0.021066080343138616,False,34,False,Al4 Si4 H8 O18,2
Al2Si2H4O9,mp-720262,Cc,0.6688870700490206,False,34,False,Al4 Si4 H8 O18,2
Al2Si2H4O9,mp-721216,Cc,0.018035774754903144,False,34,False,Al4 Si4 H8 O18,4
Al2Si2H4O9,mp-1105589,Cm,0.035708402990197285,False,17,True,Al2 Si2 H4 O9,1
Al2Si2H4O9,mp-1183008,Cc,0.3813190762254912,False,34,True,Al4 Si4 H8 O18,0
Al2Si2H4O9,mp-1183270,Cm,0.02251987299019742,False,17,True,Al2 Si2 H4 O9,0
Al2Si2H4O9,mp-1198588,Cc,0.020247625931373747,False,34,False,Al4 Si4 H8 O18,2
Al2SiO5,mp-4753,Pnnm,0.002039848749999962,False,32,False,Al8 Si4 O20,27
Al2SiO5,mp-4934,Pnma,0.004670723749999439,False,32,False,Al8 Si4 O20,24
Al2SiO5,mp-5065,P-1,0.0,True,32,False,Al8 Si4 O20,22
Al2SiO5,mp-9515,C2/c,0.10188845656249956,False,16,True,Al4 Si2 O10,1
Al2SiO5,mp-9516,Cmcm,0.11082019968749979,False,16,True,Al4 Si2 O10,1
Al2SiO5,mp-640357,P-1,0.2567865274999992,False,32,False,Al8 Si4 O20,1
Al2SiO5,mp-1183015,P-1,0.8496082199999995,False,32,True,Al8 Si4 O20,0
Al2SiO5,mp-1247890,Pm,0.05444747859374921,False,64,True,Al16 Si8 O40,0
Al2Te3,mp-29502,P2_1/c,0.0,True,40,False,Al16 Te24,1
Al2Te3,mp-1228524,Cc,0.014948752749997851,False,10,True,Al4 Te6,0
Al2Te3,mp-1247924,R3,0.07966354924999663,False,10,True,Al4 Te6,0
Al3Ni,mp-622209,Pnma,0.0,True,16,False,Al12 Ni4,2
Al3Ni2,mp-1057,P-3m1,0.0,True,5,False,Al3 Ni2,6
Al4B2O9,mp-1229135,C2/m,0.0,True,60,True,Al16 B8 O36,0
Al4B2O9,mp-1247834,P2/m,0.2813539529999991,False,15,True,Al4 B2 O9,0
Al4B2O9,mp-1247923,P-1,0.2621773601666657,False,60,True,Al16 B8 O36,0
Al4C3,mp-1591,R-3m,0.0,True,7,False,Al4 C3,6
Al4C3,mp-632442,P1,0.4070028214285726,False,7,True,Al4 C3,0
Al4C3,mp-743752,P1,0.5853220485714292,False,7,True,Al4 C3,0
Al5Co2,mp-196,P6_3/mmc,0.0,True,28,False,Al20 Co8,3
AlAs,mp-2172,F-43m,0.0,True,2,False,Al1 As1,9
AlAs,mp-8881,P6_3mc,0.007405090000000669,False,4,True,Al2 As2,2
AlAs,mp-11209,P6_3/mmc,0.24829750500000003,False,4,False,Al2 As2,1
AlAs,mp-988939,P4/mmm,0.6252707449999999,False,2,True,Al1 As1,0
AlAs,mp-988940,Fm-3m,0.2764138850000002,False,2,True,Al1 As1,0
AlAs,mp-988945,Pa-3,0.1497973425000012,False,16,True,Al8 As8,0
AlAsO4,mp-5189,P3_121,0.0,True,18,False,Al3 As3 O12,12
AlAsO4,mp-7849,I-4,0.013083061666666396,False,6,False,Al1 As1 O4,1
AlB2,mp-944,P6/mmm,0.01683494079999992,False,3,False,Al1 B2,7
AlBr3,mp-23288,P2_1/c,0.0,True,16,False,Al4 Br12,5
AlCl3,mp-25469,C2/m,0.0,True,8,False,Al2 Cl6,1
AlCl3,mp-25470,P-3m1,0.9092778137500002,False,4,False,Al1 Cl3,1
AlClO,mp-27863,Pmmn,0.19681086333333297,False,6,False,Al2 Cl2 O2,1
AlCo,mp-284,Pm-3m,0.0,True,2,False,Al1 Co1,6
AlF3,mp-468,R-3c,0.0,True,8,False,Al2 F6,7
AlF3,mp-1323,P4/nmm,0.013772237656250574,False,64,False,Al16 F48,2
AlF3,mp-8039,Pm-3m,0.009358996249999585,False,4,False,Al1 F3,5
AlF3,mp-555026,P4/mbm,0.015193115750000707,False,40,False,Al10 F30,1
AlF3,mp-559871,Cmcm,0.010633537083332811,False,24,False,Al6 F18,1
AlF3,mp-635425,P1,0.2717491325000001,False,8,True,Al2 F6,0
AlF3,mp-1103295,P321,0.002904201249999794,False,12,False,Al3 F9,1
AlF3,mp-1182902,P-1,0.041549064999999885,False,8,True,Al2 F6,0
AlF3,mp-1183007,C2/c,0.009294764999999927,False,8,True,Al2 F6,0
AlF3,mp-1244960,P1,0.1830923368500006,False,100,True,Al25 F75,0
AlF3,mp-1245145,P1,0.17258414385000087,False,100,True,Al25 F75,0
AlF3,mp-1245158,P1,0.19570838905,False,100,True,Al25 F75,0
AlF3,mp-1251148,P2/m,0.03615084750000008,False,8,True,Al2 F6,0
AlF3,mp-1252764,Cmmm,0.05417488999999964,False,8,True,Al2 F6,0
AlH12(ClO2)3,mp-23743,R-3c,0.012432333863637623,False,44,False,Al2 H24 Cl6 O12,1
AlH3,mp-23933,R-3c,0.0,True,8,False,Al2 H6,10
AlH3,mp-570130,Pnnm,0.014584145416667305,False,24,False,Al6 H18,3
AlH3,mp-1106356,Fd-3m,0.010014458750000621,False,16,False,Al4 H12,2
AlH3,mp-1183246,Cmcm,0.004248899583333632,False,24,False,Al6 H18,2
AlHO2,mp-23807,Pmn2_1,0.04169281687499993,False,8,False,Al2 H2 O4,6
AlHO2,mp-625054,Cmc2_1,0.007370145624999935,False,8,True,Al2 H2 O4,0
AlHO2,mp-625055,P2_1/m,0.05573141937500026,False,8,True,Al2 H2 O4,0
AlHO2,mp-625075,P1,0.17496463437499976,False,8,True,Al2 H2 O4,0
AlHO2,mp-625152,Pnma,0.0,True,16,False,Al4 H4 O8,12
AlHO2,mp-625404,Pnma,0.010699304375000551,False,16,True,Al4 H4 O8,0
AlHO2,mp-625420,Pnma,0.03399707937500018,False,16,True,Al4 H4 O8,0
AlHO2,mp-674463,Pmc2_1,0.23041776562499994,False,8,True,Al2 H2 O4,0
AlHO2,mp-1078520,Pnnm,0.05140308687500017,False,8,True,Al2 H2 O4,10
AlHO2,mp-1247827,P2_1,3.035440009375,False,8,True,Al2 H2 O4,0
AlI3,mp-30930,P2_1/c,0.0,True,16,False,Al4 I12,1
AlN,mp-661,P6_3mc,0.0,True,4,False,Al2 N2,24
AlN,mp-1330,Fm-3m,0.17200263750000033,False,2,False,Al1 N1,6
AlN,mp-1700,F-43m,0.020749162499999585,False,2,True,Al1 N1,8
AlN,mp-13178,P6_3/mmc,0.11529023000000116,False,4,True,Al2 N2,1
AlNi,mp-1487,Pm-3m,0.0,True,2,False,Al1 Ni1,9
AlNi,mp-1228854,C2/m,0.24665903,False,2,True,Al1 Ni1,0
AlNi,mp-1228868,P4/mmm,0.02678004500000064,False,2,True,Al1 Ni1,0
AlNi3,mp-2593,Pm-3m,0.0,True,4,False,Al1 Ni3,15
AlNi3,mp-672232,Fm-3m,0.07205002999999977,False,4,True,Al1 Ni3,1
AlNi3,mp-1183232,P6_3/mmc,0.02122097874999973,False,8,True,Al2 Ni6,0
AlP,mp-1550,F-43m,0.0,True,2,False,Al1 P1,6
AlP,mp-8880,P6_3mc,0.004434354999999002,False,4,True,Al2 P2,2
AlP,mp-997569,P4/mbm,0.6682556100000001,False,8,True,Al4 P4,0
AlPO4,mp-3955,P3_221,5.2721111111431185e-05,False,18,False,Al3 P3 O12,9
AlPO4,mp-4051,C222_1,0.007731930555554989,False,12,False,Al2 P2 O8,9
AlPO4,mp-5331,P3_121,0.0,True,18,False,Al3 P3 O12,31
AlPO4,mp-5440,Pbca,0.018695664583332494,False,144,False,Al24 P24 O96,2
AlPO4,mp-5724,P2_1,0.007523735555555078,False,12,False,Al2 P2 O8,4
AlPO4,mp-5859,P6cc,0.01768646236110971,False,72,False,Al12 P12 O48,5
AlPO4,mp-7848,I-4,0.00673344055555436,False,6,False,Al1 P1 O4,1
AlPO4,mp-13024,Cmcm,0.11325250888888849,False,12,False,Al2 P2 O8,1
AlPO4,mp-37990,F-43m,0.02283958955555665,False,30,True,Al5 P5 O20,0
AlPO4,mp-541338,C2/c,0.018656363888887917,False,72,False,Al12 P12 O48,1
AlPO4,mp-545974,P6_3mc,0.018504669722221756,False,12,False,Al2 P2 O8,1
AlPO4,mp-551798,I-4m2,2.824539753888888,False,6,False,Al1 P1 O4,1
AlPO4,mp-554185,C2/c,0.020975158263888183,False,96,False,Al16 P16 O64,1
AlPO4,mp-554273,Pca2_1,0.019363847430555303,False,96,False,Al16 P16 O64,1
AlPO4,mp-555941,R-3,0.021007143888888358,False,36,True,Al6 P6 O24,1
AlPO4,mp-557362,Pnn2,0.016693658749999507,False,144,False,Al24 P24 O96,1
AlPO4,mp-557604,R-3,0.014220377777778737,False,36,False,Al6 P6 O24,1
AlPO4,mp-557757,C2/m,0.02224358444444441,False,72,True,Al12 P12 O48,0
AlPO4,mp-557842,Ima2,0.018061315388888666,False,60,False,Al10 P10 O40,1
AlPO4,mp-557915,C2,0.013793902499999788,False,36,False,Al6 P6 O24,1
AlPO4,mp-558056,P2_1,0.017397145888887522,False,60,False,Al10 P10 O40,1
AlPO4,mp-558088,Cm,0.03214851175925748,False,108,False,Al18 P18 O72,1
AlPO4,mp-559145,P-31c,0.019600886874998835,False,144,False,Al24 P24 O96,1
AlPO4,mp-560151,P6_422,0.011011512777778343,False,18,False,Al3 P3 O12,1
AlPO4,mp-560815,P6_3cm,0.03645945601851697,False,108,False,Al18 P18 O72,2
AlPO4,mp-561027,Pbca,0.018704669722222178,False,96,False,Al16 P16 O64,1
AlPO4,mp-562607,P6_422,2.6967127316666657,False,18,False,Al3 P3 O12,5
AlPO4,mp-603719,Cmmm,0.3674951705555545,False,6,True,Al1 P1 O4,0
AlPO4,mp-667310,Cmc2_1,0.028848909722221094,False,108,False,Al18 P18 O72,1
AlPO4,mp-667363,Pcc2,0.020935572083331522,False,144,False,Al24 P24 O96,1
AlPO4,mp-675254,Aem2,0.018273603333334165,False,36,True,Al6 P6 O24,0
AlPO4,mp-675771,Ama2,0.3360773838888873,False,72,True,Al12 P12 O48,0
AlPO4,mp-680424,P-1,0.7837639097222215,False,48,True,Al8 P8 O32,0
AlPO4,mp-683883,Pbca,0.02448885237847165,False,192,False,Al32 P32 O128,1
AlPO4,mp-685291,P1,0.2862256856944443,False,72,True,Al12 P12 O48,0
AlPO4,mp-686615,P1,0.45035197472222066,False,108,True,Al18 P18 O72,0
AlPO4,mp-707977,P-1,0.01855604888888962,False,36,False,Al6 P6 O24,1
AlPO4,mp-1019510,Iba2,0.017208437118054754,False,96,False,Al16 P16 O64,3
AlPO4,mp-1019511,P-1,0.03175782763888879,False,48,True,Al8 P8 O32,0
AlPO4,mp-1019512,P2_1/c,0.09175777513888761,False,72,False,Al12 P12 O48,1
AlPO4,mp-1019513,P2/c,0.0022472027777782344,False,36,False,Al6 P6 O24,1
AlPO4,mp-1019514,P-1,0.09003049083333181,False,36,False,Al6 P6 O24,1
AlPO4,mp-1183022,P-1,1.1360665293055554,False,48,True,Al8 P8 O32,0
AlPO4,mp-1199762,Cm,0.037159189074072785,False,216,False,Al36 P36 O144,1
AlPO4,mp-1205474,P2/m,1.0202120774999992,False,72,False,Al12 P12 O48,1
AlSb,mp-2624,F-43m,0.0,True,2,False,Al1 Sb1,10
AlSb,mp-15621,Pa-3,0.11700199812500145,False,16,True,Al8 Sb8,1
AlSb,mp-1018100,P6_3mc,0.008885222500001788,False,4,True,Al2 Sb2,1
AlSb,mp-1023918,Cmcm,0.18779470750000016,False,4,True,Al2 Sb2,0
AlSb,mp-1228806,I-4m2,0.23858146999999974,False,2,True,Al1 Sb1,0
As,mp-10,Pm-3m,0.11239720500000061,False,2,True,As2,7
As,mp-11,R-3m,0.011004127499999683,False,2,False,As2,9
As,mp-158,Cmce,0.0,True,4,False,As4,3
As,mp-1096826,Fm-3m,0.5585944250000008,False,1,True,As1,0
As,mp-1182332,P4/mmm,1.0904498000000018,False,2,True,As2,0
As,mp-1238842,I4/mmm,0.41189114833333385,False,3,True,As3,0
As2O3,mp-1581,P2_1/c,0.0016657115000002776,False,20,False,As8 O12,8
As2O3,mp-1582,P2_1/c,0.0,True,20,False,As8 O12,4
As2O3,mp-2184,Fd-3m,0.002575231999999872,False,20,False,As8 O12,32
As2O3,mp-1105118,P2_1,0.02162688100000043,False,20,False,As8 O12,1
As2O3,mp-1105631,P2_1/c,1.1504627155000007,False,20,False,As8 O12,1
As2O3,mp-1106211,Pccn,0.07453067800000124,False,20,True,As8 O12,0
As2O3,mp-1189365,P4_2/n,0.029967056999999464,False,20,True,As8 O12,1
As2O3,mp-1194715,P2_1/c,0.002161212749999031,False,40,False,As16 O24,7
As2O3,mp-1195383,P2_1/c,0.007794883833333266,False,120,False,As48 O72,4
As2O3,mp-2766031,P2_1,0.006145152499999362,False,20,True,As8 O12,0
As2O5,mp-1788,P2_12_12_1,0.0,True,28,False,As8 O20,2
As2O5,mp-555434,P4_12_12,9.635821428499725e-05,False,28,False,As8 O20,1
As2O5,mp-1413546,P4_32_12,0.00010126000000010293,False,28,True,As8 O20,0
As2Pb3O8,mp-505368,P2_1/c,0.0,True,26,False,As4 Pb6 O16,1
As2S3,mp-641,P2_1/c,6.126899999969737e-05,False,20,False,As8 S12,3
As2S3,mp-1189572,P-1,0.0,True,20,False,As8 S12,1
As2Se3,mp-909,P2_1/c,0.0,True,20,False,As8 Se12,4
As2Se3,mp-1078443,C2/m,0.02732987150000099,False,10,False,As4 Se6,2
AsCl3,mp-23280,P2_12_12_1,0.0,True,16,False,As4 Cl12,2
AsF3,mp-28027,Pna2_1,0.0,True,16,False,As4 F12,1
AsI3,mp-23218,R-3,0.0,True,8,False,As2 I6,6
AsS,mp-542604,P2_1/c,0.024730568124999408,False,32,False,As16 S16,1
AsS,mp-542810,P2_1/c,0.0,True,32,False,As16 S16,42
AsS,mp-542846,C2/c,0.0031980975000003298,False,16,False,As8 S8,16
AsS,mp-556328,P2_1/c,0.02471794281249906,False,32,False,As16 S16,1
AsS,mp-684081,P1,0.28279287593749913,False,48,True,As24 S24,0
AsS,mp-705472,P1,0.17934900489583327,False,48,True,As24 S24,0
AsS,mp-1103186,Cmc2_1,0.3380060590624989,False,12,False,As6 S6,1
AsS,mp-1182330,Cmc2_1,0.27317354656250004,False,12,True,As6 S6,0
AsS,mp-1229002,Pca2_1,0.05629194421874928,False,64,True,As32 S32,0
Au,mp-81,Fm-3m,0.0,True,1,False,Au1,15
Au,mp-1008634,P6_3/mmc,0.0021085050000024808,False,2,True,Au2,1
Au,mp-1238808,C2/m,0.11838149999999814,False,2,True,Au2,0
Au,mp-2647062,Im-3m,0.02188470000000109,False,1,True,Au1,0
Au2O3,mp-27253,Fdd2,0.0,True,10,False,Au4 O6,1
Au2O3,mp-658803,P1,0.026197807999998268,False,10,True,Au4 O6,0
AuBr,mp-505366,P4_2/ncm,0.0,True,8,False,Au4 Br4,1
AuBr,mp-570140,I4_1/amd,0.017815373749996866,False,8,False,Au4 Br4,1
AuCl,mp-32780,I4_1/amd,0.0,True,8,False,Au4 Cl4,2
AuCl,mp-1120780,P4_2/ncm,0.010198831250001206,False,8,True,Au4 Cl4,0
AuCl,mp-1183171,P6_3mc,0.3556190075000001,False,4,True,Au2 Cl2,0
AuCl,mp-1228677,Cm,0.25613263249999996,False,2,True,Au1 Cl1,0
AuCl3,mp-27647,P2_1/c,0.0,True,16,False,Au4 Cl12,2
AuF3,mp-942,P6_122,0.0,True,24,True,Au6 F18,0
AuI,mp-27725,P4_2/ncm,0.0,True,8,False,Au4 I4,1
AuSe,mp-2793,C2/m,0.0,True,4,False,Au2 Se2,2
AuSe,mp-10678,P6_3/mmc,0.2523789950000008,False,4,False,Au2 Se2,1
AuSe,mp-570325,C2/m,0.0038122337499970627,False,8,False,Au4 Se4,1
B,mp-160,R-3m,0.0,True,12,False,B12,8
B,mp-161,R-3m,0.01974746626190438,False,105,False,B105,2
B,mp-22046,P4_2/nnm,0.095135117099999,False,50,False,B50,5
B,mp-541848,R-3m,0.7090749072222229,False,108,False,B108,1
B,mp-570316,P4_2/nnm,0.1552666991666669,False,48,False,B48,1
B,mp-570602,P4_2/nnm,0.22346854563333363,False,50,False,B50,1
B,mp-632401,P1,0.291535708333333,False,12,True,B12,0
B,mp-729184,P2/c,1.4986150785833336,False,40,False,B40,1
B,mp-1055985,P6/mmm,0.7073052808333342,False,1,False,B1,1
B,mp-1104251,R-3m,0.2146670335000005,False,15,False,B15,1
B,mp-1182425,C2/m,0.4823335816666665,False,12,True,B12,0
B,mp-1193675,Pnnm,0.029066011071428477,False,28,False,B28,3
B,mp-1196985,Pm-3,0.2145752712500002,False,48,True,B48,0
B,mp-1202723,Fm-3m,0.3214307700000001,False,48,True,B48,0
B,mp-1228790,R-3m,0.19068457950000095,False,105,True,B105,0
B(HO)3,mp-23791,P-1,0.0,True,28,False,B4 H12 O12,5
B(HO)3,mp-759069,P3_2,0.0025561504761801856,False,42,False,B6 H18 O18,1
B2O3,mp-306,P3_121,0.0,True,15,False,B6 O9,6
B2O3,mp-717,Cmc2_1,0.005631319333332385,False,10,False,B4 O6,1
B2O3,mp-1245025,P1,0.06316981453333348,False,100,True,B40 O60,0
B2O3,mp-1245057,P1,0.1468054645333332,False,100,True,B40 O60,0
B2O3,mp-1245185,P1,0.1084417556333328,False,100,True,B40 O60,0
B2O3,mp-1245212,P1,0.12209442513333357,False,100,True,B40 O60,0
B2O3,mp-1245270,P1,0.1285705908333341,False,100,True,B40 O60,0
B2S3,mp-572670,P2_1/c,0.006751941810000162,False,40,False,B16 S24,1
B2S3,mp-866066,R-3c,0.10478568456000037,False,10,True,B4 S6,0
B2S3,mp-1199451,I4_1/a,0.0,True,250,False,B100 S150,1
B4C,mp-8035,R-3m,1.0526221240000009,False,15,True,B12 C3,0
B4C,mp-530074,P1,0.09733170523809509,False,70,True,B56 C14,0
B4C,mp-571655,R-3m,0.9018273573333344,False,15,True,B12 C3,0
B4C,mp-696746,R-3m,0.08118889400000029,False,15,False,B12 C3,3
B4C,mp-936302,P1,1.3735039135238098,False,70,True,B56 C14,0
B4C,mp-1238815,Cm,0.0,True,15,True,B12 C3,0
B4PbO7,mp-9747,Pmn2_1,0.0,True,24,False,B8 Pb2 O14,3
BBr3,mp-23225,P6_3/m,0.0,True,8,False,B2 Br6,2
BHO2,mp-696403,Pnma,0.002716551458333605,False,48,False,B12 H12 O24,2
BHO2,mp-721851,P-43n,0.005633284895834478,False,96,False,B24 H24 O48,2
BHO2,mp-1198592,P2_1/c,0.0,True,48,False,B12 H12 O24,3
BN,mp-344,Cc,0.21943424,False,8,True,B4 N4,3
BN,mp-984,P6_3/mmc,0.005704095000000464,False,4,False,B2 N2,11
BN,mp-1599,Cm,0.13794956375000034,False,8,True,B4 N4,3
BN,mp-1639,F-43m,0.07735396750000056,False,2,False,B1 N1,20
BN,mp-2653,P6_3mc,0.09470411999999939,False,4,False,B2 N2,7
BN,mp-7991,P6_3/mmc,0.007704892500001392,False,4,False,B2 N2,4
BN,mp-13150,R3m,5.280250000083697e-05,False,2,True,B1 N1,0
BN,mp-13151,P4_2/mnm,0.17917564625000004,False,8,True,B4 N4,1
BN,mp-569655,P2_1/c,0.32116762250000086,False,8,True,B4 N4,1
BN,mp-601223,P6_3/mmc,2.5620031374999996,False,4,True,B2 N2,0
BN,mp-604884,P-6m2,0.0,True,4,True,B2 N2,2
BN,mp-629015,P6_3/mmc,0.0017454250000010774,False,4,True,B2 N2,1
BN,mp-644751,Pnma,0.27224117499999956,False,8,True,B4 N4,1
BN,mp-685145,Fmm2,0.001287422500000801,False,2,False,B1 N1,1
BN,mp-714851,P1,0.0981821674999992,False,2,True,B1 N1,0
BN,mp-1060281,I4/mmm,0.8055756825000007,False,2,True,B1 N1,0
BN,mp-1077506,Imm2,0.3017222491666658,False,6,True,B3 N3,1
BN,mp-1244872,P1,0.6415410798999996,False,100,True,B50 N50,0
BN,mp-1244917,P1,0.9161921377999995,False,100,True,B50 N50,0
BN,mp-1244943,P1,0.656729168,False,100,True,B50 N50,0
BN,mp-1244991,P1,0.7428832718000002,False,100,True,B50 N50,0
BN,mp-1245193,P1,0.8163165053999997,False,100,True,B50 N50,0
BN,mp-1245228,P1,0.6661779873999993,False,100,True,B50 N50,0
BN,mp-1245231,P1,0.6591998298999986,False,100,True,B50 N50,0
BN,mp-1245281,P1,0.8353099933999992,False,100,True,B50 N50,0
BN,mp-1245297,P1,0.8254487987000001,False,100,True,B50 N50,0
BN,mp-1245301,P1,0.6213518854999993,False,100,True,B50 N50,0
BP,mp-1479,F-43m,0.0,True,2,False,B1 P1,6
BP,mp-1008559,P6_3mc,0.014076364999999313,False,4,False,B2 P2,1
Ba,mp-56,P6_3/mmc,0.015972545000000116,False,2,False,Ba2,2
Ba,mp-122,Im-3m,0.0,True,2,False,Ba2,9
Ba,mp-10679,Fm-3m,0.012998920000000025,False,1,False,Ba1,1
Ba,mp-570384,I4/mcm,0.1302275475000001,False,4,False,Ba4,2
Ba,mp-605790,P6/mmm,0.17547373,False,1,True,Ba1,0
Ba,mp-639747,Pm-3m,0.29606873999999994,False,2,True,Ba2,0
Ba,mp-1008283,P6/mmm,0.7278316549999999,False,2,False,Ba2,1
Ba,mp-1058581,Cmcm,0.01866000500000009,False,2,False,Ba2,1
Ba,mp-1096835,Cmcm,0.5135031274999999,False,4,False,Ba4,1
Ba,mp-1096840,Cmcm,7.525500000005181e-05,False,2,True,Ba2,0
Ba,mp-1977763,P4/mmm,0.3592132400000001,False,1,False,Ba1,1
Ba(HO)2,mp-626725,P2_1/c,0.024199203500000266,False,40,True,Ba8 H16 O16,0
Ba(HO)2,mp-626973,P2_1/c,0.0,True,40,False,Ba8 H16 O16,13
Ba(HO)2,mp-626994,P2_1/c,0.02453590500000047,False,40,True,Ba8 H16 O16,0
Ba(HO)2,mp-627023,P2_1/c,0.03747248100000089,False,40,True,Ba8 H16 O16,0
Ba(HO)2,mp-627029,P2_1/c,0.04629652925000016,False,40,True,Ba8 H16 O16,0
Ba(HO)2,mp-627043,P1,0.04838408725000054,False,40,True,Ba8 H16 O16,0
Ba(HO)2,mp-627077,P1,0.02942905875000079,False,40,True,Ba8 H16 O16,0
Ba(HO)2,mp-673283,P1,0.8759684685000009,False,40,True,Ba8 H16 O16,0
Ba(HO)2,mp-699501,P2_1/c,0.012381689599999746,False,100,False,Ba20 H40 O40,3
Ba(HO)2,mp-723021,Pnma,0.024363666000000173,False,100,False,Ba20 H40 O40,6
Ba(NO3)2,mp-4396,Pa-3,0.0,True,36,False,Ba4 N8 O24,6
Ba2Si3O8,mp-29222,P2_1/c,0.0,True,52,False,Ba8 Si12 O32,1
Ba2Si3O8,mp-553897,P2_1,0.0007777571154417018,False,52,False,Ba8 Si12 O32,1
Ba2SiO4,mp-17612,Pnma,0.0,True,28,False,Ba8 Si4 O16,4
Ba2Sn,mp-1981,Pnma,0.0,True,12,False,Ba8 Sn4,2
Ba2TiO4,mp-3397,P2_1/c,0.0,True,28,False,Ba8 Ti4 O16,2
Ba2TiO4,mp-36194,P4/mmm,0.15984150500000016,False,7,True,Ba2 Ti1 O4,0
Ba2TiO4,mp-554529,Pna2_1,0.001381938452380993,False,84,False,Ba24 Ti12 O48,1
Ba3(AsO4)2,mp-9783,R-3m,0.0,True,13,True,Ba3 As2 O8,0
Ba3N2,mp-1013528,Pm-3m,0.6831039496666662,False,5,True,Ba3 N2,0
Ba3N2,mp-1214623,Ia-3,0.11413891116666797,False,40,True,Ba24 N16,0
BaAl2O4,mp-3828,P6_322,0.0013188560714274544,False,14,False,Ba2 Al4 O8,3
BaAl2O4,mp-4202,P6_3,0.0,True,56,False,Ba8 Al16 O32,5
BaAl2O4,mp-1228007,C2,0.004242000357143283,False,14,True,Ba2 Al4 O8,0
BaBr2,mp-27456,Pnma,0.0,True,12,False,Ba4 Br8,2
BaC2,mp-1735,I4/mmm,0.1597822477777786,False,3,False,Ba1 C2,7
BaC2,mp-10293,C2/c,0.1468354744444449,False,6,False,Ba2 C4,1
BaC2,mp-1018141,R-3m,0.24122384111111206,False,3,False,Ba1 C2,1
BaC2,mp-1192077,Pnma,0.4781725477777785,False,24,True,Ba8 C16,1
BaC2,mp-1227975,P4/mmm,3.4800658944444454,False,3,True,Ba1 C2,0
BaCO3,mp-4559,R3m,0.021844735000008164,False,5,False,Ba1 C1 O3,2
BaCO3,mp-5504,Pnma,0.0,True,20,False,Ba4 C4 O12,26
BaCO3,mp-34195,P2_1/m,0.03535959000000766,False,10,True,Ba2 C2 O6,0
BaCO3,mp-545643,P6_3/mmc,0.10449679500000819,False,10,False,Ba2 C2 O6,1
BaCO3,mp-674478,R-3c,0.049906871000008124,False,10,True,Ba2 C2 O6,0
BaCO3,mp-675324,Pnn2,0.07582380200000838,False,10,True,Ba2 C2 O6,0
BaCO3,mp-676020,C2/m,0.03376590800000745,False,10,True,Ba2 C2 O6,0
BaCO3,mp-762225,P2_1,0.013236834000007747,False,10,True,Ba2 C2 O6,0
BaCO3,mp-1227982,R32,0.049050461000008205,False,5,True,Ba1 C1 O3,0
BaCO3,mp-2506699,P2_1/m,0.015460144000005727,False,10,True,Ba2 C2 O6,0
BaCO3,mp-2626703,Imm2,0.04385683600000867,False,10,True,Ba2 C2 O6,0
BaCl2,mp-23199,Pnma,0.006785772499999787,False,12,False,Ba4 Cl8,6
BaCl2,mp-567680,P-62m,0.009529673333332767,False,9,False,Ba3 Cl6,1
BaCl2,mp-568662,Fm-3m,0.0,True,3,False,Ba1 Cl2,1
BaCrO4,mp-18571,Pnma,0.0,True,24,False,Ba4 Cr4 O16,1
BaCrO4,mp-1190622,P2_12_12_1,0.03135124916666765,False,24,True,Ba4 Cr4 O16,1
BaF2,mp-1029,Fm-3m,0.0,True,3,False,Ba1 F2,8
BaF2,mp-8644,P6_3/mmc,0.13628535166666822,False,6,False,Ba2 F4,1
BaF2,mp-555585,Pnma,0.01871512666666586,False,12,False,Ba4 F8,2
BaH2,mp-23715,Pnma,0.0,True,12,False,Ba4 H8,4
BaH2,mp-1182102,P6_3/mmc,0.025776989999999333,False,6,True,Ba2 H4,0
BaHfO3,mp-998552,Pm-3m,0.0,True,5,True,Ba1 Hf1 O3,0
BaI2,mp-23260,Pnma,0.0,True,12,False,Ba4 I8,2
BaI2,mp-568536,P-62m,0.0032400819444466933,False,9,False,Ba3 I6,1
BaMoO4,mp-19276,I4_1/a,0.0,True,12,False,Ba2 Mo2 O8,9
BaO,mp-1342,Fm-3m,0.0,True,2,False,Ba1 O1,7
BaO,mp-7487,P4/nmm,0.13166464250000054,False,4,False,Ba2 O2,2
BaO,mp-776658,Cmcm,0.01091161937500118,False,32,True,Ba16 O16,0
BaO,mp-1008500,P6_3/mmc,0.01888829749999843,False,4,False,Ba2 O2,1
BaO,mp-1178514,P6_3mc,0.01753725750000079,False,4,True,Ba2 O2,0
BaO,mp-1178531,Pbcm,0.01994168078125025,False,64,True,Ba32 O32,0
BaO,mp-1244871,P1,0.20436699459999996,False,100,True,Ba50 O50,0
BaO,mp-1245192,P1,0.20597685720000047,False,100,True,Ba50 O50,0
BaO,mp-1245276,P1,0.22936751590000082,False,100,True,Ba50 O50,0
BaO,mp-1245298,P1,0.1988665489999999,False,100,True,Ba50 O50,0
BaO,mp-1245311,P1,0.17145240520000016,False,100,True,Ba50 O50,0
BaO,mp-1950989,P6_3/mmc,0.04343597749999972,False,4,True,Ba2 O2,0
BaO2,mp-1105,I4/mmm,0.0,True,3,False,Ba1 O2,4
BaO2,mp-726415,P2_1/c,0.06990294791666418,False,24,True,Ba8 O16,0
BaO2,mp-1006878,Cmmm,0.12001487666666844,False,3,False,Ba1 O2,1
BaO2,mp-1182141,P2_1/c,0.4187405320833344,False,24,False,Ba8 O16,1
BaO2,mp-1182238,Pnma,0.4183972641666678,False,24,True,Ba8 O16,0
BaO2,mp-1182259,P2_1/c,0.4333994854166683,False,24,False,Ba8 O16,9
BaS,mp-1500,Fm-3m,0.0,True,2,False,Ba1 S1,7
BaSO4,mp-3164,Pnma,0.0,True,24,False,Ba4 S4 O16,21
BaSO4,mp-3307,F-43m,0.1321329533333344,False,6,False,Ba1 S1 O4,2
BaSO4,mp-1190568,P2_12_12_1,0.04741120958333411,False,24,False,Ba4 S4 O16,1
BaSi2O5,mp-3031,Pnma,0.0,True,32,False,Ba4 Si8 O20,3
BaSi2O5,mp-5224,C2/c,0.0033261598958471694,False,48,False,Ba6 Si12 O30,2
BaSiO3,mp-7339,P2_12_12_1,0.02203185050000034,False,20,False,Ba4 Si4 O12,1
BaSiO3,mp-12958,R-3m,0.2947010163333319,False,15,False,Ba3 Si3 O9,1
BaSiO3,mp-18407,P6_3/mmc,0.40856721899999915,False,30,False,Ba6 Si6 O18,1
BaSiO3,mp-776076,P2_1/c,0.03891986424999949,False,40,True,Ba8 Si8 O24,0
BaSiO3,mp-776084,C2/c,0.0,True,30,True,Ba6 Si6 O18,0
BaSiO3,mp-1016821,Pm-3m,0.5612682649999998,False,5,True,Ba1 Si1 O3,0
BaTe,mp-1000,Fm-3m,0.0,True,2,False,Ba1 Te1,4
BaTe,mp-2600,Pm-3m,0.16511731000000118,False,2,False,Ba1 Te1,3
BaTiO3,mp-2998,Pm-3m,0.014779579999999015,False,10,False,Ba2 Ti2 O6,48
BaTiO3,mp-5020,R3m,4.0989999998686244e-05,False,5,False,Ba1 Ti1 O3,15
BaTiO3,mp-5777,Amm2,0.0,True,5,False,Ba1 Ti1 O3,9
BaTiO3,mp-5933,P6_3/mmc,0.002619442000000305,False,30,False,Ba6 Ti6 O18,4
BaTiO3,mp-5986,P4mm,0.0019565740000011544,False,5,False,Ba1 Ti1 O3,47
BaTiO3,mp-19990,P4/mmm,1.8074598639999984,False,5,False,Ba1 Ti1 O3,1
BaTiO3,mp-504715,Pm-3m,3.0774920879999987,False,5,True,Ba1 Ti1 O3,0
BaTiO3,mp-558125,C222_1,0.0012968303333327214,False,30,False,Ba6 Ti6 O18,1
BaTiO3,mp-644497,Amm2,0.7142725979999991,False,5,False,Ba1 Ti1 O3,2
BaTiO3,mp-995191,Amm2,1.806655541999998,False,5,False,Ba1 Ti1 O3,1
BaTiO3,mp-1076932,Amm2,0.9790563579999993,False,5,False,Ba1 Ti1 O3,1
BaUO4,mp-5611,Pbcm,0.0,True,24,False,Ba4 U4 O16,5
BaWO4,mp-19048,I4_1/a,0.0,True,12,False,Ba2 W2 O8,11
BaWO4,mp-542837,P2_1/c,0.010024188541668977,False,48,False,Ba8 W8 O32,5
BaWO4,mp-556807,Cmcm,0.057149732500000994,False,12,True,Ba2 W2 O8,0
BaWO4,mp-560531,P2_1/m,0.05186047083333456,False,12,True,Ba2 W2 O8,1
BaWO4,mp-565970,C2/c,0.0028724441666678757,False,12,False,Ba2 W2 O8,2
BaWO4,mp-1095315,I4_1/amd,0.021023395000002054,False,12,True,Ba2 W2 O8,0
BaWO4,mp-1300570,I4_1,0.01915408833333565,False,12,True,Ba2 W2 O8,0
BaZrO3,mp-3834,Pm-3m,7.172199999949669e-05,False,5,False,Ba1 Zr1 O3,8
BaZrO3,mp-1019544,I4/mcm,0.0,True,10,False,Ba2 Zr2 O6,1
Be,mp-20,Im-3m,0.09567004499999987,False,1,False,Be1,2
Be,mp-87,P6_3/mmc,0.0,True,4,False,Be4,15
Be,mp-1008501,P4_2/mnm,0.05054600499999973,False,4,True,Be4,0
Be(HO)2,mp-625823,P2_12_12_1,0.10856753750000081,False,20,True,Be4 H8 O8,0
Be(HO)2,mp-625837,P2_12_12_1,0.0399517635000004,False,20,True,Be4 H8 O8,0
Be(HO)2,mp-697136,P2_12_12_1,0.010380491500001199,False,20,False,Be4 H8 O8,5
Be(HO)2,mp-1182605,P2_1,0.24052332649999997,False,60,True,Be12 H24 O24,0
Be(HO)2,mp-1182717,P2_1,0.07920286066666637,False,60,True,Be12 H24 O24,0
Be2C,mp-1569,Fm-3m,0.0,True,3,False,Be2 C1,4
Be2SiO4,mp-3347,R-3,0.0,True,42,False,Be12 Si6 O24,12
Be2SiO4,mp-1182753,P-1,0.6844270095238087,False,42,True,Be12 Si6 O24,0
Be3N2,mp-6977,P6_3/mmc,0.03151386449999993,False,10,False,Be6 N4,1
Be3N2,mp-18337,Ia-3,0.0,True,40,False,Be24 N16,2
Be3N2,mp-1017550,P-3m1,0.20808621349999967,False,5,True,Be3 N2,1
Be3N2,mp-1070456,R3m,0.05331346850000074,False,5,True,Be3 N2,1
BeAl2O4,mp-3081,Pnma,0.0,True,28,False,Be4 Al8 O16,14
BeAl6O10,mp-560974,P2_1/c,0.0010587416911738146,False,136,False,Be8 Al48 O80,1
BeBr2,mp-30139,Ibam,0.0,True,6,False,Be2 Br4,1
BeCl2,mp-23267,Ibam,0.008707515833333623,False,6,False,Be2 Cl4,2
BeCl2,mp-569030,P3_221,0.02261791712962946,False,27,True,Be9 Cl18,1
BeCl2,mp-570227,I-43m,0.014751424305555538,False,72,True,Be24 Cl48,1
BeCl2,mp-570974,I4_1/acd,0.0,True,48,False,Be16 Cl32,2
BeCl2,mp-1172909,I-43m,3.1687985972222217,False,36,True,Be12 Cl24,0
BeCl2,mp-1190080,I-43m,0.01870443305555547,False,18,True,Be6 Cl12,1
BeF2,mp-15951,P3_121,0.00039670611111120024,False,9,False,Be3 F6,2
BeF2,mp-558118,P6_222,0.0008229350000013014,False,9,False,Be3 F6,1
BeF2,mp-559400,R-3m,0.002427875555556014,False,36,True,Be12 F24,1
BeF2,mp-561543,I-43m,0.0,True,36,True,Be12 F24,1
BeF2,mp-684652,C2,0.2230051905555559,False,9,True,Be3 F6,0
BeF2,mp-685168,P2_1,0.11481723305555658,False,48,True,Be16 F32,0
BeF2,mp-975644,P6/mmm,2.518145377222223,False,3,True,Be1 F2,0
BeF2,mp-1097884,Cmmm,0.4809007805555563,False,3,True,Be1 F2,0
BeF2,mp-1350597,P2_1/c,0.11476947888889022,False,48,True,Be16 F32,0
BeH8SO8,mp-23996,I-4c2,0.0,True,36,False,Be2 H16 S2 O16,8
BeH8SO8,mp-1183513,I-4c2,0.004405399444443958,False,36,False,Be2 H16 S2 O16,8
BeI2,mp-30140,I4_1/acd,0.0,True,48,False,Be16 I32,1
BeI2,mp-570886,Ibam,0.0067352966666667236,False,6,False,Be2 I4,1
BeO,mp-1778,F-43m,0.006973667500000502,False,2,True,Be1 O1,6
BeO,mp-1794,Fm-3m,0.4814747275000002,False,2,False,Be1 O1,7
BeO,mp-2542,P6_3mc,0.0,True,4,False,Be2 O2,32
BeO,mp-7599,P4_2/mnm,0.015346631250000797,False,8,False,Be4 O4,2
BeO,mp-1244907,P1,0.2574391364999995,False,100,True,Be50 O50,0
BeO,mp-1244919,P1,0.2642517382999987,False,100,True,Be50 O50,0
BeO,mp-1244963,P1,0.28911783939999935,False,100,True,Be50 O50,0
BeO,mp-1245060,P1,0.32693400630000014,False,100,True,Be50 O50,0
BeO,mp-1245079,P1,0.3105528526999999,False,100,True,Be50 O50,0
BeS,mp-422,F-43m,0.0,True,2,False,Be1 S1,5
BeSO4,mp-5046,I-4,0.0,True,6,False,Be1 S1 O4,2
Bi,mp-23152,R-3m,0.0,True,2,False,Bi2,8
Bi,mp-23157,C2/m,0.050300225000000864,False,2,False,Bi2,2
Bi,mp-567379,P2_1/m,0.062386567499999046,False,4,False,Bi4,2
Bi,mp-567597,Pm-3m,0.049545179999995526,False,4,False,Bi4,3
Bi,mp-568087,I4/mcm,0.21491629999999873,False,4,False,Bi4,1
Bi,mp-568610,Im-3m,0.23528697499999396,False,1,False,Bi1,1
Bi,mp-568714,I4/mmm,1.1665890199999964,False,1,False,Bi1,1
Bi,mp-569358,Pmma,0.5993978949999956,False,2,True,Bi2,0
Bi,mp-1067758,P2_1/m,0.0858594149999945,False,4,False,Bi4,2
Bi,mp-1078637,Cmce,0.10084982749999938,False,8,False,Bi8,2
Bi,mp-1096851,Pmma,0.09904824999999562,False,2,True,Bi2,0
Bi,mp-1182070,P2_1/m,0.05809535749999384,False,4,False,Bi4,2
Bi,mp-1182248,C2/m,1.0773168849999948,False,2,True,Bi2,0
Bi,mp-1525145,I4_1/amd,0.08174027999999822,False,2,True,Bi2,0
Bi,mp-1525652,Fmmm,0.09627707499999616,False,8,True,Bi8,0
Bi,mp-1947043,C2/m,0.07196237749999312,False,4,True,Bi4,0
Bi,mp-1949763,Cmcm,0.0722649699999991,False,4,True,Bi4,0
Bi2(SO4)3,mp-760109,R-3,0.02461382205882323,False,34,True,Bi4 S6 O24,0
Bi2(SO4)3,mp-768467,C2/c,0.07841900176471128,False,34,True,Bi4 S6 O24,0
Bi2(SO4)3,mp-768482,R-3c,0.03815050441176293,False,34,True,Bi4 S6 O24,0
Bi2(SO4)3,mp-768490,P2_1/c,0.029864323088240496,False,68,True,Bi8 S12 O48,0
Bi2(SO4)3,mp-777294,Pbca,0.056944707573534536,False,136,True,Bi16 S24 O96,0
Bi2(SO4)3,mp-1195213,C2/c,0.0,True,34,False,Bi4 S6 O24,1
Bi2O3,mp-22891,Pn-3m,0.361795156000003,False,10,False,Bi4 O6,3
Bi2O3,mp-23195,P-42_1c,0.019471687999999432,False,20,False,Bi8 O12,6
Bi2O3,mp-23262,P2_1/c,0.0,True,20,False,Bi8 O12,10
Bi2O3,mp-37036,Pm,0.11021363449999644,False,5,True,Bi2 O3,0
Bi2O3,mp-556549,Pccn,0.016509779500001542,False,20,False,Bi8 O12,2
Bi2O3,mp-558953,P2_1/c,0.600030676500003,False,20,False,Bi8 O12,1
Bi2O3,mp-636934,I23,0.27534698833333593,False,30,False,Bi12 O18,1
Bi2O3,mp-637599,P-4b2,0.3580807355000033,False,20,False,Bi8 O12,2
Bi2O3,mp-673244,Cm,0.11110345200000271,False,5,True,Bi2 O3,0
Bi2O3,mp-674644,P1,0.6198849705000029,False,20,True,Bi8 O12,0
Bi2O3,mp-684617,P1,0.11748654266666847,False,15,True,Bi6 O9,0
Bi2O3,mp-684654,P1,0.10683137000000276,False,5,True,Bi2 O3,0
Bi2O3,mp-684747,P1,0.037404371812503,False,160,True,Bi64 O96,0
Bi2O3,mp-714859,P1,2.402893258000003,False,5,True,Bi2 O3,0
Bi2O3,mp-759526,R3,0.03353767753846437,False,65,True,Bi26 O39,0
Bi2O3,mp-1017551,P-4m2,0.1686400600000031,False,5,True,Bi2 O3,1
Bi2O3,mp-1017552,P-3m1,0.08499410649999994,False,5,False,Bi2 O3,1
Bi2O3,mp-1046792,Cmcm,0.17922452900000252,False,20,True,Bi8 O12,0
Bi2O3,mp-1080122,P4_2/mcm,0.14509661300000332,False,10,True,Bi4 O6,1
Bi2O3,mp-1091371,R3m,0.10166524949999634,False,10,True,Bi4 O6,1
Bi2O3,mp-1105780,P31c,0.038616759499996434,False,20,False,Bi8 O12,4
Bi2O3,mp-1183524,R-3c,0.033926611499999204,False,10,True,Bi4 O6,0
Bi2O3,mp-1188267,Fd-3m,0.062250879499998746,False,20,True,Bi8 O12,1
Bi2O3,mp-1188316,P6_3mc,0.05082789699999957,False,20,False,Bi8 O12,2
Bi2O3,mp-1190124,Pbcn,0.013384078999997051,False,20,True,Bi8 O12,1
Bi2O3,mp-1196483,Pa-3,0.037987467624998494,False,80,True,Bi32 O48,1
Bi2O3,mp-1197128,P2_1/c,0.01564853900000074,False,40,False,Bi16 O24,2
Bi2O3,mp-1204405,Ia-3,0.09811691774999698,False,40,True,Bi16 O24,1
Bi2O3,mp-1383505,P1,0.9067888160000024,False,5,True,Bi2 O3,0
Bi2S3,mp-22856,Pnma,0.0,True,20,False,Bi8 S12,23
Bi2Se3,mp-23164,Pnma,0.01470964100000316,False,20,False,Bi8 Se12,3
Bi2Se3,mp-541837,R-3m,0.0,True,5,False,Bi2 Se3,7
Bi2Se3,mp-1182583,C2/m,0.6882820620000025,False,5,True,Bi2 Se3,0
Bi2Se3,mp-1198150,P4_2/nmc,0.14810547975000077,False,40,False,Bi16 Se24,1
Bi2Te3,mp-34202,R-3m,0.0,True,5,False,Bi2 Te3,23
Bi2Te3,mp-568390,R-3m,0.24960225000000946,False,5,True,Bi2 Te3,0
Bi2Te3,mp-1182783,C2/m,0.6342715420000005,False,5,True,Bi2 Te3,0
BiAsO4,mp-27911,P2_1/c,0.00689876041666615,False,24,False,Bi4 As4 O16,1
BiAsO4,mp-561068,I4_1/a,0.0,True,12,False,Bi2 As2 O8,1
BiBr3,mp-568301,C2/m,0.002342262499998693,False,8,False,Bi2 Br6,1
BiBr3,mp-610430,P2_1/c,0.061744708750000044,False,16,False,Bi4 Br12,1
BiBr3,mp-752602,P2_1/c,0.0003405662500006734,False,16,True,Bi4 Br12,0
BiBr3,mp-2913080,P2_1/c,0.0,True,16,True,Bi4 Br12,0
BiCl3,mp-22908,Pnma,0.0,True,16,False,Bi4 Cl12,2
BiClO,mp-22939,P4/nmm,0.03961749277777571,False,6,False,Bi2 Cl2 O2,5
BiF3,mp-23237,Pnma,0.0,True,16,False,Bi4 F12,2
BiF3,mp-23301,Fm-3m,0.2708216324999997,False,4,False,Bi1 F3,2
BiF3,mp-557466,P-43m,0.2677356268749991,False,16,False,Bi4 F12,1
BiF3,mp-685136,P6_3/mmc,0.07140110374999953,False,8,True,Bi2 F6,0
BiI,mp-27708,C2/m,0.02794011791666673,False,16,False,Bi8 I8,1
BiI,mp-568388,C2/m,0.027000081666666453,False,8,False,Bi4 I4,1
BiI3,mp-22849,R-3,0.0,True,8,False,Bi2 I6,9
BiI3,mp-569157,P-31m,0.0026059112500007586,False,8,False,Bi2 I6,2
BiI3,mp-1008490,Fm-3m,0.5994195337500003,False,4,True,Bi1 I3,2
BiI3,mp-1079786,P2_1/m,0.08637266125000043,False,8,True,Bi2 I6,1
BiI3,mp-1106279,P2_1/c,0.020190190625000604,False,16,True,Bi4 I12,1
BiI3,mp-1189196,Pnma,0.03417816500000015,False,16,True,Bi4 I12,1
BiI3,mp-2029636,P2_1/c,0.0017065256249964023,False,16,True,Bi4 I12,0
Br,mp-23154,Cmce,0.0,True,4,False,Br4,6
Br,mp-673171,Im-3m,0.6295774250000001,False,1,True,Br1,0
Br,mp-998861,Fm-3m,0.6662806450000001,False,1,True,Br1,3
Br,mp-998864,Immm,0.08391820500000002,False,1,True,Br1,2
Br,mp-1010048,I4/mmm,0.20109457500000016,False,1,True,Br1,2
Br,mp-1062055,Pm-3m,0.6001822583333334,False,3,False,Br3,1
Br,mp-1120813,Fddd,0.11358546468750008,False,32,True,Br32,0
C,mp-24,Ia-3,0.8349742562499998,False,8,True,C8,6
C,mp-47,P6_3/mmc,0.13947721750000142,False,4,False,C4,3
C,mp-48,P6_3/mmc,0.00312185499999984,False,4,False,C4,9
C,mp-66,Fd-3m,0.11226490000000133,False,2,False,C2,29
C,mp-169,R-3m,0.0007906250000004889,False,2,False,C2,4
C,mp-568028,Pnnm,0.5308612086666677,False,120,False,C120,1
C,mp-568286,Cmme,0.008188829999999925,False,16,True,C16,0
C,mp-568363,Cmme,0.008253912499998961,False,4,True,C4,0
C,mp-568410,Cmmm,0.5088870087499995,False,8,True,C8,1
C,mp-568806,P6/mmm,0.011936282499998896,False,8,True,C8,0
C,mp-569304,R-3m,0.009060210000001234,False,4,False,C4,1
C,mp-569416,R-3m,0.0021008912500004584,False,8,False,C8,1
C,mp-569517,R-3m,0.12029307100000075,False,10,True,C10,1
C,mp-569567,R-3m,0.11780541214285734,False,14,True,C14,1
C,mp-570002,Im-3m,0.7655405274999989,False,8,False,C8,1
C,mp-579909,Cmmm,0.9450012137499986,False,8,True,C8,1
C,mp-606949,P6_3/mmc,0.006065369166668333,False,12,False,C12,1
C,mp-611426,P6_3/mmc,0.12258669875000017,False,8,True,C8,1
C,mp-611448,P6_3/mmc,0.11882863916666686,False,12,True,C12,1
C,mp-616440,P6_3/mmc,0.11723812312500037,False,16,True,C16,1
C,mp-624889,Cmme,1.2560779862499984,False,8,True,C8,2
C,mp-630227,Immm,0.3955421984999976,False,60,False,C60,2
C,mp-632329,C2/m,0.014112057500000219,False,2,True,C2,0
C,mp-667273,Fm-3,0.3906763383333338,False,60,False,C60,1
C,mp-680372,R-3m,0.4091499814999988,False,60,False,C60,1
C,mp-683919,Cmcm,0.35041286907142855,False,140,False,C140,1
C,mp-723638,P2_1/c,1.0413646635416658,False,48,False,C48,1
C,mp-731594,P2_1,1.5011551592857142,False,28,False,C28,1
C,mp-937760,Fmmm,0.006056227500000233,False,4,True,C4,0
C,mp-990424,P-3m1,0.008908770000001454,False,4,True,C4,0
C,mp-990448,P6/mmm,0.013120765000000034,False,2,True,C2,0
C,mp-997182,P6_3/mmc,0.014401535000001076,False,4,True,C4,0
C,mp-998866,Pm-3m,2.756672782499999,False,1,True,C1,3
C,mp-1008374,Cmmm,0.4384115049999995,False,4,True,C4,1
C,mp-1008395,I4/mmm,0.33508167499999963,False,4,True,C4,2
C,mp-1018088,I4_132,1.306076984999999,False,4,True,C4,2
C,mp-1040425,P6/mmm,0.01760497000000072,False,2,True,C2,0
C,mp-1056957,Cmcm,2.6181942174999993,False,2,True,C2,0
C,mp-1078845,Cmmm,0.2677699087499992,False,8,True,C8,1
C,mp-1080826,C2/m,0.30091549999999856,False,8,True,C8,1
C,mp-1095534,I4/mmm,1.1233573308333327,False,12,True,C12,1
C,mp-1095633,I4/mmm,0.9987541691666664,False,12,True,C12,1
C,mp-1096869,Cm,0.11787022052816987,False,71,True,C71,0
C,mp-1097832,Cmcm,2.6076616874999994,False,2,True,C2,0
C,mp-1147718,Pnnm,0.38869292558333335,False,120,True,C120,0
C,mp-1181996,I4/mmm,2.6368207524999994,False,2,True,C2,0
C,mp-1182029,P2/m,1.0024091424999995,False,8,True,C8,0
C,mp-1182684,P2_12_12_1,1.5296627701249985,False,80,True,C80,0
C,mp-1188817,Pm-3m,0.7652234889999985,False,20,True,C20,1
C,mp-1190171,Pnma,0.29267010687499884,False,16,True,C16,1
C,mp-1192619,I-43m,1.920290190431034,False,29,True,C29,0
C,mp-1196583,Pa-3,0.38503608550000124,False,240,False,C240,4
C,mp-1196857,Pnma,1.601080180192307,False,52,False,C52,1
C,mp-1197903,P1,1.4104997176249991,False,80,True,C80,0
C,mp-1205283,Pnnm,0.6993028923333338,False,120,True,C120,0
C,mp-1205417,I4/mmm,1.1686390820000003,False,20,True,C20,1
C,mp-1244913,P1,0.994252947699998,False,100,True,C100,0
C,mp-1244964,P1,0.9345966745999998,False,100,True,C100,0
C,mp-1245190,P1,1.0149464035999998,False,100,True,C100,0
C,mp-2049878,P6/mmm,0.012914430000000365,False,2,True,C2,0
C,mp-2516584,R-3m,0.002317152499999864,False,4,False,C4,1
C,mp-2646980,Pmmm,0.6426556741666669,False,6,True,C6,0
C,mp-2647017,P2_1/m,0.17757200399999995,False,20,True,C20,0
C,mp-3347313,C2/m,0.0,True,2,True,C2,0
CCl4,mp-1004532,C2/c,0.0,True,80,False,C16 Cl64,1
Ca,mp-21,Im-3m,0.0056160399999996,False,1,False,Ca1,6
Ca,mp-45,Fm-3m,0.0,True,1,False,Ca1,7
Ca,mp-132,P6_3/mmc,0.005909895000000276,False,4,False,Ca4,3
Ca,mp-166,I4/mmm,0.02121779000000057,False,1,True,Ca1,6
Ca,mp-10683,Pm-3m,0.39961350000000007,False,1,False,Ca1,2
Ca,mp-1008498,I4/mcm,0.1795694974999993,False,4,True,Ca4,6
Ca,mp-1064227,Cmcm,0.010473554999999912,False,2,True,Ca2,0
Ca,mp-1067285,Cmce,0.27683042000000047,False,4,False,Ca4,3
Ca,mp-1078638,P4_12_12,0.01915200125000016,False,8,False,Ca8,2
Ca,mp-1183455,I4/mmm,0.013071680000000363,False,2,True,Ca2,0
Ca,mp-1183484,P6_3/mmc,0.008999964999999222,False,4,True,Ca4,0
Ca,mp-1227541,P4/mmm,0.9729114900000004,False,1,True,Ca1,0
Ca(BO2)2,mp-3417,Pbcn,0.02120962410713645,False,28,False,Ca4 B8 O16,6
Ca(BO2)2,mp-8056,Pccn,0.0,True,56,False,Ca8 B16 O32,1
Ca(BO2)2,mp-13827,Pa-3,0.040862267738081215,False,84,False,Ca12 B24 O48,1
Ca(BO2)2,mp-556826,Pna2_1,0.016892269642843516,False,84,False,Ca12 B24 O48,1
Ca(FeO2)2,mp-20547,Pnma,0.01780283625000134,False,28,False,Ca4 Fe8 O16,24
Ca(FeO2)2,mp-1041171,P3m1,0.05279253458333333,False,42,True,Ca6 Fe12 O24,0
Ca(FeO2)2,mp-1041330,Cm,0.07414459005952434,False,42,True,Ca6 Fe12 O24,0
Ca(FeO2)2,mp-1041946,Imma,0.14226672267857232,False,14,True,Ca2 Fe4 O8,0
Ca(FeO2)2,mp-1042170,Cmcm,0.041676294821429316,False,14,True,Ca2 Fe4 O8,0
Ca(FeO2)2,mp-1042970,C2/m,0.1598748862499999,False,14,True,Ca2 Fe4 O8,0
Ca(FeO2)2,mp-1048853,R3m,0.08221380696428593,False,14,True,Ca2 Fe4 O8,0
Ca(FeO2)2,mp-1271060,Pmmn,0.011933106607143529,False,28,True,Ca4 Fe8 O16,0
Ca(FeO2)2,mp-1328340,Cm,0.11443356357142864,False,56,True,Ca8 Fe16 O32,0
Ca(FeO2)2,mp-1380123,P1,0.11852420958333276,False,42,True,Ca6 Fe12 O24,0
Ca(FeO2)2,mp-1385938,P4/mmm,0.5004172212500002,False,7,True,Ca1 Fe2 O4,0
Ca(FeO2)2,mp-1390509,I4_1/amd,0.4470292041071433,False,14,True,Ca2 Fe4 O8,0
Ca(FeO2)2,mp-1395157,P-1,2.1457994555357143,False,14,True,Ca2 Fe4 O8,0
Ca(FeO2)2,mp-1400773,C2/m,0.054162608392856804,False,14,True,Ca2 Fe4 O8,0
Ca(FeO2)2,mp-1403435,Cm,0.1333002519642852,False,14,True,Ca2 Fe4 O8,0
Ca(FeO2)2,mp-1405146,Fd-3m,0.044319847678571556,False,14,True,Ca2 Fe4 O8,0
Ca(FeO2)2,mp-1827335,P-1,0.07245937767857225,False,14,True,Ca2 Fe4 O8,0
Ca(HO)2,mp-23879,P-3m1,0.0,True,5,False,Ca1 H2 O2,22
Ca(HO)2,mp-626643,P3m1,0.1878452119999876,False,5,True,Ca1 H2 O2,0
Ca(HO)2,mp-626644,C2,0.0074671679999873675,False,5,True,Ca1 H2 O2,0
Ca(HO)2,mp-643392,P2_1/c,0.035382616499988195,False,20,False,Ca4 H8 O8,2
Ca(NO3)2,mp-3142,Pa-3,0.0,True,36,False,Ca4 N8 O24,2
Ca12Al14O33,mp-530149,I-4,0.007234486779646332,False,59,True,Ca12 Al14 O33,0
Ca12Al14O33,mp-532016,P1,0.006342616440663029,False,59,True,Ca12 Al14 O33,0
Ca2Al2O5,mp-10444,Ima2,0.022759404127040028,False,18,False,Ca4 Al4 O10,1
Ca2Al2O5,mp-1227539,C2/m,0.04778205468259422,False,18,True,Ca4 Al4 O10,0
Ca2Al2SiO7,mp-559691,P-42_1m,0.021288508194445832,False,24,False,Ca4 Al4 Si2 O14,1
Ca2Al2SiO7,mp-677549,P2_12_12_1,0.30951421069444596,False,48,True,Ca8 Al8 Si4 O28,0
Ca2Al2SiO7,mp-1227499,P2_1,0.00020744736111311113,False,24,True,Ca4 Al4 Si2 O14,0
Ca2Al2SiO7,mp-1252396,P2_12_12_1,0.17426464569444633,False,48,True,Ca8 Al8 Si4 O28,0
Ca2B2O5,mp-3859,P2_1/c,0.004791330555554474,False,36,False,Ca8 B8 O20,2
Ca2B2O5,mp-1019559,P2_1/c,5.945222222170088e-05,False,36,False,Ca8 B8 O20,1
Ca2B2O5,mp-1019560,P2_12_12_1,0.0,True,36,False,Ca8 B8 O20,1
Ca2Fe2O5,mp-22113,Pnma,0.0,True,36,False,Ca8 Fe8 O20,20
Ca2Fe2O5,mp-673820,P-1,0.1927899308333334,False,18,True,Ca4 Fe4 O10,0
Ca2Fe2O5,mp-1076319,Ima2,0.04652524472222197,False,18,True,Ca4 Fe4 O10,0
Ca2Fe2O5,mp-1096887,Pmn2_1,0.17250037416666597,False,18,True,Ca4 Fe4 O10,0
Ca2Fe2O5,mp-1227586,C2/m,0.05712363805555665,False,18,True,Ca4 Fe4 O10,0
Ca2Fe2O5,mp-1370756,Pbam,0.09859893638888817,False,18,True,Ca4 Fe4 O10,0
Ca2H2S2O7,mp-696490,Pbcn,0.09089302788461406,False,52,False,Ca8 H8 S8 O28,1
Ca2H2S2O9,mp-696075,C2,0.07470316238888763,False,45,True,Ca6 H6 S6 O27,1
Ca2H2S2O9,mp-698074,C2,0.020141879722220146,False,45,False,Ca6 H6 S6 O27,4
Ca2H2S2O9,mp-1200626,P3_1,0.03966141283333169,False,45,False,Ca6 H6 S6 O27,1
Ca2Mg5Si8(HO12)2,mp-1196550,C2/m,0.0,True,41,False,Ca2 Mg5 Si8 H2 O24,1
Ca2MgSi2O7,mp-6094,P-42_1m,0.022590285555557976,False,24,False,Ca4 Mg2 Si4 O14,34
Ca2MgSi2O7,mp-559083,P2_1/c,0.025295744930557973,False,48,False,Ca8 Mg4 Si8 O28,1
Ca2MgSi2O7,mp-677780,P-42_1m,0.17631830513889124,False,24,True,Ca4 Mg2 Si4 O14,0
Ca2P2O7,mp-3531,P4_1,0.0036955028409098034,False,88,False,Ca16 P16 O56,2
Ca2P2O7,mp-17922,P2_1/c,0.0,True,44,False,Ca8 P8 O28,1
Ca2Pb,mp-30478,Pnma,0.0,True,12,False,Ca8 Pb4,2
Ca2Pb,mp-1009756,Fm-3m,0.014137890833334943,False,3,True,Ca2 Pb1,1
Ca2Si,mp-2517,Pnma,0.0010894249999999772,False,12,False,Ca8 Si4,5
Ca2Si,mp-1009733,Fm-3m,0.0,True,3,True,Ca2 Si1,2
Ca2SiO4,mp-4180,P2_1/c,0.03515831964285798,False,28,False,Ca8 Si4 O16,19
Ca2SiO4,mp-4481,Pnma,0.0,True,28,False,Ca8 Si4 O16,12
Ca2SiO4,mp-8682,I4/mmm,0.18881341178571454,False,7,False,Ca2 Si1 O4,1
Ca2SiO4,mp-556942,P2_1/c,0.01543326803571432,False,56,False,Ca16 Si8 O32,1
Ca2SiO4,mp-560821,Pna2_1,0.037445410833333526,False,84,False,Ca24 Si12 O48,1
Ca2SiO4,mp-674334,P2_1/c,0.1211349342857142,False,28,True,Ca8 Si4 O16,0
Ca2SiO4,mp-675299,C2/c,0.10520603321428634,False,28,True,Ca8 Si4 O16,0
Ca2SiO4,mp-676278,Cc,0.1745579382142859,False,14,True,Ca4 Si2 O8,0
Ca2SiO4,mp-758006,P2_1/c,0.05811077714285773,False,28,True,Ca8 Si4 O16,0
Ca2SiO4,mp-1019562,P-3m1,0.14009228178571398,False,14,False,Ca4 Si2 O8,1
Ca2SiO4,mp-1019563,P6_3mc,0.23260057821428592,False,14,False,Ca4 Si2 O8,2
Ca2SiO4,mp-1227559,C2,0.09802814750000088,False,14,True,Ca4 Si2 O8,0
Ca2SiO4,mp-2379939,P2_1/c,0.008240172142857105,False,28,True,Ca8 Si4 O16,0
Ca2SiO4,mp-2719342,Pnma,0.04293541857142902,False,28,True,Ca8 Si4 O16,0
Ca2Sn,mp-22735,Pnma,0.0,True,12,False,Ca8 Sn4,2
Ca2Sn,mp-1009730,Fm-3m,0.010972289166666371,False,3,True,Ca2 Sn1,1
Ca2V2O7,mp-27614,P-1,0.0,True,22,False,Ca4 V4 O14,2
Ca3(AsO4)2,mp-530449,R3,0.0,True,91,True,Ca21 As14 O56,0
Ca3(BO3)2,mp-3575,R-3c,0.0,True,22,False,Ca6 B4 O12,2
Ca3(PO4)2,mp-3487,R-3m,0.041334645320512564,False,13,False,Ca3 P2 O8,3
Ca3(PO4)2,mp-531132,R3,0.0033306135622712674,False,91,True,Ca21 P14 O56,0
Ca3(PO4)2,mp-686015,R3,0.5600227842216121,False,91,True,Ca21 P14 O56,0
Ca3(PO4)2,mp-753711,C2,0.07612856916666733,False,13,True,Ca3 P2 O8,0
Ca3(PO4)2,mp-1197377,P2_1/c,0.0,True,312,False,Ca72 P48 O192,1
Ca3Al2(HO)12,mp-23882,Ia-3d,0.031480220201149045,False,116,False,Ca12 Al8 H48 O48,25
Ca3Al2O6,mp-12147,Pa-3,0.012787945952360324,False,264,False,O144 Al48 Ca72,1
Ca3Al2O6,mp-640266,Pm-3m,0.5497991470129664,False,33,False,Ca9 Al6 O18,1
Ca3Mg(SiO4)2,mp-558079,P2_1/c,0.10180804250000097,False,56,False,Ca12 Mg4 Si8 O32,1
Ca3Mg(SiO4)2,mp-558209,P2_1/c,0.03761620571428548,False,56,False,Ca12 Mg4 Si8 O32,1
Ca3N2,mp-844,Ia-3,0.0,True,40,False,Ca24 N16,5
Ca3N2,mp-1047,R-3c,0.01669766374999959,False,10,False,Ca6 N4,3
Ca3N2,mp-13146,P-3m1,0.09293087150000012,False,5,False,Ca3 N2,3
Ca3N2,mp-13148,P6_3/mmc,0.19482944950000025,False,10,True,Ca6 N4,1
Ca3N2,mp-568172,C2/m,0.037956494749998626,False,15,False,Ca9 N6,2
Ca3N2,mp-568293,Pbcn,0.031375908249998474,False,20,True,Ca12 N8,1
Ca3N2,mp-1013524,Pm-3m,0.5111703895000002,False,5,True,Ca3 N2,0
Ca3P2,mp-1013547,Pm-3m,0.14603482600000106,False,5,True,Ca3 P2,0
Ca3Sb2,mp-1013546,Pm-3m,0.42117223728571274,False,5,True,Ca3 Sb2,0
Ca3Si2(H3O5)2,mp-696156,Cc,0.006798338055553188,False,42,False,Ca6 Si4 H12 O20,1
Ca3Si2O7,mp-3932,P2_1/c,0.008812969097223622,False,48,False,Ca12 Si8 O28,2
Ca3Si2O7,mp-585516,Ima2,0.002373531388889738,False,48,False,Ca12 Si8 O28,3
Ca3SiO5,mp-27917,R3m,0.061661223240740526,False,27,False,Ca9 Si3 O15,1
Ca3SiO5,mp-37657,P6_3mc,0.02882984749999906,False,18,True,Ca6 Si2 O10,0
Ca3SiO5,mp-554141,R3m,0.06129869620370254,False,27,True,Ca9 Si3 O15,0
Ca3SiO5,mp-558273,R3m,0.0498583862037032,False,27,False,Ca9 Si3 O15,1
Ca3SiO5,mp-641754,P-1,0.02013726373456759,False,162,False,Ca54 Si18 O90,2
Ca3SiO5,mp-1183642,Cm,0.06360243731481408,False,27,True,Ca9 Si3 O15,0
Ca3Ti2O7,mp-4163,Cmc2_1,0.002560221250003991,False,24,False,Ca6 Ti4 O14,2
Ca3V2O8,mp-505741,R-3m,0.03544502120879045,False,13,True,Ca3 V2 O8,0
Ca3V2O8,mp-532028,R3,0.0,True,91,True,Ca21 V14 O56,0
Ca3V2O8,mp-1182001,C2/m,0.03707070351648323,False,13,False,Ca3 V2 O8,1
Ca3WO6,mp-779906,P2_1/c,0.02465234599999455,False,20,False,Ca6 W2 O12,1
Ca3WO6,mp-781505,R-3,0.0,True,20,True,Ca6 W2 O12,0
Ca3WO6,mp-aaaieiqr,Fm-3m,0.23239863549999829,False,10,True,Ca3 W1 O6,0
Ca4Ti3O10,mp-15315,Pbca,0.0014509445588277714,False,68,False,Ca16 Ti12 O40,1
Ca6Si6H2O19,mp-1183664,P-1,0.005048378409092891,False,33,True,Ca6 Si6 H2 O19,1
CaAl2,mp-2404,Fd-3m,0.0,True,6,False,Ca2 Al4,5
CaAl2(SiO4)2,mp-6532,P-1,0.000741950096154298,False,104,False,Ca8 Al16 Si16 O64,19
CaAl2(SiO4)2,mp-758658,P-1,0.0020950267307693338,False,52,False,Ca4 Al8 Si8 O32,1
CaAl2(SiO4)2,mp-1227323,P-3c1,0.0,True,26,True,Ca2 Al4 Si4 O16,0
CaAl2(SiO4)2,mp-1227479,P-1,0.01867929615384689,False,26,True,Ca2 Al4 Si4 O16,0
CaAl2O4,mp-2963,P2_1/c,0.0007486029761496482,False,84,False,Ca12 Al24 O48,4
CaAl2O4,mp-12441,Pnma,0.05937316071424448,False,28,False,Ca4 Al8 O16,1
CaAl2O4,mp-14600,P2_1/c,0.0022870757142436915,False,56,False,Ca8 Al16 O32,2
CaAl2O4,mp-558636,P2_1/m,0.018326635714245754,False,14,False,Ca2 Al4 O8,1
CaAl2O4,mp-559390,P6_3,0.00877570857138732,False,42,False,Ca6 Al12 O24,1
CaAl2Si2(H2O5)2,mp-24603,Pna2_1,0.02006445710527771,False,76,False,Ca4 Al8 Si8 H16 O40,6
CaAl2Si2(H2O5)2,mp-505288,Pnma,0.02215859263159281,False,76,False,Ca4 Al8 Si8 H16 O40,7
CaAl2Si2(H2O5)2,mp-699257,Cmcm,0.19219178710527718,False,38,False,Ca2 Al4 Si4 H8 O20,4
CaAl2Si2(H2O5)2,mp-733653,Cmcm,0.02458636947369719,False,38,False,Ca2 Al4 Si4 H8 O20,5
CaAl2Si2(H2O5)2,mp-1248272,Cmcm,0.17091175500001476,False,38,True,Ca2 Al4 Si4 H8 O20,0
CaAl2SiO6,mp-1019568,P1,0.03349620363888128,False,40,False,Ca4 Al8 Si4 O24,6
CaAl2SiO6,mp-1019572,P1,0.03369244938888194,False,40,False,Ca4 Al8 Si4 O24,2
CaAl2SiO6,mp-1019573,P1,0.01693951563888163,False,40,False,Ca4 Al8 Si4 O24,4
CaAl2SiO6,mp-1019583,P2_1/c,0.04924952363888213,False,40,False,Ca4 Al8 Si4 O24,1
CaAl2SiO6,mp-1019584,P2/c,0.016791177138881785,False,40,False,Ca4 Al8 Si4 O24,2
CaAl2SiO6,mp-1019586,C2,0.016824049638882066,False,20,False,Ca2 Al4 Si2 O12,2
CaAl2SiO6,mp-1019587,Cc,0.05091499113888176,False,20,False,Ca2 Al4 Si2 O12,1
CaAl4,mp-1749,I4/mmm,0.0,True,5,False,Ca1 Al4,2
CaAl4O7,mp-4867,C2/c,0.0,True,24,False,Ca2 Al8 O14,4
CaB4O7,mp-11000,Pmn2_1,0.030717559270833306,False,24,False,Ca2 B8 O14,1
CaB4O7,mp-556214,P2_1/c,0.0,True,96,False,Ca8 B32 O56,1
CaBr2,mp-22888,Pnnm,0.0,True,6,False,Ca2 Br4,7
CaBr2,mp-571166,P4_2/mnm,0.0017474066666665067,False,6,False,Ca2 Br4,4
CaC2,mp-917,C2/m,0.00021077166666749747,False,6,False,Ca2 C4,23
CaC2,mp-1575,C2/c,0.0,True,6,False,Ca2 C4,24
CaC2,mp-2482,I4/mmm,0.002929060000001371,False,3,False,Ca1 C2,28
CaC2,mp-570697,Pn-3m,0.7643729458333333,False,12,False,Ca4 C8,1
CaC2,mp-642822,P-1,0.02455759499999921,False,12,False,Ca4 C8,1
CaC2,mp-684668,Pnnm,0.06851735666666592,False,6,True,Ca2 C4,0
CaC2,mp-1009653,R-3m,0.20521415166666657,False,3,True,Ca1 C2,1
CaC2,mp-1009655,P6/mmm,0.7447531916666659,False,3,True,Ca1 C2,1
CaC2,mp-1061823,C2/m,3.953648445,False,3,False,Ca1 C2,1
CaC2,mp-1071152,C2/m,0.9838284916666673,False,6,False,Ca2 C4,1
CaC2,mp-1071565,C2/m,3.6329858516666667,False,6,True,Ca2 C4,0
CaC2,mp-1072492,Immm,0.21772823833333277,False,6,True,Ca2 C4,1
CaC2,mp-1077545,Cmcm,0.06536598166666785,False,6,True,Ca2 C4,1
CaC2,mp-1227257,R-3m,0.05558407833333234,False,3,True,Ca1 C2,0
CaC2,mp-2382752,Immm,0.0069058966666677435,False,6,True,Ca2 C4,0
CaCN2,mp-4124,R-3m,0.0,True,4,False,Ca1 C1 N2,5
CaCO3,mp-3205,Pmmn,0.1688654740000084,False,10,True,Ca2 C2 O6,4
CaCO3,mp-3953,R-3c,0.0,True,10,False,Ca2 C2 O6,74
CaCO3,mp-4626,Pnma,0.000996054500003396,False,20,False,Ca4 C4 O12,42
CaCO3,mp-548403,C222_1,0.30985261200000824,False,10,True,Ca2 C2 O6,1
CaCO3,mp-553939,Pnma,0.012689930000004068,False,20,False,Ca4 C4 O12,3
CaCO3,mp-556235,P2_1/c,0.0008676930000044436,False,20,False,Ca4 C4 O12,1
CaCO3,mp-560265,P6_522,0.00806831500000893,False,90,True,Ca18 C18 O54,0
CaCO3,mp-561412,C2,0.007197419333341948,False,15,False,Ca3 C3 O9,1
CaCO3,mp-641635,Pnma,1.3777728225000088,False,20,True,Ca4 C4 O12,0
CaCO3,mp-696740,C2/c,1.8727067800000077,False,10,True,Ca2 C2 O6,0
CaCO3,mp-1079918,P-1,0.006686684000004384,False,10,False,Ca2 C2 O6,1
CaCO3,mp-1188902,P-1,0.0027308325000046096,False,20,False,Ca4 C4 O12,1
CaCO3,mp-1194399,C2/c,0.007298891666670748,False,30,False,Ca6 C6 O18,1
CaCO3,mp-1197230,P-1,0.0046937550000043515,False,50,False,Ca10 C10 O30,5
CaCO3,mp-1197939,P-1,0.008156122000008814,False,90,False,Ca18 C18 O54,1
CaCO3,mp-2717324,P321,0.008233730666669992,False,15,True,Ca3 C3 O9,0
CaCl2,mp-22904,P4_2/mnm,0.001869090833333864,False,6,False,Ca2 Cl4,3
CaCl2,mp-23214,Pnnm,0.0011452108333331878,False,6,False,Ca2 Cl4,3
CaCl2,mp-571627,Pnma,0.10452851333333246,False,12,False,Ca4 Cl8,1
CaCl2,mp-571642,Pbcn,0.0,True,12,False,Ca4 Cl8,1
CaCl2,mp-1120739,Fm-3m,0.04218543083333426,False,3,True,Ca1 Cl2,0
CaF2,mp-2741,Fm-3m,0.0,True,3,False,Ca1 F2,19
CaF2,mp-10464,Pnma,0.03464170166666669,False,12,False,Ca4 F8,2
CaF2,mp-554355,P4/mmm,0.24025145999999964,False,3,True,Ca1 F2,1
CaF2,mp-560030,Pmc2_1,0.1823304349999999,False,6,True,Ca2 F4,1
CaH2,mp-23713,Pnma,0.0,True,12,False,Ca4 H8,13
CaH2,mp-24809,P6_3/mmc,0.06094134083333369,False,6,False,Ca2 H4,1
CaH2,mp-1181926,Pnma,0.05550223833333323,False,12,True,Ca4 H8,0
CaH2,mp-1205322,Cmcm,0.056200145000000035,False,6,False,Ca2 H4,1
CaH4SO6,mp-23690,C2/c,0.01678947874999981,False,24,False,Ca2 H8 S2 O12,16
CaH4SO6,mp-753183,C2/c,0.035741681249999324,False,24,False,Ca2 H8 S2 O12,1
CaH8(NO5)2,mp-559136,P2_1/c,0.01813744952380869,False,84,False,Ca4 H32 N8 O40,2
CaH8(NO5)2,mp-762501,P2_1/c,0.019745631190474455,False,84,False,Ca4 H32 N8 O40,1
CaH8(NO5)2,mp-1202729,P2_1/c,0.010922710238093991,False,168,False,Ca8 H64 N16 O80,1
CaHfO3,mp-754853,Pnma,0.0,True,20,True,Ca4 Hf4 O12,0
CaHfO3,mp-1016873,Pm-3m,0.16008691400000075,False,5,True,Ca1 Hf1 O3,0
CaI2,mp-30031,P-3m1,0.0,True,3,False,Ca1 I2,1
CaMg(CO3)2,mp-6459,R-3,0.0,True,10,False,Ca1 Mg1 C2 O6,32
CaMg(CO3)2,mp-3346392,P2_1/c,0.023405942500000165,False,20,True,Ca2 Mg2 C4 O12,0
CaMg(CO3)2,mp-3346398,P-1,0.011918094333334572,False,30,True,Ca3 Mg3 C6 O18,0
CaMg(CO3)2,mp-3346441,P2/c,0.03432259200000143,False,20,True,Ca2 Mg2 C4 O12,0
CaMg(CO3)2,mp-3346459,P-1,0.027216117000001816,False,30,True,Ca3 Mg3 C6 O18,0
CaMg(CO3)2,mp-3346516,P1,0.024447874000000702,False,30,True,Ca3 Mg3 C6 O18,0
CaMg(CO3)2,mp-3346526,C2,0.023475561499999742,False,20,True,Ca2 Mg2 C4 O12,0
CaMg(CO3)2,mp-3347005,R32,0.009911890499999743,False,20,True,Ca2 Mg2 C4 O12,0
CaMg(SiO3)2,mp-6766,C2/c,0.0,True,20,False,Ca2 Mg2 Si4 O12,41
CaMg(SiO3)2,mp-562517,C2/c,0.05777800150000001,False,20,False,Ca2 Mg2 Si4 O12,6
CaMg(SiO3)2,mp-1019580,P2_1/c,0.08216726750000003,False,40,False,Ca4 Mg4 Si8 O24,1
CaMg2,mp-2432,P6_3/mmc,0.0011809383333334367,False,12,False,Ca4 Mg8,5
CaMg2,mp-1038946,C2/c,0.10994691833333281,False,6,True,Ca2 Mg4,0
CaMg2,mp-1038991,P-3m1,0.21097494166666575,False,6,True,Ca2 Mg4,0
CaMg2,mp-1038993,Cm,0.14850529499999965,False,6,True,Ca2 Mg4,0
CaMg2,mp-1039108,C2/m,0.10926947833333323,False,6,True,Ca2 Mg4,0
CaMg2,mp-1039199,P6_3/mmc,0.20391523833333292,False,6,True,Ca2 Mg4,0
CaMg2,mp-1039233,P-6m2,0.1987995566666667,False,6,True,Ca2 Mg4,0
CaMg2,mp-1039330,Cmcm,0.15987051999999924,False,6,True,Ca2 Mg4,0
CaMg2,mp-1039382,Cmcm,0.07364582999999936,False,6,True,Ca2 Mg4,0
CaMg2,mp-1039393,Cmcm,0.06682238333333324,False,6,True,Ca2 Mg4,0
CaMg2,mp-1039441,Amm2,0.1422724474999999,False,12,True,Ca4 Mg8,0
CaMg2,mp-1039528,P-62m,0.11991548166666632,False,6,True,Ca2 Mg4,0
CaMg2,mp-1039570,C2/m,0.06328275500000036,False,6,True,Ca2 Mg4,0
CaMg2,mp-1095016,I4/mmm,0.07361362666666693,False,3,True,Ca1 Mg2,0
CaMg2,mp-1183430,Fd-3m,0.0,True,6,True,Ca2 Mg4,0
CaMgSiO4,mp-6493,Pnma,0.0,True,28,False,Ca4 Mg4 Si4 O16,10
CaMgSiO4,mp-649595,Pnma,0.057812156785714386,False,28,True,Ca4 Mg4 Si4 O16,0
CaMoO4,mp-19330,I4_1/a,0.0,True,12,False,Ca2 Mo2 O8,17
CaMoO4,mp-1182403,P-1,0.7331565108333349,False,12,True,Ca2 Mo2 O8,0
CaO,mp-2605,Fm-3m,0.0,True,2,False,Ca1 O1,14
CaO,mp-545512,P6_3/mmc,0.10432442000000108,False,4,True,Ca2 O2,1
CaO,mp-1064492,I4/mmm,0.20994023749999968,False,4,True,Ca2 O2,0
CaO,mp-1079707,Cmce,0.20976985500000023,False,8,False,Ca4 O4,1
CaO,mp-1181903,Fd-3m,2.7281320512499994,False,8,True,Ca4 O4,0
CaO,mp-1244902,P1,0.3111018413999993,False,100,True,Ca50 O50,0
CaO,mp-1245200,P1,0.3415031995999991,False,100,True,Ca50 O50,0
CaO,mp-1245305,P1,0.29537831589999897,False,100,True,Ca50 O50,0
CaO2,mp-634859,I4/mmm,0.0,True,3,False,Ca1 O2,2
CaO2,mp-1062228,P-3m1,0.49436386666666543,False,3,False,Ca1 O2,9
CaO2,mp-1095665,C2/c,0.28335383166666706,False,12,True,Ca4 O8,0
CaO2,mp-1181909,C2/m,0.2812704300000002,False,3,True,Ca1 O2,0
CaPH5O6,mp-24389,Cc,0.01582129557690859,False,26,False,Ca2 P2 H10 O12,25
CaPHO4,mp-24390,P1,0.0,True,28,False,Ca4 P4 H4 O16,3
CaPHO4,mp-1194747,P2_1/c,0.018689544642856326,False,56,False,Ca8 P8 H8 O32,1
CaPb,mp-20034,P4/mmm,0.0,True,4,False,Ca2 Pb2,3
CaS,mp-1672,Fm-3m,0.0,True,2,False,Ca1 S1,17
CaSO4,mp-3082,P6_222,0.012039646111110969,False,18,False,Ca3 S3 O12,3
CaSO4,mp-4406,Cmcm,0.0,True,12,False,Ca2 S2 O8,12
CaSO4,mp-12372,P2_1/c,0.013534486250001088,False,24,False,Ca4 S4 O16,1
CaSO4,mp-556372,P6_422,0.012710633333332666,False,18,True,Ca3 S3 O12,0
CaSO4,mp-562260,Pnma,0.05631001499999844,False,24,False,Ca4 S4 O16,1
CaSe,mp-1415,Fm-3m,0.0,True,2,False,Ca1 Se1,9
CaSe,mp-1008223,F-43m,0.2580261349999997,False,2,True,Ca1 Se1,1
CaSi,mp-1563,Cmcm,0.0,True,4,False,Ca2 Si2,14
CaSi,mp-1191474,Pnma,0.2560571837500003,False,24,False,Ca12 Si12,1
CaSi2,mp-862,I4_1/amd,0.028903806666667364,False,6,False,Ca2 Si4,15
CaSi2,mp-2699,R-3m,0.0,True,6,False,Ca2 Si4,8
CaSi2,mp-2700,R-3m,0.0030665416666675327,False,3,False,Ca1 Si2,3
CaSi2,mp-8372,P-3m1,0.019487428333334833,False,3,False,Ca1 Si2,10
CaSi2,mp-12892,P6/mmm,0.08172182166666708,False,3,True,Ca1 Si2,1
CaSiO3,mp-3382,P4/mbm,0.24373002783333408,False,10,True,Ca2 Si2 O6,8
CaSiO3,mp-3387,I4/mcm,0.2413147018333337,False,10,True,Ca2 Si2 O6,16
CaSiO3,mp-4356,Im-3,0.24370487483333392,False,20,True,Ca4 Si4 O12,0
CaSiO3,mp-4428,P-1,0.02295127050000012,False,30,False,Ca6 Si6 O18,3
CaSiO3,mp-4429,P-1,0.0,True,30,False,Ca6 Si6 O18,4
CaSiO3,mp-4853,I4/mmm,0.2437246083333342,False,20,True,Ca4 Si4 O12,0
CaSiO3,mp-5096,Imma,0.24112332283333515,False,10,True,Ca2 Si2 O6,15
CaSiO3,mp-5733,P2_1/c,1.4276166666604695e-05,False,60,False,Ca12 Si12 O36,4
CaSiO3,mp-5893,Pm-3m,0.2442178178333343,False,5,False,Ca1 Si1 O3,25
CaSiO3,mp-17552,C2/c,0.020327960500000408,False,30,False,Ca6 Si6 O18,1
CaSiO3,mp-560885,Pnma,0.2412429093333346,False,20,True,Ca4 Si4 O12,1
CaSiO3,mp-561086,C2/c,0.020230711166667525,False,60,False,Ca12 Si12 O36,2
CaSiO3,mp-649676,P2_1/c,0.3503614009999998,False,60,False,Ca12 Si12 O36,1
CaSiO3,mp-1181886,Im-3,0.24374655233333442,False,20,True,Ca4 Si4 O12,0
CaSiO3,mp-aaaieioc,R-3,0.2622196410000015,False,10,True,Ca2 Si2 O6,0
CaSn,mp-2450,Cmcm,0.0,True,4,False,Ca2 Sn2,13
CaTe,mp-1519,Fm-3m,0.0,True,2,False,Ca1 Te1,6
CaTe,mp-10684,Pm-3m,0.3122499949999984,False,2,False,Ca1 Te1,1
CaTe,mp-569170,P6_3/mmc,0.03440528500000184,False,8,True,Ca4 Te4,0
CaTiO3,mp-3442,I4/mcm,0.017396585500002004,False,10,False,Ca2 Ti2 O6,4
CaTiO3,mp-4019,Pnma,0.0,True,20,False,Ca4 Ti4 O12,55
CaTiO3,mp-5827,Pm-3m,0.0644675975000002,False,5,False,Ca1 Ti1 O3,12
CaTiO3,mp-556003,Imma,0.011411810500000286,False,10,True,Ca2 Ti2 O6,0
CaTiO3,mp-754701,R-3,0.028352688500000056,False,10,True,Ca2 Ti2 O6,0
CaTiO3,mp-1205364,Cmcm,0.011449592499999994,False,20,False,Ca4 Ti4 O12,2
CaTiSiO5,mp-6109,P2_1/c,0.0,True,32,False,Ca4 Ti4 Si4 O20,12
CaTiSiO5,mp-6440,C2/c,0.00011766625000042552,False,32,False,Ca4 Ti4 Si4 O20,67
CaTiSiO5,mp-704836,P2_1/c,1.060552343437501,False,32,True,Ca4 Ti4 Si4 O20,0
CaUO4,mp-3960,R-3m,0.0,True,6,False,Ca1 U1 O4,5
CaUO4,mp-632927,C2/m,0.2955812099999999,False,6,True,Ca1 U1 O4,0
CaUO4,mp-1227039,P4/mmm,0.08651213999999996,False,6,True,Ca1 U1 O4,0
CaV2O6,mp-27624,C2/m,0.0,True,9,False,Ca1 V2 O6,2
CaV2O6,mp-1342904,Pmn2_1,0.131892889444444,False,18,True,Ca2 V4 O12,0
CaWO4,mp-19426,I4_1/a,0.0,True,12,False,Ca2 W2 O8,15
CaWO4,mp-1103190,C2/c,0.00226214166666594,False,12,False,Ca2 W2 O8,3
CaWO4,mp-1190383,Cmce,0.19278533499999995,False,24,True,Ca4 W4 O16,2
CaZn,mp-30483,Cmcm,0.0,True,4,False,Ca2 Zn2,3
CaZn,mp-1038783,F-43m,0.6261664825000002,False,2,True,Ca1 Zn1,0
CaZn,mp-1038828,Pmma,0.007421187500000093,False,4,True,Ca2 Zn2,0
CaZn,mp-1038915,P-6m2,0.19616575250000023,False,2,True,Ca1 Zn1,0
CaZn,mp-1039123,P6_3/mmc,0.4633844825000002,False,4,True,Ca2 Zn2,0
CaZn,mp-1039147,Pm-3m,0.026159390000000116,False,2,True,Ca1 Zn1,0
CaZn,mp-1039275,R-3m,0.13906656250000027,False,2,True,Ca1 Zn1,0
CaZn,mp-1039447,Fm-3m,0.18093997250000027,False,2,True,Ca1 Zn1,0
CaZn,mp-1095001,R-3m,0.19479005250000014,False,2,True,Ca1 Zn1,0
CaZn2,mp-1725,Imma,0.0,True,6,False,Ca2 Zn4,3
CaZn2,mp-13364,P6_3/mmc,0.025244847500000445,False,12,False,Ca4 Zn8,1
CaZrO3,mp-4571,Pnma,0.0,True,20,False,Ca4 Zr4 O12,10
CaZrO3,mp-542112,Pm-3m,0.1918930845000073,False,5,False,Ca1 Zr1 O3,2
CaZrO3,mp-776024,Pba2,0.02536537675000794,False,40,True,Ca8 Zr8 O24,0
CaZrO3,mp-aaaieiqg,R-3,0.018851645500005176,False,10,True,Ca2 Zr2 O6,0
Cd,mp-94,P6_3/mmc,0.0,True,2,False,Cd2,10
Cd,mp-1096861,Fm-3m,0.03712043000000165,False,1,True,Cd1,0
Cd,mp-1183542,R-3m,0.02428436000000289,False,1,True,Cd1,0
Cd,mp-1183591,P6_3/mmc,0.02231620000000234,False,4,True,Cd4,0
Cd,mp-2647135,Im-3m,0.06530916000000175,False,1,True,Cd1,0
Cd(GaO2)2,mp-3443,Fd-3m,0.0,True,14,True,Cd2 Ga4 O8,2
Cd(GaO2)2,mp-531175,R3m,0.03477075571428667,False,56,True,Cd8 Ga16 O32,0
Cd(GaO2)2,mp-531238,P3m1,0.02314435238095225,False,84,True,Cd12 Ga24 O48,0
Cd(GaO2)2,mp-756190,Pnma,0.06886071857142895,False,28,True,Cd4 Ga8 O16,0
Cd(HO)2,mp-28508,Cm,0.07044057199999987,False,10,False,Cd2 H4 O4,2
Cd(HO)2,mp-625094,P1,0.004277289999999212,False,10,True,Cd2 H4 O4,0
Cd(HO)2,mp-625548,P-3m1,0.004534399000000633,False,5,False,Cd1 H2 O2,2
Cd(HO)2,mp-625557,P3m1,0.19035534799999976,False,5,True,Cd1 H2 O2,0
Cd(HO)2,mp-625565,C2,0.02598471799999924,False,5,True,Cd1 H2 O2,0
Cd(HO)2,mp-2051619,Cm,0.0,True,10,True,Cd2 H4 O4,0
Cd3(AsO4)2,mp-13602,P2_1/c,0.0,True,52,False,Cd12 As8 O32,1
Cd3As2,mp-1372,P4_2/nmc,0.002004718875000311,False,40,False,Cd24 As16,4
Cd3As2,mp-10762,Pn-3m,0.16103511887499966,False,10,False,Cd6 As4,1
Cd3As2,mp-570634,I4_1/acd,0.0,True,80,False,Cd48 As32,1
Cd3As2,mp-1199496,I4_1/acd,0.058049348625,False,80,False,Cd48 As32,2
Cd3As2,mp-1201202,P4_2/nbc,0.02029058631249958,False,160,False,Cd96 As64,1
CdAu,mp-1404,Pmma,0.007815615555557542,False,4,False,Cd2 Au2,3
CdAu,mp-2757,Pm-3m,0.011665960555554022,False,2,False,Cd1 Au1,4
CdAu,mp-16886,P31m,0.0,True,18,False,Cd9 Au9,2
CdAu,mp-1226718,P-6m2,0.08156649055555931,False,2,True,Cd1 Au1,0
CdBr2,mp-27934,P6_3mc,0.00030280833333273804,False,6,False,Cd2 Br4,1
CdBr2,mp-568690,R-3m,0.0001264283333335392,False,3,False,Cd1 Br2,1
CdBr2,mp-568722,R-3m,0.0,True,6,True,Cd2 Br4,0
CdCO3,mp-4385,R-3c,0.0,True,10,False,Cd2 C2 O6,3
CdCO3,mp-547864,R-3m,3.2333036509999995,False,5,False,Cd1 C1 O3,1
CdCO3,mp-654812,R-3m,2.8887463209999997,False,5,False,Cd1 C1 O3,1
CdCO3,mp-1198558,P2_1/c,0.5671717884999996,False,40,False,Cd8 C8 O24,1
CdCl2,mp-22881,R-3m,0.0,True,3,False,Cd1 Cl2,3
CdCl2,mp-632403,C2,0.09650611666666498,False,3,True,Cd1 Cl2,0
CdCl2,mp-695850,C2/m,0.002500736666666281,False,3,True,Cd1 Cl2,0
CdCl2,mp-1181940,P-4m2,0.09558976333333158,False,3,True,Cd1 Cl2,0
CdF2,mp-241,Fm-3m,0.0,True,3,False,Cd1 F2,6
CdF2,mp-1101972,Pnma,0.02922906250000068,False,12,True,Cd4 F8,1
CdI2,mp-28248,P6_3mc,0.0001492961111102531,False,6,False,Cd2 I4,1
CdI2,mp-567259,P-3m1,0.0005410511111105798,False,3,False,Cd1 I2,4
CdI2,mp-567296,P-3m1,0.00021086666666603193,False,9,False,Cd3 I6,2
CdI2,mp-567336,P-3m1,0.000360966111109029,False,12,False,Cd4 I8,2
CdI2,mp-567359,P-3m1,0.00025284911111356223,False,15,False,Cd5 I10,2
CdI2,mp-567402,P-3m1,0.00011265777777680341,False,18,False,Cd6 I12,2
CdI2,mp-567442,P-3m1,0.0005142638888897544,False,18,False,Cd6 I12,1
CdI2,mp-567483,P-3m1,8.534222222200682e-05,False,18,False,Cd6 I12,1
CdI2,mp-567534,P-3m1,0.0001425886111090513,False,24,False,Cd8 I16,1
CdI2,mp-567567,P-3m1,0.0012378506666661515,False,27,False,Cd9 I18,1
CdI2,mp-568233,R-3m,0.0006928077777734742,False,6,True,Cd2 I4,0
CdI2,mp-568289,R-3m,0.00205046066666581,False,9,False,Cd3 I6,1
CdI2,mp-569468,P3m1,0.0004135938611105061,False,48,False,Cd16 I32,1
CdI2,mp-569510,P3m1,0.000845028444443674,False,48,True,Cd16 I32,0
CdI2,mp-569611,P3m1,0.0010564819738556608,False,51,False,Cd17 I34,1
CdI2,mp-569666,P3m1,0.000481571777777301,False,51,False,Cd17 I34,1
CdI2,mp-569722,P3m1,0.0005935417777771512,False,51,False,Cd17 I34,1
CdI2,mp-569964,P3m1,0.00031304819444377685,False,24,False,Cd8 I16,1
CdI2,mp-569994,P6_3mc,0.00013067611110928468,False,12,False,Cd4 I8,1
CdI2,mp-570019,P3m1,1.2428611106507503e-05,False,24,False,Cd8 I16,2
CdI2,mp-570054,P6_3mc,0.0002671456944431938,False,24,False,Cd8 I16,2
CdI2,mp-570082,P3m1,0.0002743040277755071,False,24,False,Cd8 I16,1
CdI2,mp-570089,P6_3mc,0.00033981555555495646,False,36,False,Cd12 I24,1
CdI2,mp-570127,P3m1,0.00022504319443950038,False,24,False,Cd8 I16,1
CdI2,mp-570165,P3m1,0.00020338074074155443,False,27,False,Cd9 I18,2
CdI2,mp-570263,P3m1,0.0006089902962953531,False,27,False,Cd9 I18,1
CdI2,mp-570314,P3m1,0.0002822188888864652,False,27,False,Cd9 I18,1
CdI2,mp-570410,P3m1,0.0001629903703688207,False,27,False,Cd9 I18,1
CdI2,mp-570437,P3m1,0.0,True,9,False,Cd3 I6,1
CdI2,mp-570448,P3m1,0.00047539690598252804,False,39,False,Cd13 I26,2
CdI2,mp-570472,P3m1,0.00014046044444393502,False,15,False,Cd5 I10,2
CdI2,mp-570492,P3m1,0.0004617098290582433,False,39,False,Cd13 I26,2
CdI2,mp-570511,P3m1,0.00011508244444602411,False,15,False,Cd5 I10,1
CdI2,mp-570552,P3m1,0.0003591769059823058,False,39,False,Cd13 I26,1
CdI2,mp-570559,P3m1,0.0003487684444438699,False,15,False,Cd5 I10,1
CdI2,mp-570610,P3m1,0.000246651880341453,False,39,False,Cd13 I26,1
CdI2,mp-570613,P3m1,0.00016733222222198307,False,18,False,Cd6 I12,2
CdI2,mp-570671,P3m1,3.403333333373837e-05,False,18,False,Cd6 I12,2
CdI2,mp-570695,P3m1,6.844944444583945e-05,False,18,False,Cd6 I12,2
CdI2,mp-570781,P3m1,2.816166666708142e-05,False,18,False,Cd6 I12,2
CdI2,mp-570882,P3m1,0.0004080388888905162,False,18,False,Cd6 I12,1
CdI2,mp-570939,P3m1,6.712777777950762e-05,False,18,False,Cd6 I12,2
CdI2,mp-571037,P3m1,0.00020669444444321172,False,21,False,Cd7 I14,2
CdI2,mp-571091,P3m1,6.0282539682265934e-05,False,21,False,Cd7 I14,2
CdI2,mp-571136,P3m1,0.0002490006349207263,False,21,False,Cd7 I14,2
CdI2,mp-571197,P3m1,1.4528253967860394e-05,False,21,False,Cd7 I14,2
CdI2,mp-571225,P3m1,0.00027599253968135784,False,21,False,Cd7 I14,2
CdI2,mp-571514,P3m1,0.0002553877777762281,False,24,False,Cd8 I16,2
CdI2,mp-571516,P3m1,0.0005000496944438382,False,48,False,Cd16 I32,1
CdI2,mp-571519,P3m1,0.000290224444445375,False,21,False,Cd7 I14,1
CdI2,mp-571535,P3m1,0.00025540444444205335,False,24,False,Cd8 I16,1
CdI2,mp-571538,P3m1,0.00014096577778044406,False,30,False,Cd10 I20,1
CdI2,mp-571539,P3m1,6.681361110993933e-05,False,24,False,Cd8 I16,2
CdI2,mp-571559,P3m1,0.00018960877777907115,False,30,False,Cd10 I20,2
CdI2,mp-571567,P3m1,0.0002756481944428124,False,24,False,Cd8 I16,2
CdI2,mp-571568,P3m1,0.0003279823611106458,False,24,False,Cd8 I16,2
CdI2,mp-571569,P3m1,0.0003642577777758227,False,27,False,Cd9 I18,2
CdI2,mp-571578,P3m1,0.00016851511111370954,False,30,False,Cd10 I20,2
CdI2,mp-571579,P3m1,0.00034872344444591974,False,30,False,Cd10 I20,1
CdI2,mp-571583,P3m1,0.00032117844444545796,False,30,False,Cd10 I20,1
CdI2,mp-571592,P3m1,0.00041789111110945854,False,24,False,Cd8 I16,1
CdI2,mp-571593,P3m1,0.0002327141666662591,False,36,False,Cd12 I24,1
CdI2,mp-571595,P3m1,0.0004780804444450837,False,30,False,Cd10 I20,2
CdI2,mp-571603,P3m1,0.00029468083333306083,False,36,False,Cd12 I24,2
CdI2,mp-571605,P3m1,0.00036958777777762464,False,30,False,Cd10 I20,2
CdI2,mp-571607,P3m1,0.0014524631666659182,False,36,False,Cd12 I24,1
CdI2,mp-571613,P3m1,0.0008367856666660067,False,36,False,Cd12 I24,2
CdI2,mp-571615,P3m1,0.00037318777778017065,False,30,False,Cd10 I20,1
CdI2,mp-571616,P3m1,0.0002664107777801128,False,30,False,Cd10 I20,2
CdI2,mp-571635,P3m1,0.0004950239999992334,False,36,False,Cd12 I24,2
CdI2,mp-571646,P3m1,0.0012636067777771487,False,36,False,Cd12 I24,1
CdI2,mp-571654,P3m1,0.00034025638889056964,False,36,False,Cd12 I24,1
CdI2,mp-571660,P3m1,0.00047519066666579235,False,36,False,Cd12 I24,2
CdI2,mp-571667,P3m1,0.0005379371623925877,False,39,False,Cd13 I26,1
CdI2,mp-571668,P3m1,0.0011028914999990924,False,36,False,Cd12 I24,2
CdI2,mp-573588,R-3m,0.03862876594444353,False,12,True,Cd4 I8,0
CdI2,mp-573608,R-3m,0.03892933011111044,False,12,True,Cd4 I8,0
CdI2,mp-574663,R3m,0.03763629177777705,False,12,False,Cd4 I8,1
CdI2,mp-582042,P3m1,0.0003787791111102834,False,45,False,Cd15 I30,2
CdI2,mp-582084,P3m1,0.0006983678888881073,False,54,False,Cd18 I36,2
CdI2,mp-582619,P3m1,0.11996637011111044,False,18,False,Cd6 I12,1
CdI2,mp-624399,P3m1,0.0001277762962934581,False,27,False,Cd9 I18,2
CdI2,mp-624400,P3m1,0.00014954877777917375,False,30,False,Cd10 I20,2
CdI2,mp-624406,P3m1,0.00025563811111295465,False,30,False,Cd10 I20,1
CdI2,mp-624417,P3m1,0.0020768038989893434,False,33,False,Cd11 I22,1
CdI2,mp-624418,P3m1,0.002099336929291873,False,33,False,Cd11 I22,1
CdI2,mp-627401,R3m,0.009183332444443693,False,15,True,Cd5 I10,0
CdI2,mp-627557,P3m1,0.0002793737037007915,False,27,False,Cd9 I18,1
CdI2,mp-647489,P3m1,8.629206349075602e-05,False,21,False,Cd7 I14,1
CdI2,mp-669326,P3m1,0.0003677296296280552,False,27,False,Cd9 I18,3
CdI2,mp-669334,P3m1,0.002051468222221242,False,45,False,Cd15 I30,3
CdI2,mp-669340,P3m1,0.00187476606349124,False,42,False,Cd14 I28,1
CdI2,mp-669357,P3m1,0.00021174565656378874,False,33,False,Cd11 I22,1
CdI2,mp-669358,P3m1,0.002120722080807269,False,33,False,Cd11 I22,1
CdI2,mp-669360,P3m1,0.00025207611111000006,False,36,False,Cd12 I24,1
CdI2,mp-680046,P3m1,0.0018642236825390235,False,42,False,Cd14 I28,2
CdI2,mp-680047,P3m1,0.0018572589206340417,False,42,False,Cd14 I28,2
CdI2,mp-680055,P3m1,0.002084701171716663,False,33,False,Cd11 I22,2
CdI2,mp-680092,P3m1,0.00015253811111159976,False,30,False,Cd10 I20,2
CdI2,mp-680093,P3m1,0.0003096983838375422,False,33,False,Cd11 I22,2
CdI2,mp-680094,P3m1,0.0021029232929286046,False,33,False,Cd11 I22,2
CdI2,mp-680095,P3m1,0.0021438799444433165,False,60,False,Cd20 I40,1
CdI2,mp-680111,P3m1,0.00017373527777575504,False,12,False,Cd4 I8,1
CdI2,mp-680112,P3m1,0.002110816626262224,False,33,False,Cd11 I22,1
CdI2,mp-680113,P3m1,0.0020575808686862374,False,33,False,Cd11 I22,1
CdI2,mp-680114,P3m1,0.0021613848080801468,False,33,False,Cd11 I22,1
CdI2,mp-680115,P3m1,0.0018738151111108436,False,42,False,Cd14 I28,2
CdI2,mp-680116,P3m1,0.0018647605873010065,False,42,False,Cd14 I28,1
CdI2,mp-680118,P3m1,0.0002480386666667833,False,45,False,Cd15 I30,2
CdI2,mp-680119,P3m1,0.001989309333332745,False,45,False,Cd15 I30,2
CdI2,mp-680120,P3m1,0.00027538177777719497,False,45,False,Cd15 I30,2
CdI2,mp-680133,P3m1,0.0018904833464046256,False,51,False,Cd17 I34,2
CdI2,mp-680144,P3m1,0.0021105435321633337,False,57,False,Cd19 I38,1
CdI2,mp-680145,P3m1,0.0021368619444435133,False,60,False,Cd20 I40,1
CdI2,mp-680146,P3m1,0.0020765956374262373,False,57,False,Cd19 I38,1
CdI2,mp-680148,P3m1,0.0021397019444435728,False,60,False,Cd20 I40,1
CdI2,mp-680152,P3m1,0.0020043219999994477,False,45,False,Cd15 I30,1
CdI2,mp-680153,P3m1,0.001876068444443657,False,63,False,Cd21 I42,1
CdI2,mp-680163,P3m1,0.0017759601777771472,False,75,False,Cd25 I50,1
CdI2,mp-680172,P3m1,0.001957137989898161,False,66,False,Cd22 I44,1
CdI2,mp-680196,P3m1,0.002450649134098981,False,87,False,Cd29 I58,1
CdI2,mp-684029,P3m1,0.0018624786825394146,False,42,False,Cd14 I28,1
CdI2,mp-1188728,R3m,0.00030678777777826127,False,18,False,Cd6 I12,1
CdO,mp-1132,Fm-3m,0.0,True,2,False,Cd1 O1,14
CdO,mp-13119,P6_3mc,0.07925563000000047,False,4,True,Cd2 O2,1
CdS,mp-370,Fm-3m,0.13340671249999936,False,2,False,Cd1 S1,7
CdS,mp-672,P6_3mc,0.0,True,4,False,Cd2 S2,23
CdS,mp-2469,F-43m,0.0027132225000006116,False,2,False,Cd1 S1,14
CdS,mp-1021511,P3m1,0.25231860749999946,False,2,True,Cd1 S1,0
CdS,mp-1181862,Pmmn,0.13417836500000035,False,4,True,Cd2 S2,0
CdS,mp-2771569,P-6m2,0.25166726750000024,False,2,True,Cd1 S1,0
CdSO4,mp-5679,Pmn2_1,0.0007605558333336759,False,12,False,Cd2 S2 O8,2
CdSO4,mp-8459,Cmcm,0.0,True,12,False,Cd2 S2 O8,1
CdSO4,mp-1102988,C2/m,0.5821676766666677,False,12,True,Cd2 S2 O8,0
CdSO4,mp-1103054,P3m1,0.18518173833333407,False,12,True,Cd2 S2 O8,0
CdSb,mp-1321,Pbca,0.0,True,16,False,Cd8 Sb8,4
CdSb,mp-1226724,Pmmm,0.15034339125000074,False,2,True,Cd1 Sb1,0
CdSe,mp-1055,Fm-3m,0.14582500750000182,False,2,False,Cd1 Se1,4
CdSe,mp-1070,P6_3mc,0.0,True,4,False,Cd2 Se2,25
CdSe,mp-2691,F-43m,0.0005536825000014289,False,2,False,Cd1 Se1,10
CdSeO3,mp-9186,Pnma,0.0,True,20,False,Cd4 Se4 O12,1
CdSeO3,mp-559203,P2_1/c,0.005526024750001746,False,40,False,Cd8 Se8 O24,1
CdSiO3,mp-560560,P2_1/c,0.0,True,60,False,Cd12 Si12 O36,1
CdSiO3,mp-776023,Pbcn,0.026798932500001094,False,40,True,Cd8 Si8 O24,0
CdSiO3,mp-1016879,Pm-3m,0.37450626650000185,False,5,True,Cd1 Si1 O3,0
CdTe,mp-406,F-43m,0.0,True,2,False,Cd1 Te1,41
CdTe,mp-1492,P3_121,0.1126222149999947,False,6,False,Cd3 Te3,4
CdTe,mp-2388,Fm-3m,0.17327309000000213,False,2,False,Cd1 Te1,6
CdTe,mp-12581,P4/mmm,0.48613446999999965,False,2,True,Cd1 Te1,0
CdTe,mp-12779,P6_3mc,0.002613155000002365,False,4,False,Cd2 Te2,3
CdTe,mp-685146,Cmc2_1,0.008631497500001473,False,4,True,Cd2 Te2,0
CdTe,mp-1008471,Cmcm,0.18396963250000198,False,4,False,Cd2 Te2,2
CdTe,mp-1066480,Cmcm,0.18196157000000213,False,4,False,Cd2 Te2,2
CdTe,mp-1226722,I-4m2,0.3640684950000015,False,2,True,Cd1 Te1,0
CdTe,mp-2872104,P6_422,0.10774491499999783,False,6,True,Cd3 Te3,0
CdWO4,mp-19387,P2/c,0.0,True,12,False,Cd2 W2 O8,15
Ce,mp-28,Fm-3m,0.0,True,1,False,Ce1,15
Ce,mp-64,Cmcm,0.034720090000000425,False,2,False,Ce2,3
Ce,mp-10024,Im-3m,0.2282504050000007,False,1,False,Ce1,1
Ce,mp-20372,P6_3/mmc,0.07490517250000295,False,4,False,Ce4,1
Ce,mp-20736,P6_3/mmc,0.10881668000000033,False,2,False,Ce2,4
Ce,mp-567332,C2/m,0.0038607150000018464,False,2,False,Ce2,1
Ce2C3,mp-20181,I-43d,0.0,True,20,False,Ce8 C12,4
Ce2O3,mp-2721,P-3m1,0.07930416925000117,False,5,False,Ce2 O3,6
Ce2O3,mp-20169,P321,0.7868389852500002,False,5,False,Ce2 O3,1
Ce2O3,mp-542313,Ia-3,0.0,True,40,False,Ce16 O24,3
Ce2O3,mp-561149,C2/m,0.04173541991666774,False,15,True,Ce6 O9,1
Ce2O3,mp-1182200,P-62m,0.2015356372500019,False,5,True,Ce2 O3,0
Ce2S3,mp-20973,Pnma,0.0,True,20,False,Ce8 S12,2
Ce2S3,mp-32629,I-42d,0.03395870775000276,False,40,True,Ce16 S24,0
Ce3S4,mp-1382,I-43d,0.008399302142859,False,14,False,Ce6 S8,3
CeAl2,mp-2088,Fd-3m,0.0,True,6,False,Ce2 Al4,23
CeAl4,mp-2289,I4/mmm,0.02880991533333166,False,5,False,Ce1 Al4,3
CeAl4,mp-1105076,Imm2,0.0388355993333338,False,15,True,Ce3 Al12,0
CeAlO3,mp-3408,R-3c,0.0006384559999954575,False,10,False,Ce2 Al2 O6,6
CeAlO3,mp-4096,I4/mcm,0.005600195999994284,False,10,False,Ce2 Al2 O6,6
CeAlO3,mp-5323,Pm-3m,0.01711502899999573,False,5,False,Ce1 Al1 O3,7
CeAlO3,mp-19843,Imma,0.0,True,20,False,Ce4 Al4 O12,2
CeAlO3,mp-776167,Pnma,0.00307535399999459,False,20,True,Ce4 Al4 O12,0
CeB6,mp-21343,Pm-3m,0.0,True,7,False,Ce1 B6,26
CeBr3,mp-569850,P6_3/m,0.0,True,8,False,Ce2 Br6,1
CeC2,mp-2839,I4/mmm,0.02466928375000421,False,3,False,Ce1 C2,11
CeCl3,mp-582011,P6_3/m,0.0,True,8,False,Ce2 Cl6,1
CeCrO3,mp-20530,Pm-3m,0.1922024336000021,False,5,False,Ce1 Cr1 O3,1
CeCrO3,mp-780712,Pnma,0.061762333600002606,False,20,True,Ce4 Cr4 O12,0
CeF3,mp-22070,P6_322,0.1316753308333345,False,24,False,Ce6 F18,2
CeF3,mp-510560,P-3c1,0.0,True,24,False,Ce6 F18,3
CeF3,mp-557720,P6_3/mmc,0.027210783333334376,False,24,True,Ce6 F18,0
CeF3,mp-2038579,Cmcm,0.0,True,24,True,Ce6 F18,0
CeH2,mp-505569,Fm-3m,0.017444702424242564,False,3,False,Ce1 H2,4
CeI3,mp-1025426,Cmcm,0.036200099999998514,False,8,True,Ce2 I6,0
CeI3,mp-1183849,P6_3/mmc,0.11217352499999933,False,8,True,Ce2 I6,0
CeI3,mp-1545417,P2_1/m,0.0,True,8,True,Ce2 I6,0
CeMg,mp-1062,Pm-3m,0.10583976166666886,False,2,False,Ce1 Mg1,5
CeMg,mp-1038788,Pmmn,0.05523189333333178,False,4,True,Ce2 Mg2,0
CeMg,mp-1038816,C2/m,0.016450333333331457,False,4,True,Ce2 Mg2,0
CeMg,mp-1038887,R-3m,0.04888529833333166,False,2,True,Ce1 Mg1,0
CeMg,mp-1039049,Amm2,0.07612844249999995,False,12,True,Ce6 Mg6,0
CeMg,mp-1039083,P-3m1,0.0732723508333315,False,4,True,Ce2 Mg2,0
CeMg,mp-1039270,Fm-3m,0.6616360466666684,False,2,True,Ce1 Mg1,0
CeMg,mp-1039365,F-43m,1.3853930091666662,False,8,True,Ce4 Mg4,0
CeMg,mp-1039481,Cm,0.06347062666666403,False,6,True,Ce3 Mg3,0
CeMg,mp-1039505,C2,0.12237167500000012,False,6,True,Ce3 Mg3,0
CeMg,mp-1039509,Amm2,0.08585693083333368,False,12,True,Ce6 Mg6,0
CeMg,mp-1039574,P-6m2,0.0757250433333354,False,6,True,Ce3 Mg3,0
CeMg,mp-1039581,P6_3/mmc,1.0519758166666655,False,4,True,Ce2 Mg2,0
CeMg,mp-1039582,Amm2,0.06763507166666471,False,12,True,Ce6 Mg6,0
CeMg,mp-1039711,Amm2,0.12202990666666835,False,12,True,Ce6 Mg6,0
CeMg,mp-1094963,Pmma,0.030167510833333466,False,4,True,Ce2 Mg2,0
CeN,mp-2493,Fm-3m,0.0,True,2,False,Ce1 N1,51
CeO2,mp-20194,Fm-3m,0.0,True,3,False,Ce1 O2,49
CeO2,mp-1018659,P6_3/mmc,0.4294464749999989,False,6,True,Ce2 O4,0
CeO2,mp-1018664,P4_2/mnm,0.11931447833333308,False,6,True,Ce2 O4,1
CeO2,mp-1062989,I4/mmm,0.7674937233333328,False,3,True,Ce1 O2,1
CeS,mp-1096,Fm-3m,0.0,True,2,False,Ce1 S1,15
CeS,mp-20560,P4/nmm,0.32053104500000273,False,4,True,Ce2 S2,0
CeS,mp-1006886,Pm-3m,0.3721250600000019,False,2,True,Ce1 S1,1
Co,mp-54,P6_3/mmc,0.025098924999999994,False,2,False,Co2,10
Co,mp-102,Fm-3m,0.0,True,1,False,Co1,10
Co,mp-669382,P6_3mc,0.11766239086956709,False,46,False,Co46,1
Co,mp-1072089,Fd-3m,0.19932627500000066,False,6,False,Co6,2
Co,mp-1183710,P6_3/mmc,0.010616019999998727,False,4,True,Co4,0
Co,mp-1193227,P4_2/mnm,0.11920180928571433,False,28,True,Co28,1
Co,mp-1271142,P-3m1,0.010144927499998957,False,4,True,Co4,0
Co,mp-2647057,Im-3m,0.08956573499999898,False,1,True,Co1,0
Co(HO)2,mp-24105,P-3m1,0.03670898200000128,False,5,False,Co1 H2 O2,2
Co(HO)2,mp-625939,C2,0.05043998000000105,False,5,True,Co1 H2 O2,0
Co(HO)2,mp-625943,P3m1,0.2480664380000004,False,5,True,Co1 H2 O2,0
Co(HO)2,mp-626708,P1,0.07136241200000004,False,5,True,Co1 H2 O2,0
Co(HO)2,mp-1272379,C2/m,0.04419173600000015,False,20,True,Co4 H8 O8,0
Co(HO)2,mp-1273062,C2/m,0.036330401000000734,False,10,True,Co2 H4 O4,0
Co(HO)2,mp-1276097,C2,0.04419671000000047,False,10,True,Co2 H4 O4,0
Co(HO)2,mp-1292002,P-3m1,0.036990757500000804,False,20,False,Co4 H8 O8,2
Co(HO)2,mp-2665409,C2/m,0.03823475600000048,False,5,True,Co1 H2 O2,0
Co2B,mp-493,I4/mcm,0.023685056666666426,False,6,False,Co4 B2,7
Co2P,mp-13446,P-62m,0.021158108611109228,False,9,False,Co6 P3,1
Co2P,mp-22204,Pnma,0.0,True,12,False,Co8 P4,6
Co2SiO4,mp-18941,Imma,0.046303350238096286,False,28,False,Co8 Si4 O16,2
Co2SiO4,mp-19071,Fd-3m,0.06388388523809585,False,14,False,Co4 Si2 O8,1
Co2SiO4,mp-21856,Pnma,0.0001818284523809055,False,28,False,Co8 Si4 O16,9
Co2SiO4,mp-555558,P2_1/c,0.008155540595238264,False,28,True,Co8 Si4 O16,0
Co3(AsO4)2,mp-21664,P2_1/c,0.0026829663461533926,False,52,False,Co12 As8 O32,1
Co3(AsO4)2,mp-562111,P2_1/c,0.0,True,52,False,Co12 As8 O32,1
Co3(AsO4)2,mp-690538,P1,0.22884819666666711,False,39,True,Co9 As6 O24,0
Co3(AsO4)2,mp-863435,I-4,0.011999354871795376,False,39,True,Co9 As6 O24,0
Co3N,mp-1205986,P6_322,0.159141146562499,False,8,True,Co6 N2,0
Co3O4,mp-18748,Fd-3m,0.010479931428569955,False,14,False,Co6 O8,27
Co3O4,mp-1271784,Imma,0.03038171071428586,False,14,True,Co6 O8,0
Co3O4,mp-1271793,R-3m,0.0,True,14,True,Co6 O8,0
Co3O4,mp-1271940,I4_1/amd,0.08989810071428561,False,14,True,Co6 O8,0
Co3S4,mp-943,Fd-3m,0.0,True,14,False,Co6 S8,6
Co9S8,mp-1513,Fm-3m,0.0,True,17,False,Co9 S8,7
CoB,mp-20857,Pnma,0.0,True,8,False,Co4 B4,3
CoBr2,mp-30033,P-3m1,0.0,True,3,False,Co1 Br2,1
CoCO3,mp-21434,R-3c,0.0,True,10,False,Co2 C2 O6,4
CoCO3,mp-1181984,C2/c,0.42150147699999874,False,10,True,Co2 C2 O6,0
CoCl2,mp-23240,R-3m,0.0,True,3,False,Co1 Cl2,2
CoCl2,mp-632413,C2/m,0.19827219333333268,False,3,True,Co1 Cl2,0
CoCl2,mp-696114,P-3m1,0.00119019666666631,False,3,True,Co1 Cl2,0
CoCl2,mp-1120788,P-3m1,0.011647123333332843,False,3,True,Co1 Cl2,0
CoF2,mp-555908,P4_2/mnm,0.0,True,6,False,Co2 F4,8
CoF3,mp-559435,Pm-3m,0.0046032418749994974,False,12,True,Co3 F9,0
CoF3,mp-559473,R-3c,0.05231041562499961,False,8,False,Co2 F6,2
CoF3,mp-860537,P321,0.24969988354166617,False,12,False,Co3 F9,1
CoF3,mp-1178425,C2,0.08430329687499949,False,12,True,Co3 F9,0
CoF3,mp-1182416,C2/c,0.13041462812500004,False,8,True,Co2 F6,0
CoF3,mp-1271079,I4/mcm,0.0,True,16,True,Co4 F12,0
CoF3,mp-1271121,P4/mbm,0.010794163124999478,False,8,True,Co2 F6,0
CoF3,mp-1271165,C2/m,0.014427379999999879,False,16,True,Co4 F12,0
CoF3,mp-1271166,Cmmm,0.03668889812499998,False,16,True,Co4 F12,0
CoF3,mp-2761222,C2,0.03577430937500026,False,16,True,Co4 F12,0
CoF3,mp-2767736,Cmc2_1,0.040820670625000055,False,16,True,Co4 F12,0
CoI2,mp-569610,P-3m1,0.0,True,3,False,Co1 I2,1
CoO,mp-19079,Fm-3m,0.03691499625000105,False,4,False,Co2 O2,24
CoO,mp-19128,P6_3mc,0.0004125800000007729,False,4,False,Co2 O2,1
CoO,mp-19275,I4/mmm,0.13163674749999998,False,8,True,Co4 O4,0
CoO,mp-22408,F-43m,0.0,True,4,False,Co2 O2,1
CoO,mp-1244882,P1,0.4017379017500007,False,80,True,Co40 O40,0
CoO,mp-1244939,P1,0.40940695162500074,False,80,True,Co40 O40,0
CoO,mp-1245089,P1,0.368803691000001,False,80,True,Co40 O40,0
CoO,mp-1245304,P1,0.38412367937500136,False,80,True,Co40 O40,0
CoP,mp-22270,Pnma,0.0,True,8,False,Co4 P4,4
CoP3,mp-1944,Im-3,0.0,True,16,False,Co4 P12,4
CoS2,mp-2070,Pa-3,0.0,True,12,False,Co4 S8,20
CoS2,mp-850049,Pbca,0.0018982358333339278,False,12,True,Co4 S8,0
CoS2,mp-1042106,I-42d,0.31742181666666625,False,6,True,Co2 S4,0
CoS2,mp-1387852,R-3m,0.11851536166666676,False,3,True,Co1 S2,0
CoS2,mp-1390701,Fd-3m,0.09849998916666713,False,12,True,Co4 S8,0
CoSO4,mp-19198,Cmcm,0.0010583195833326897,False,12,False,Co2 S2 O8,2
CoSO4,mp-19379,Pnma,0.0,True,24,False,Co4 S4 O16,3
CoSO4,mp-613227,P2_1/m,0.23452230874999902,False,12,False,Co2 S2 O8,1
CoSb,mp-2644,P6_3/mmc,0.059708563333330744,False,4,False,Co2 Sb2,12
CoSb2,mp-755,P2_1/c,0.030628977777777067,False,12,False,Co4 Sb8,6
CoSb2,mp-9835,Pnnm,0.04056995777777672,False,6,False,Co2 Sb4,3
CoSb3,mp-1317,Im-3,0.0,True,16,False,Co4 Sb12,17
CoSeO3,mp-22616,Pnma,0.029257131125000058,False,20,False,Co4 Se4 O12,3
CoSeO3,mp-562826,C2/c,0.0,True,80,False,Co16 Se16 O48,1
CoSn,mp-20536,P6/mmm,0.0,True,6,False,Co3 Sn3,10
CoWO4,mp-19092,P2/c,0.0,True,12,False,Co2 W2 O8,1
CoWO4,mp-1974700,Pc,0.05592739479166653,False,12,True,Co2 W2 O8,0
Cr,mp-17,Pm-3n,0.357538657500001,False,8,False,Cr8,2
Cr,mp-89,P6_3/mmc,0.4203401050000011,False,2,False,Cr2,2
Cr,mp-90,Im-3m,0.0,True,2,False,Cr2,11
Cr,mp-8633,Fm-3m,0.4025263400000014,False,1,True,Cr1,1
Cr,mp-1059289,Cmcm,0.3359083800000011,False,2,False,Cr2,1
Cr,mp-1192789,P4_2/mnm,0.2635782450000015,False,28,True,Cr28,1
Cr(AgO2)2,mp-542882,Pnma,0.024034967499998672,False,28,False,Cr4 Ag8 O16,3
Cr(CO)6,mp-647812,Pnma,0.5058742087500008,False,52,False,Cr4 C24 O24,4
Cr(CO)6,mp-683501,Pnma,1.1396198204807693,False,52,False,Cr4 C24 O24,1
Cr2(SO4)3,mp-19361,R-3,0.0,True,34,False,Cr4 S6 O24,2
Cr2(SO4)3,mp-768940,P2_1/c,0.010498132499999535,False,68,True,Cr8 S12 O48,0
Cr23C6,mp-723,Fm-3m,0.0,True,29,False,Cr23 C6,11
Cr2CoO4,mp-20758,Fd-3m,0.0,True,14,False,Cr4 Co2 O8,2
Cr2FeO4,mp-20168,Fd-3m,0.0027874000000149834,False,14,False,Cr4 Fe2 O8,12
Cr2FeO4,mp-1104680,I4_1/amd,0.0,True,14,False,Cr4 Fe2 O8,1
Cr2FeO4,mp-1104802,Cmcm,0.12996625500001535,False,14,False,Cr4 Fe2 O8,1
Cr2FeO4,mp-1192780,Pnma,0.08228989285715826,False,28,False,Cr8 Fe4 O16,1
Cr2N,mp-8780,P-31m,0.24466659000000135,False,9,False,Cr6 N3,1
Cr2NiO4,mp-19303,Fd-3m,0.012093806428570275,False,14,False,Cr4 Ni2 O8,9
Cr2NiO4,mp-19344,I4_1/amd,0.008860779285711828,False,14,False,Cr4 Ni2 O8,3
Cr2NiO4,mp-1271107,Cc,0.0019335399999995673,False,14,True,Cr4 Ni2 O8,0
Cr2NiO4,mp-1271164,Ima2,0.0019312314285713228,False,14,True,Cr4 Ni2 O8,0
Cr2NiO4,mp-1283235,C2,0.009704886428570703,False,14,True,Cr4 Ni2 O8,0
Cr2NiO4,mp-1974686,R-3m,0.0,True,14,True,Cr4 Ni2 O8,0
Cr2NiO4,mp-2763199,I4_1md,0.0016107778571416986,False,14,True,Cr4 Ni2 O8,0
Cr2NiO4,mp-2923562,Imma,0.09478234642856975,False,14,True,Cr4 Ni2 O8,0
Cr2O3,mp-19399,R-3c,0.0,True,10,False,Cr4 O6,55
Cr2O3,mp-753829,R-3,0.07642764400000068,False,10,True,Cr4 O6,0
Cr2O3,mp-755749,Pbcn,0.03828968850000081,False,20,True,Cr8 O12,0
Cr2O3,mp-776873,Ia-3,0.046557772750000836,False,40,True,Cr16 O24,0
Cr2O3,mp-1043379,Cmcm,0.29978172350000065,False,20,True,Cr8 O12,0
Cr2O3,mp-1181863,C2/c,0.3242103099999998,False,10,True,Cr4 O6,0
Cr2O3,mp-1244912,P1,0.42332269237500064,False,80,True,Cr32 O48,0
Cr2O3,mp-1244988,P1,0.4070027844999995,False,80,True,Cr32 O48,0
Cr2O3,mp-1245064,P1,0.3616665942500017,False,80,True,Cr32 O48,0
Cr2O3,mp-1245091,P1,0.4609270502499996,False,80,True,Cr32 O48,0
Cr2O3,mp-1245208,P1,0.36352568150000053,False,80,True,Cr32 O48,0
Cr2O3,mp-1245247,P1,0.3704969322500009,False,80,True,Cr32 O48,0
Cr2O3,mp-1245257,P1,0.3632456820000005,False,80,True,Cr32 O48,0
Cr2O3,mp-1245327,P1,0.46124213512500134,False,80,True,Cr32 O48,0
Cr3C2,mp-20937,Pnma,0.0,True,20,False,Cr12 C8,9
Cr3C2,mp-570112,Cmcm,0.03457126400000199,False,10,False,Cr6 C4,1
Cr3Si,mp-729,Pm-3n,0.0,True,8,False,Cr6 Si2,15
Cr5Si3,mp-7506,I4/mcm,0.05473733324999941,False,16,False,Cr10 Si6,3
Cr7C3,mp-19855,Pnma,0.0005932423750003579,False,40,False,Cr28 C12,4
Cr7C3,mp-1196316,P6_3mc,0.0,True,80,False,Cr56 C24,1
CrAsO4,mp-19077,Pnma,0.00024843388888573514,False,24,False,Cr4 As4 O16,1
CrAsO4,mp-1204934,Imma,0.0,True,36,False,Cr6 As6 O24,1
CrB,mp-260,Cmcm,0.010095695000000404,False,4,False,Cr2 B2,7
CrB,mp-1080664,I4_1/amd,0.0,True,8,False,Cr4 B4,1
CrB2,mp-374,P6/mmm,0.06712516166666482,False,3,False,Cr1 B2,7
CrBr2,mp-567624,C2/m,0.0772509488888895,False,3,False,Cr1 Br2,1
CrBr2,mp-1183765,P4_2/mnm,0.0855924672222228,False,6,True,Cr2 Br4,0
CrBr3,mp-27734,R-3,0.0,True,24,False,Cr6 Br18,1
CrCl2,mp-22857,Pnnm,0.07023948999999963,False,6,False,Cr2 Cl4,10
CrCl3,mp-27630,C2/m,0.0005407862499993144,False,8,False,Cr2 Cl6,1
CrCl3,mp-567504,R-3,0.0,True,8,False,Cr2 Cl6,1
CrCl3,mp-569890,P3_212,0.006774582499999404,False,24,False,Cr6 Cl18,1
CrCl3,mp-1192095,C2/m,0.30247343249999936,False,24,False,Cr6 Cl18,2
CrCl3,mp-1193047,C2/m,0.3227183758333334,False,24,False,Cr6 Cl18,2
CrF2,mp-554340,P2_1/c,0.0,True,6,False,Cr2 F4,1
CrF3,mp-560338,R-3c,0.0,True,8,False,Cr2 F6,10
CrF3,mp-1181931,C2/c,0.17478033250000014,False,8,True,Cr2 F6,0
CrF4,mp-20488,P4_2/mnm,0.006119065500000964,False,20,False,Cr4 F16,1
CrF4,mp-554855,C2/c,0.0,True,40,False,Cr8 F32,1
CrF4,mp-1387939,Cm,0.4808871650000004,False,10,True,Cr2 F8,0
CrF4,mp-1924816,I4/mcm,0.3495484040000001,False,10,True,Cr2 F8,0
CrI2,mp-27215,C2/m,0.08539140185185357,False,3,False,Cr1 I2,2
CrI2,mp-567687,Cmc2_1,0.0937847818518529,False,6,False,Cr2 I4,2
CrI2,mp-1181742,P6_3mc,0.10818969185185257,False,6,True,Cr2 I4,0
CrI3,mp-1213805,P3_112,0.0,True,24,True,Cr6 I18,0
CrN,mp-2132,Fm-3m,0.04821809375000008,False,2,False,Cr1 N1,14
CrN,mp-1009485,Pm-3m,0.678803760000001,False,2,True,Cr1 N1,2
CrN,mp-1018157,F-43m,0.07032058499999927,False,2,True,Cr1 N1,3
CrN,mp-1183691,P-6m2,0.2443936400000002,False,2,True,Cr1 N1,0
CrN,mp-1232560,R-3m,0.04106475500000073,False,4,True,Cr2 N2,0
CrN,mp-1232782,C2/m,0.047570155000000724,False,8,True,Cr4 N4,0
CrN,mp-1232890,Pmmn,0.02251165500000063,False,8,True,Cr4 N4,0
CrN,mp-1232897,P4/nmm,0.07692022500000029,False,8,True,Cr4 N4,0
CrO2,mp-19177,P4_2/mnm,0.0,True,6,False,Cr2 O4,28
CrO2,mp-21395,Pnnm,0.0007607049999673876,False,6,False,Cr2 O4,6
CrO2,mp-25302,R-3m,0.20755171499996727,False,3,True,Cr1 O2,0
CrO2,mp-714929,C2/m,0.18456060166663413,False,6,True,Cr2 O4,0
CrO2,mp-1009555,Fm-3m,0.19275830499996793,False,3,True,Cr1 O2,1
CrO2,mp-1040967,Cm,0.18336711083330215,False,36,True,Cr12 O24,0
CrO2,mp-1041961,Cmcm,0.1756225049999678,False,6,True,Cr2 O4,0
CrO2,mp-1044871,Pmmn,0.17623790249996674,False,24,True,Cr8 O16,0
CrO2,mp-1047121,Pnma,0.7513489637499671,False,24,True,Cr8 O16,0
CrO2,mp-1047643,Cmcm,0.1871866674999687,False,12,True,Cr4 O8,0
CrO2,mp-1102170,Pa-3,0.09845120083330094,False,12,True,Cr4 O8,2
CrO2,mp-1102412,Pbcn,0.03624988083331537,False,12,True,Cr4 O8,1
CrO2,mp-1181747,Pnma,0.05654767916663417,False,12,False,Cr4 O8,1
CrO2,mp-1281333,P-42_1m,0.005453030833301398,False,12,True,Cr4 O8,0
CrO2,mp-1349242,Cm,0.17779285187496718,False,48,True,Cr16 O32,0
CrO2,mp-1358572,P3m1,0.18510490861107876,False,36,True,Cr12 O24,0
CrO2,mp-1388847,R3m,0.19065532333330104,False,12,True,Cr4 O8,0
CrO2,mp-1389152,Imma,0.1655698166666344,False,12,True,Cr4 O8,0
CrO2,mp-1394584,I4/m,0.06626740499996764,False,12,True,Cr4 O8,0
CrO2,mp-1399565,C2/m,0.3828689033332999,False,6,True,Cr2 O4,0
CrO2,mp-1400837,Fd-3m,0.19138678583330204,False,12,True,Cr4 O8,0
CrO2,mp-1421109,R-3m,0.2243201149999674,False,3,True,Cr1 O2,0
CrO2,mp-1446026,P6_3/mmc,1.9112965516666334,False,6,True,Cr2 O4,0
CrO2,mp-2214915,C222_1,0.20384625666663325,False,12,True,Cr4 O8,0
CrO3,mp-510421,Ama2,0.04616918450000096,False,8,False,Cr2 O6,3
CrO3,mp-715566,Ama2,0.056618353250001086,False,8,False,Cr2 O6,4
CrO3,mp-753740,Amm2,0.10330556325000106,False,4,True,Cr1 O3,0
CrO3,mp-755211,P2_1/c,0.077664242,False,16,True,Cr4 O12,0
CrO3,mp-756041,Pnma,0.09855328075000092,False,16,True,Cr4 O12,0
CrO3,mp-772550,C2/c,0.060113720124999936,False,16,True,Cr4 O12,0
CrO3,mp-778667,Pna2_1,0.07717176387500135,False,16,True,Cr4 O12,0
CrO3,mp-1330490,P6_3cm,0.7854746949166671,False,24,True,Cr6 O18,0
CrO3,mp-1387606,P6_3/mmc,0.9361538007500014,False,8,True,Cr2 O6,0
CrO3,mp-1389926,P2_1,0.20277637700000017,False,16,True,Cr4 O12,0
CrO3,mp-1429856,Pm-3m,0.4022430707500009,False,4,True,Cr1 O3,0
CrS,mp-523,P6_3/mmc,0.12527450666666518,False,4,False,Cr2 S2,6
CrSi,mp-7576,P2_13,0.06875955900000008,False,8,False,Cr4 Si4,4
CrSi2,mp-1222,P6_222,0.01295319444444587,False,9,False,Cr3 Si6,9
CrSi2,mp-8937,I4/mmm,0.0,True,3,True,Cr1 Si2,1
CrSi2,mp-11191,P6_422,0.021367938888888105,False,9,False,Cr3 Si6,1
Cs,mp-1,Im-3m,0.019341450000002425,False,1,False,Cs1,5
Cs,mp-3,I4_1/amd,0.07448497000000032,False,2,False,Cs2,2
Cs,mp-11832,P6_3/mmc,0.019877785000002035,False,2,False,Cs2,1
Cs,mp-573579,Cmce,0.053976002068964135,False,8,False,Cs8,1
Cs,mp-639727,P6_3/mmc,0.019847907500000872,False,4,False,Cs4,1
Cs,mp-672241,P4_2/mbc,0.02748005125000219,False,8,False,Cs8,2
Cs,mp-949029,Pm-3n,0.0329658125000023,False,8,True,Cs8,0
Cs,mp-1007976,Pnma,0.054916592068963155,False,4,False,Cs4,1
Cs,mp-1012110,Pbcm,0.024368322499999095,False,4,False,Cs4,1
Cs,mp-1055940,Fm-3m,0.009248450000001185,False,1,False,Cs1,3
Cs,mp-1096915,C2/m,0.042207972068965205,False,1,False,Cs1,1
Cs,mp-1182809,Pbcm,0.024276159999999436,False,4,False,Cs4,1
Cs,mp-1183694,I4/mmm,0.019629529999999562,False,1,True,Cs1,0
Cs,mp-1183897,P4_132,0.01312022900000187,False,20,True,Cs20,0
Cs,mp-1184151,I-43m,0.01257519827586151,False,29,True,Cs29,0
Cs,mp-1949606,I4/mmm,0.0,True,8,True,Cs8,0
Cs,mp-2739124,I4/mmm,0.017216879999999435,False,1,True,Cs1,0
Cs2CO3,mp-616458,P2_1/c,0.0,True,24,False,Cs8 C4 O12,1
Cs2O,mp-7988,R-3m,0.0,True,3,False,Cs2 O1,1
Cs2O,mp-755060,Pnnm,0.058331210000000855,False,6,True,Cs4 O2,0
Cs2O,mp-755573,Pnma,0.05697232416666731,False,12,True,Cs8 O4,0
Cs2O3,mp-1185535,Pm-3m,0.7009059889999993,False,5,True,Cs2 O3,0
Cs2O3,mp-1213719,I-43d,0.07277228049999884,False,20,True,Cs8 O12,0
Cs2SO4,mp-505782,Pnma,0.0,True,28,False,Cs8 S4 O16,7
Cs2SO4,mp-771898,Pnma,0.03740872821428454,False,28,True,Cs8 S4 O16,0
Cs3AsO4,mp-30119,Pnma,0.0,True,32,False,Cs12 As4 O16,1
CsBr,mp-22906,Pm-3m,0.0,True,2,False,Cs1 Br1,5
CsBr,mp-571222,Fm-3m,0.005111849999998697,False,2,False,Cs1 Br1,1
CsCl,mp-22865,Pm-3m,0.0,True,2,False,Cs1 Cl1,6
CsCl,mp-573697,Fm-3m,0.007141250000000099,False,2,False,Cs1 Cl1,2
CsF,mp-1784,Fm-3m,0.0,True,2,False,Cs1 F1,2
CsF,mp-8455,Pm-3m,0.10877166999999943,False,2,False,Cs1 F1,1
CsHO,mp-625136,Cmc2_1,0.0,True,6,True,Cs2 H2 O2,0
CsHO,mp-642682,P2_12_12_1,0.030045265000000043,False,12,True,Cs4 H4 O4,0
CsI,mp-614603,Fm-3m,0.0,True,2,False,Cs1 I1,1
CsI,mp-1056920,Pm-3m,0.03245251000000149,False,2,False,Cs1 I1,8
CsI,mp-1078801,Pmmn,0.011094708749997295,False,8,True,Cs4 I4,0
CsI,mp-1079694,Pnma,0.11313486750000123,False,8,False,Cs4 I4,1
CsI,mp-1444738,Pmmn,0.011447242499997401,False,4,True,Cs2 I2,0
CsO2,mp-1441,I4/mmm,0.03485998833333248,False,3,False,Cs1 O2,3
CsO2,mp-684583,Pnnm,0.07925093999999966,False,6,True,Cs2 O4,0
CsO2,mp-1096936,Cmmm,0.0940473483333335,False,3,True,Cs1 O2,0
CsO2,mp-1181502,Cmmm,0.03194090499999902,False,3,True,Cs1 O2,0
CsO2,mp-2037681,Immm,0.0,True,6,True,Cs2 O4,0
Cu,mp-30,Fm-3m,0.0,True,1,False,Cu1,18
Cu,mp-989695,P6_3/mmc,0.007716539999998773,False,4,True,Cu4,0
Cu,mp-989782,P6_3/mmc,0.012339934999999969,False,2,True,Cu2,0
Cu,mp-998890,Im-3m,0.033066179999998724,False,1,True,Cu1,1
Cu,mp-1010136,I4/mmm,0.035562810000000056,False,1,True,Cu1,2
Cu,mp-1056079,P2/m,1.9829344899999999,False,1,False,Cu1,1
Cu,mp-1059259,Cmcm,0.1557682199999988,False,2,True,Cu2,0
Cu,mp-1120774,P-3m1,0.18032071500000058,False,6,True,Cu6,0
Cu(HO)2,mp-505105,Cmc2_1,0.09785306749999734,False,10,False,Cu2 H4 O4,1
Cu(HO)2,mp-625179,P2_1,0.10451475449999759,False,10,True,Cu2 H4 O4,0
Cu(HO)2,mp-625181,Cc,0.10899055849999684,False,10,True,Cu2 H4 O4,0
Cu2O,mp-361,Pn-3m,0.0,True,6,False,Cu4 O2,17
Cu2S,mp-12087,Fm-3m,0.09426421770833393,False,3,False,Cu2 S1,1
Cu2S,mp-553942,P6_3/mmc,0.23845627437500028,False,6,False,Cu4 S2,2
Cu2S,mp-581212,P2_1/c,0.012637958263891136,False,144,False,Cu96 S48,3
Cu2S,mp-618991,P4_32_12,0.019474473958332794,False,12,False,Cu8 S4,1
Cu2S,mp-674831,P1,0.11094487881944559,False,18,True,Cu12 S6,0
Cu2S,mp-1225811,Imm2,0.05582426770833315,False,3,True,Cu2 S1,0
Cu2S,mp-1225835,C2/c,0.05689535312499849,False,6,True,Cu4 S2,0
Cu2S,mp-1225993,C2/m,0.061917154375001004,False,6,True,Cu4 S2,0
Cu2S,mp-1394093,I-42d,0.12767740937499994,False,6,True,Cu4 S2,0
Cu2S,mp-2014814,C2/m,0.07254491645833205,False,6,True,Cu4 S2,0
Cu2S,mp-2831205,I4_1/amd,0.09550164104166647,False,6,True,Cu4 S2,0
Cu2SO4,mp-28491,Fddd,0.02367336928571362,False,14,False,Cu4 S2 O8,1
Cu2SO4,mp-683170,P-1,0.044426714999999284,False,14,True,Cu4 S2 O8,0
Cu2SO5,mp-4386,C2/m,0.013340027500001739,False,16,False,Cu4 S2 O10,3
Cu2Sb,mp-1825,P4/nmm,0.03437157666666657,False,6,False,Cu4 Sb2,5
Cu2Se,mp-16366,Fm-3m,0.13308317083333243,False,3,False,Cu2 Se1,1
Cu2Se,mp-22297,F-43m,0.14938346083333265,False,3,False,Cu2 Se1,1
Cu2Se,mp-684525,Cm,0.12477215416666532,False,12,True,Cu8 Se4,0
Cu2Se,mp-684653,Pmn2_1,0.13169621583333324,False,6,True,Cu4 Se2,0
Cu2Se,mp-1021499,P4_32_12,0.11169057916666603,False,12,True,Cu8 Se4,0
Cu2Se,mp-1097707,P2_1/c,0.08263377020833218,False,144,True,Cu96 Se48,0
Cu2Se,mp-1225805,Imm2,0.11822724083333114,False,3,True,Cu2 Se1,0
Cu2Te,mp-1861,P6/mmm,0.13779224666666856,False,6,False,Cu4 Te2,4
Cu3(AsO4)2,mp-21209,P-1,0.004286641153846915,False,13,False,Cu3 As2 O8,1
Cu3(AsO4)2,mp-540858,P2_1/c,0.008088537884615832,False,52,False,Cu12 As8 O32,2
Cu3(AsO4)2,mp-554614,P2_1/c,0.0,True,26,False,Cu6 As4 O16,1
Cu3As,mp-1966,I-43d,0.0029220999999992614,False,32,False,Cu24 As8,3
Cu3As,mp-7634,P-3c1,0.06805578708333293,False,24,False,Cu18 As6,2
Cu3As,mp-8066,P-3c1,0.07952983499999888,False,24,False,Cu18 As6,1
Cu3As,mp-1184008,Pm-3m,0.04545219187500038,False,4,True,Cu3 As1,0
Cu3As,mp-1184017,P6_3/mmc,0.056309215624999354,False,8,True,Cu6 As2,0
Cu3As,mp-1245680,Pmmn,0.05813082812499992,False,8,True,Cu6 As2,0
Cu3As,mp-1246900,Fm-3m,0.13887182374999973,False,4,True,Cu3 As1,0
Cu3Au,mp-2258,Pm-3m,0.0,True,4,False,Cu3 Au1,6
Cu3P,mp-359,P-3c1,0.06851393406249962,False,24,False,Cu18 P6,3
Cu3P,mp-7463,P6_3cm,0.025262583854166465,False,24,False,Cu18 P6,2
Cu3P,mp-7540,P-3m1,0.05943006718749899,False,8,False,Cu6 P2,1
Cu3P,mp-14012,P-3c1,0.026024493854166053,False,24,False,Cu18 P6,1
CuAu,mp-522,P4/mmm,0.0,True,4,False,Cu2 Au2,8
CuAu,mp-582681,Imma,0.009104014499999646,False,20,False,Cu10 Au10,1
CuAu,mp-1225677,R-3m,0.07217244500000009,False,2,True,Cu1 Au1,0
CuBr,mp-22913,F-43m,0.0,True,2,False,Cu1 Br1,5
CuBr,mp-22917,P4/nmm,0.0018194724999993639,False,4,False,Cu2 Br2,2
CuBr,mp-23212,Pa-3,0.061495064999999016,False,16,False,Cu8 Br8,2
CuBr,mp-23227,P6_3/mmc,0.041542662499999494,False,4,False,Cu2 Br2,2
CuBr,mp-32880,I-4m2,0.001041819999999305,False,2,True,Cu1 Br1,0
CuBr,mp-570354,Fm-3m,0.18046763999999893,False,2,False,Cu1 Br1,1
CuBr2,mp-23219,C2/m,0.008433290000001037,False,3,False,Cu1 Br2,2
CuBr2,mp-1147530,P4/mmm,0.2057440633333334,False,3,True,Cu1 Br2,0
CuBr2,mp-1147532,I4/mmm,0.212431403333333,False,3,True,Cu1 Br2,0
CuBr2,mp-2360071,C2/m,0.0,True,3,False,Cu1 Br2,1
CuCN,mp-35308,R3m,0.23871636249999995,False,3,True,Cu1 C1 N1,0
CuCl,mp-22914,F-43m,0.002345060000000565,False,2,False,Cu1 Cl1,4
CuCl,mp-23287,Pa-3,0.045682925000000374,False,16,False,Cu8 Cl8,2
CuCl,mp-571386,Fm-3m,0.17805016000000018,False,2,False,Cu1 Cl1,1
CuCl,mp-1184046,P6_3mc,0.003259485000000062,False,4,True,Cu2 Cl2,0
CuCl,mp-1225654,R3m,0.004516120000000345,False,2,True,Cu1 Cl1,0
CuCl2,mp-30999,C2/m,0.0,True,3,False,Cu1 Cl2,2
CuCl2,mp-1147756,I4/mmm,0.20842027666666718,False,3,True,Cu1 Cl2,0
CuCl2,mp-1147758,P4/mmm,0.19712703000000076,False,3,True,Cu1 Cl2,0
CuCl2,mp-1238872,R-3m,0.08664603666666704,False,3,True,Cu1 Cl2,0
CuF,mp-10634,F-43m,0.34135678500000033,False,2,False,Cu1 F1,1
CuF2,mp-1229,P2_1/c,0.0,True,6,False,Cu2 F4,6
CuF2,mp-1147670,I4/mmm,0.10477139999999974,False,3,True,Cu1 F2,0
CuF2,mp-1147672,P4/mmm,0.10848685666666658,False,3,True,Cu1 F2,0
CuH10SO9,mp-605120,P-1,0.7975840447619067,False,42,False,Cu2 H20 S2 O18,6
CuH10SO9,mp-655377,P-1,0.2855695207142883,False,42,False,Cu2 H20 S2 O18,6
CuH10SO9,mp-720417,P-1,0.2536990126190499,False,42,False,Cu2 H20 S2 O18,1
CuH10SO9,mp-1196039,P-1,0.011371647857145284,False,42,False,Cu2 H20 S2 O18,6
CuH2SO5,mp-24522,P-1,0.0,True,18,False,Cu2 H4 S2 O10,2
CuH6SO7,mp-707170,Cc,0.006364722500000752,False,30,False,Cu2 H12 S2 O14,1
CuH6SO7,mp-1192826,Cc,0.005344862166666076,False,30,False,Cu2 H12 S2 O14,1
CuI,mp-22863,P4/nmm,0.013425672499998598,False,4,False,Cu2 I2,4
CuI,mp-22895,F-43m,0.007081990833333052,False,8,False,Cu4 I4,12
CuI,mp-23306,R-3m,0.2563664758333326,False,4,False,Cu2 I2,13
CuI,mp-32750,R3m,0.0074698162500013154,False,8,True,Cu4 I4,0
CuI,mp-569346,P6_3mc,0.008882400000000956,False,4,False,Cu2 I2,1
CuI,mp-570081,P-3m1,0.0,True,4,True,Cu2 I2,0
CuI,mp-570136,P3m1,0.0003449083333335601,False,12,False,Cu6 I6,1
CuI,mp-673245,Pc,0.008755909583332944,False,8,True,Cu4 I4,0
CuI,mp-1007922,Cmcm,0.05809090250000182,False,4,False,Cu2 I2,2
CuI,mp-1096937,Fm-3m,0.2384470108333332,False,2,True,Cu1 I1,0
CuMoO4,mp-541991,P-1,0.026755616458335574,False,36,False,Cu6 Mo6 O24,4
CuMoO4,mp-558040,P2_1/c,0.024770568541668148,False,48,False,Cu8 Mo8 O32,1
CuMoO4,mp-560888,P-1,0.036501489791668895,False,12,False,Cu2 Mo2 O8,1
CuMoO4,mp-619545,P-1,0.020015042291668728,False,36,False,Cu6 Mo6 O24,3
CuMoO4,mp-1047798,P2_1/c,0.06471824750000188,False,48,True,Cu8 Mo8 O32,0
CuMoO4,mp-1191323,P-1,0.03233343562500135,False,24,False,Cu4 Mo4 O16,1
CuMoO4,mp-1232333,I-4m2,0.13728801062500207,False,6,True,Cu1 Mo1 O4,0
CuO,mp-1692,P4_2/mmc,0.0,True,4,True,Cu2 O2,0
CuO,mp-14549,Fm-3m,0.17112737999999972,False,2,False,Cu1 O1,1
CuO,mp-25229,I4/mmm,0.5894081550000001,False,8,True,Cu4 O4,0
CuO,mp-510751,P4_2/nmc,0.1795342465624996,False,32,True,Cu16 O16,0
CuO,mp-510752,Pnma,0.1527847362500001,False,16,True,Cu8 O8,0
CuO,mp-704645,C2/c,0.00026465499999961395,False,4,False,Cu2 O2,27
CuO,mp-1064456,Cccm,0.0010805249999998878,False,4,True,Cu2 O2,0
CuO,mp-1120722,Pm-3m,0.335388066666666,False,6,True,Cu3 O3,0
CuO,mp-1147768,P4/mmm,0.27755200999999996,False,6,True,Cu3 O3,0
CuP2,mp-927,P2_1/c,0.0,True,12,False,Cu4 P8,3
CuS,mp-504,P6_3/mmc,0.00013018249999774412,False,12,False,Cu6 S6,12
CuS,mp-555599,Cmcm,0.0,True,12,False,Cu6 S6,1
CuS,mp-558139,P6_3/mmc,0.2860825766666668,False,4,False,Cu2 S2,1
CuS,mp-760381,F-43m,0.009944081666665383,False,2,True,Cu1 S1,0
CuS,mp-1023128,Fm-3m,0.12490597166666717,False,2,True,Cu1 S1,0
CuS,mp-1096941,P3m1,0.29321935666666654,False,2,True,Cu1 S1,0
CuSO4,mp-20525,Pnma,0.0,True,24,False,Cu4 S4 O16,4
CuSe,mp-488,P6_3/mmc,0.0007449874999991835,False,12,False,Cu6 Se6,19
CuSe,mp-568998,P6_3/mmc,0.21778308749999908,False,12,True,Cu6 Se6,1
CuSe,mp-571486,Cmcm,0.0,True,12,False,Cu6 Se6,1
CuSe,mp-580226,P4/nmm,0.053843252500000105,False,4,True,Cu2 Se2,1
CuSe,mp-582060,P6_3/mmc,0.22670859249999964,False,12,True,Cu6 Se6,1
CuSeO3,mp-22414,Pnma,0.028767922499999266,False,20,False,Cu4 Se4 O12,3
CuSeO3,mp-22688,Pbca,0.012697126749998233,False,40,False,Cu8 Se8 O24,2
CuSeO3,mp-554440,P2_1/c,0.011270403249998395,False,40,False,Cu8 Se8 O24,1
CuSeO3,mp-560049,P-1,0.002367921999997691,False,30,False,Cu6 Se6 O18,1
CuTe,mp-20826,Pmmn,0.0,True,4,False,Cu2 Te2,6
CuTe,mp-623012,Pmmn,0.10122377249999914,False,4,False,Cu2 Te2,1
CuTe,mp-1181516,Pmmn,0.8105550675000011,False,4,True,Cu2 Te2,0
CuTe,mp-1238498,Pmmn,0.11241863249999895,False,4,False,Cu2 Te2,1
CuTe,mp-1978391,I4/mmm,0.1110331424999984,False,2,True,Cu1 Te1,0
Dy,mp-88,P6_3/mmc,0.0,True,2,False,Dy2,9
Dy,mp-10658,R-3m,0.011588688333336705,False,3,False,Dy3,3
Dy,mp-10750,Fm-3m,0.021323329999997753,False,4,False,Dy4,1
Dy,mp-10751,Im-3m,0.12758030499999862,False,1,False,Dy1,1
Dy,mp-1184067,P6_3/mmc,0.002235662499998625,False,4,True,Dy4,0
Dy2O3,mp-2345,Ia-3,0.0,True,40,False,Dy16 O24,13
Dy2O3,mp-13064,P-3m1,0.045606506249997736,False,5,True,Dy2 O3,1
Dy2O3,mp-555574,C2/m,0.02789409558333311,False,15,True,Dy6 O9,1
Dy2O3,mp-673165,Pn-3m,3.1436428030000005,False,10,True,Dy4 O6,0
Dy2O3,mp-1225275,P-4m2,0.25386185400000016,False,5,True,Dy2 O3,0
DyCl3,mp-28448,Cmcm,0.0,True,8,False,Dy2 Cl6,1
DyF3,mp-1212843,Pnma,0.0,True,16,True,Dy4 F12,0
DyF3,mp-1212889,P-3c1,0.025540893749998794,False,24,True,Dy6 F18,0
Er,mp-99,P6_3/mmc,0.01244172166666857,False,2,False,Er2,7
Er,mp-10752,Fm-3m,0.0668589666666648,False,1,False,Er1,1
Er,mp-10753,Im-3m,0.13939002666666767,False,1,False,Er1,1
Er,mp-1184113,P6_3/mmc,0.022770859166669766,False,4,True,Er4,0
Er,mp-1184115,R-3m,0.0,True,3,True,Er3,0
Er2O3,mp-679,Ia-3,0.0,True,40,False,Er16 O24,17
Er2O3,mp-2460,C2/m,0.034199426166669156,False,15,False,Er6 O9,2
Er2O3,mp-13066,P-3m1,0.05974014150000073,False,5,True,Er2 O3,1
Er2O3,mp-1225560,R3m,0.13631459199999973,False,5,True,Er2 O3,0
ErCl3,mp-863029,P6_3/mmc,0.0,True,8,True,Er2 Cl6,0
ErF3,mp-9371,Pnma,0.0,True,16,False,Er4 F12,1
Eu,mp-20071,Im-3m,0.04143960500000077,False,1,False,Eu1,7
Eu,mp-21462,P6_3/mmc,0.0,True,2,False,Eu2,3
Eu,mp-623532,Fm-3m,0.03111011499999705,False,1,True,Eu1,1
Eu,mp-1057315,Cmcm,0.015575354999995739,False,2,False,Eu2,2
Eu,mp-1077457,R-3c,0.08845976166666247,False,6,False,Eu6,1
Eu,mp-1184367,P6_3/mmc,0.012353204999996592,False,4,True,Eu4,0
Eu2O3,mp-647924,C2/m,0.011704752000001761,False,15,False,Eu6 O9,4
Eu2O3,mp-1017564,P-3m1,0.0,True,5,False,Eu2 O3,1
Eu2O3,mp-1182469,Ia-3,0.2732095062500015,False,40,False,Eu16 O24,5
EuBr2,mp-23311,P4/n,0.0,True,30,False,Eu10 Br20,2
EuBr2,mp-1184273,P4_2/mnm,0.03475004099999701,False,6,True,Eu2 Br4,0
EuBr3,mp-1184529,P6_3/mmc,0.28080552250000057,False,8,True,Eu2 Br6,0
EuBr3,mp-1205810,Cmcm,0.0,True,8,True,Eu2 Br6,0
EuCl3,mp-569895,P6_3/m,0.0,True,8,False,Eu2 Cl6,1
EuCl3,mp-2050029,P2_1/m,0.0002707149999991998,False,8,True,Eu2 Cl6,0
EuF3,mp-19908,Pnma,0.0,True,16,False,Eu4 F12,1
EuS,mp-20587,Fm-3m,0.0,True,2,False,Eu1 S1,18
EuS,mp-1002210,Pm-3m,0.3334801600000006,False,2,True,Eu1 S1,1
EuS,mp-1072244,I4/mmm,0.15976958499999583,False,6,False,Eu3 S3,2
Fe,mp-13,Im-3m,0.0,True,2,False,Fe2,31
Fe,mp-136,P6_3/mmc,0.09780592000000077,False,2,False,Fe2,12
Fe,mp-150,Fm-3m,0.14836450000000134,False,1,False,Fe1,46
Fe,mp-568345,Pm-3m,0.7614121600000008,False,6,True,Fe6,0
Fe,mp-1096950,P6/mmm,0.4766994200000001,False,1,True,Fe1,0
Fe,mp-1194030,P4_2/mnm,0.17528872000000106,False,28,True,Fe28,1
Fe,mp-1245108,P1,0.27945549730000074,False,100,True,Fe100,0
Fe,mp-1271068,I4/mmm,0.0170698550000008,False,4,True,Fe4,0
Fe,mp-1271128,I4/mmm,0.09913460000000107,False,2,True,Fe2,0
Fe,mp-1271198,Cmcm,0.05499203499999972,False,4,True,Fe4,0
Fe(CO)5,mp-616561,C2/c,0.6121751349999931,False,22,False,Fe2 C10 O10,3
Fe(CO)5,mp-837859,Cc,0.7117812577272655,False,22,False,Fe2 C10 O10,1
Fe(HO)2,mp-626680,P-3m1,0.00042819150000106276,False,5,True,Fe1 H2 O2,0
Fe(HO)2,mp-626689,C2,0.014011894500000288,False,5,True,Fe1 H2 O2,0
Fe(HO)2,mp-1272250,C2/m,0.0004686480000009041,False,20,True,Fe4 H8 O8,0
Fe2(SO4)3,mp-540767,R-3,0.0,True,34,False,Fe4 S6 O24,2
Fe2(SO4)3,mp-540894,P2_1/c,0.007453446911764416,False,68,False,Fe8 S12 O48,4
Fe2B,mp-1915,I4/mcm,0.0,True,6,False,Fe4 B2,13
Fe2B,mp-568748,P4/mmm,0.37360417499999965,False,3,True,Fe2 B1,3
Fe2CoO4,mp-36738,P3_121,0.12182715940476196,False,42,True,Fe12 Co6 O24,0
Fe2CoO4,mp-532300,Cm,0.07462097660714306,False,56,True,Fe16 Co8 O32,0
Fe2CoO4,mp-685218,Cm,0.0801581019047628,False,84,True,Fe24 Co12 O48,0
Fe2CoO4,mp-691111,C2,0.07227514773809496,False,42,True,Fe12 Co6 O24,0
Fe2CoO4,mp-753222,Fd-3m,0.010229785357144472,False,14,False,Fe4 Co2 O8,2
Fe2CoO4,mp-765860,Imma,0.05538123749999979,False,14,True,Fe4 Co2 O8,0
Fe2CoO4,mp-1381564,I4_1/amd,0.500111340357142,False,14,True,Fe4 Co2 O8,0
Fe2CuO4,mp-33546,Imma,0.12068699285713613,False,14,True,Fe4 Cu2 O8,0
Fe2CuO4,mp-38090,Cm,0.11075433190475525,False,42,True,Fe12 Cu6 O24,0
Fe2CuO4,mp-685418,Cm,0.11787843267856424,False,56,True,Fe16 Cu8 O32,0
Fe2CuO4,mp-770107,Fd-3m,0.08148958785713578,False,14,True,Fe4 Cu2 O8,0
Fe2CuO4,mp-1289263,Imma,0.08348298785713659,False,14,True,Fe4 Cu2 O8,0
Fe2NiO4,mp-22684,Fd-3m,0.08234843142857073,False,14,False,Fe4 Ni2 O8,4
Fe2NiO4,mp-35596,Imma,0.0,True,14,True,Fe4 Ni2 O8,1
Fe2NiO4,mp-530214,Cm,0.08702131553571313,False,56,True,Fe16 Ni8 O32,0
Fe2NiO4,mp-699378,P1,0.09039761828571447,False,70,True,Fe20 Ni10 O40,0
Fe2NiO4,mp-1326188,P1,1.3515580818571422,False,70,True,Fe20 Ni10 O40,0
Fe2O3,mp-1456,P4_12_12,0.11935988124999941,False,160,False,Fe64 O96,2
Fe2O3,mp-19770,R-3c,0.0,True,10,False,Fe4 O6,65
Fe2O3,mp-510080,Pbcn,0.13072120549999866,False,20,False,Fe8 O12,2
Fe2O3,mp-542896,Pna2_1,0.11584458449999957,False,40,False,Fe16 O24,5
Fe2O3,mp-557546,P3,0.5277969853333335,False,30,False,Fe12 O18,1
Fe2O3,mp-565814,Ia-3,0.07129889575000004,False,40,False,Fe16 O24,2
Fe2O3,mp-685153,P1,0.2253576683749996,False,160,True,Fe64 O96,0
Fe2O3,mp-705547,Cm,0.15985293174999882,False,40,True,Fe16 O24,0
Fe2O3,mp-715276,Pna2_1,0.13394627499999956,False,20,True,Fe8 O12,0
Fe2O3,mp-715572,C2,0.07717755074999921,False,40,True,Fe16 O24,0
Fe2O3,mp-716814,P3,0.5030479953333336,False,30,True,Fe12 O18,0
Fe2O3,mp-776606,P1,0.12302155375000012,False,40,True,Fe16 O24,0
Fe2O3,mp-1068212,Pm-3m,0.8596096119999999,False,5,True,Fe2 O3,0
Fe2O3,mp-1078361,Cmcm,0.2364507489999994,False,10,False,Fe4 O6,3
Fe2O3,mp-1178392,Pbca,0.1128551132499993,False,40,True,Fe16 O24,0
Fe2O3,mp-1181824,C2/c,0.16812650899999948,False,10,True,Fe4 O6,0
Fe2O3,mp-1205415,Pnma,0.17734356649999938,False,20,True,Fe8 O12,0
Fe2O3,mp-1244869,P1,0.2895096190000004,False,80,True,Fe32 O48,0
Fe2O3,mp-1244911,P1,0.2738948641250003,False,80,True,Fe32 O48,0
Fe2O3,mp-1245019,P1,0.28865221337499847,False,80,True,Fe32 O48,0
Fe2O3,mp-1245078,P1,0.3058211401250004,False,80,True,Fe32 O48,0
Fe2O3,mp-1245084,P1,0.552117231375,False,80,True,Fe32 O48,0
Fe2O3,mp-1245154,P1,0.32087627299999966,False,80,True,Fe32 O48,0
Fe2O3,mp-1245277,P1,0.344294899124999,False,80,True,Fe32 O48,0
Fe2O3,mp-1356129,I2_12_12_1,0.08465900949999927,False,40,True,Fe16 O24,0
Fe2O3,mp-1378486,Cmcm,0.27517341949999974,False,20,True,Fe8 O12,0
Fe2SiO4,mp-18816,Fd-3m,0.03864264928571437,False,14,False,Fe4 Si2 O8,29
Fe2SiO4,mp-20313,Pnma,0.0,True,28,False,Fe8 Si4 O16,28
Fe2SiO4,mp-675586,P3m1,0.1689942983333328,False,42,True,Fe12 Si6 O24,0
Fe2SiO4,mp-1103684,Imma,0.39845049642857067,False,14,False,Fe4 Si2 O8,3
Fe2SiO4,mp-1192494,P2_1/c,0.005557283928570911,False,28,True,Fe8 Si4 O16,1
Fe3(AsO4)2,mp-1212748,C2/m,0.2689137244444444,False,13,True,Fe3 As2 O8,0
Fe3C,mp-13154,P6_322,0.056359594999999985,False,8,False,Fe6 C2,3
Fe3C,mp-510623,Pnma,0.05671033062500008,False,16,False,Fe12 C4,51
Fe3C,mp-613523,Pnma,0.12433581375000102,False,16,False,Fe12 C4,1
Fe3C,mp-1182630,Pmmn,0.2775626943749998,False,16,True,Fe12 C4,0
Fe3C,mp-1188724,Pnma,4.327040171875,False,16,False,Fe12 C4,1
Fe3C,mp-1205436,I-42m,0.1606895156250001,False,16,True,Fe12 C4,0
Fe3C,mp-1205444,C2/m,0.16057240499999992,False,16,True,Fe12 C4,1
Fe3O4,mp-18731,Cmcm,0.10574521714285723,False,14,False,Fe6 O8,7
Fe3O4,mp-19306,Fd-3m,0.013059251428572338,False,14,False,Fe6 O8,101
Fe3O4,mp-31770,Imma,0.014706598571429197,False,14,False,Fe6 O8,1
Fe3O4,mp-505595,Pbcm,0.16390258107142852,False,28,False,Fe12 O16,1
Fe3O4,mp-510252,Pmma,0.07248957892857177,False,28,False,Fe12 O16,2
Fe3O4,mp-611817,F-43m,0.7030325821428569,False,14,False,Fe6 O8,1
Fe3O4,mp-612405,Cm,0.1747377935714285,False,14,True,Fe6 O8,0
Fe3O4,mp-650112,Pbcm,0.056803058035713505,False,56,True,Fe24 O32,2
Fe3O4,mp-705416,Pbcm,0.14323391517857154,False,56,True,Fe24 O32,0
Fe3O4,mp-715275,Pmc2_1,0.11136832857142842,False,28,True,Fe12 O16,0
Fe3O4,mp-715438,Cmc2_1,0.10777842642857127,False,14,True,Fe6 O8,0
Fe3O4,mp-715558,R-3m,0.07594847357142953,False,28,True,Fe12 O16,0
Fe3O4,mp-715614,C2/m,0.4657218107142862,False,14,True,Fe6 O8,0
Fe3O4,mp-715811,C2/m,0.07625069500000059,False,28,True,Fe12 O16,0
Fe3O4,mp-716052,Pmna,0.0728338621428577,False,28,True,Fe12 O16,0
Fe3O4,mp-1104628,Pmma,1.0657680021428568,False,14,True,Fe6 O8,3
Fe3O4,mp-1181340,P2/m,0.12159218857142928,False,7,True,Fe3 O4,0
Fe3O4,mp-1181546,P2/m,0.07338724642857208,False,28,True,Fe12 O16,0
Fe3O4,mp-1181570,Pc,0.1299855007142865,False,28,True,Fe12 O16,0
Fe3O4,mp-1181657,P2/m,0.03779048607142954,False,28,True,Fe12 O16,0
Fe3O4,mp-1181813,Pmc2_1,0.045893120000000565,False,56,True,Fe24 O32,0
Fe3O4,mp-1182229,Pm,0.12213676250000027,False,56,True,Fe24 O32,0
Fe3O4,mp-1182249,P1,0.04983664017857059,False,56,True,Fe24 O32,0
Fe3O4,mp-1185276,P1,0.05624860392857123,False,56,True,Fe24 O32,0
Fe3O4,mp-1192788,Pbcm,0.10622849357142794,False,28,True,Fe12 O16,0
Fe3O4,mp-1271729,C2,0.05921472321428567,False,28,True,Fe12 O16,0
Fe3O4,mp-1271821,C2/c,0.021696243214286426,False,28,True,Fe12 O16,0
Fe3O4,mp-1271978,P1,0.026525355714285936,False,28,True,Fe12 O16,0
Fe3O4,mp-1379262,Pm,0.9738703048214283,False,56,True,Fe24 O32,0
Fe3O4,mp-2903347,Cmmm,0.10346851428571391,False,7,True,Fe3 O4,0
Fe4N,mp-535,Pm-3m,0.06999223100000052,False,5,False,Fe4 N1,3
Fe4N,mp-1225203,R-3m,0.2152588790000003,False,5,True,Fe4 N1,0
Fe7S8,mp-21688,P3_1,0.16568155700000098,False,45,False,Fe21 S24,1
Fe7S8,mp-542794,C2/c,0.12639677800000104,False,30,False,Fe14 S16,3
Fe7S8,mp-556435,P3_121,0.1263903043333343,False,45,False,Fe21 S24,1
Fe7S8,mp-685128,P2_1/c,0.166671819666667,False,30,True,Fe14 S16,0
Fe7S8,mp-850411,P2_1,0.16298192133333345,False,30,True,Fe14 S16,0
FeAsO4,mp-19398,Imma,0.022131777222221594,False,36,False,Fe6 As6 O24,2
FeAsO4,mp-21016,P2_1/c,0.0,True,24,False,Fe4 As4 O16,2
FeB,mp-20787,Pnma,0.016383868750000197,False,8,False,Fe4 B4,12
FeB,mp-1007881,Cmcm,0.0,True,4,False,Fe2 B2,1
FeB,mp-1080525,I4_1/amd,0.008399646250000004,False,8,True,Fe4 B4,1
FeB,mp-1189845,P4_2/ncm,0.35672161624999976,False,16,False,Fe8 B8,1
FeBr2,mp-22880,P-3m1,0.0,True,3,False,Fe1 Br2,2
FeBr3,mp-23232,R-3,0.0,True,8,False,Fe2 Br6,2
FeCO3,mp-18969,R-3c,0.0,True,10,False,Fe2 C2 O6,12
FeCO3,mp-675126,Cc,1.5176779809999994,False,10,True,Fe2 C2 O6,0
FeCl2,mp-23229,R-3m,0.021833396666667504,False,3,False,Fe1 Cl2,4
FeCl2,mp-571096,P-3m1,0.0,True,3,False,Fe1 Cl2,1
FeCl3,mp-23204,R-3,0.07490998375000046,False,8,False,Fe2 Cl6,4
FeCl3,mp-583463,P312,0.0014977854166655646,False,24,True,Fe6 Cl18,0
FeCl3,mp-645418,P1,0.1514866175000007,False,8,True,Fe2 Cl6,0
FeCl3,mp-676241,P1,0.02585396250000027,False,8,True,Fe2 Cl6,0
FeCl3,mp-1049060,P1,0.0,True,8,True,Fe2 Cl6,0
FeCl3,mp-1182789,P-3,0.002252536874999933,False,96,True,Fe24 Cl72,0
FeClO,mp-540828,Pmmn,0.17839837611111342,False,6,False,Fe2 Cl2 O2,4
FeCu5S4,mp-675830,Pm,0.07899169212500201,False,10,True,Fe1 Cu5 S4,0
FeCu5S4,mp-760980,R3m,0.10121751912500176,False,10,True,Fe1 Cu5 S4,0
FeCuO2,mp-505110,P6_3/mmc,0.005070471249987385,False,8,False,Fe2 Cu2 O4,1
FeCuO2,mp-510281,R-3m,0.0,True,4,False,Fe1 Cu1 O2,9
FeCuS2,mp-3497,I-42d,0.12116905375000009,False,8,False,Fe2 Cu2 S4,10
FeCuS2,mp-640073,P-4m2,0.12356326624999969,False,4,False,Fe1 Cu1 S2,1
FeCuS2,mp-753211,P3m1,0.17000752374999983,False,4,True,Fe1 Cu1 S2,0
FeCuS2,mp-1096975,R3m,0.12811530624999978,False,4,True,Fe1 Cu1 S2,0
FeCuS2,mp-1224949,P-4m2,0.27622658125000044,False,4,True,Fe1 Cu1 S2,0
FeF2,mp-556911,P4_2/mnm,0.0,True,6,False,Fe2 F4,7
FeF3,mp-22398,R-3c,0.0,True,8,False,Fe2 F6,17
FeF3,mp-558852,Pm-3m,0.020977064583333593,False,12,True,Fe3 F9,0
FeF3,mp-559450,Fd-3m,0.02045475875000058,False,16,False,Fe4 F12,1
FeF3,mp-1096967,Cmcm,0.011904239583333975,False,24,True,Fe6 F18,0
FeF3,mp-1181398,P321,0.049932257500000965,False,12,False,Fe3 F9,1
FeF3,mp-1181783,C2/c,0.019842060416667806,False,8,True,Fe2 F6,0
FeHO2,mp-24200,Cmc2_1,0.5583521518749999,False,8,False,Fe2 H2 O4,2
FeHO2,mp-24992,Cmcm,0.557788064375,False,8,True,Fe2 H2 O4,0
FeHO2,mp-510670,Pmn2_1,0.050746436875000356,False,8,False,Fe2 H2 O4,3
FeHO2,mp-605437,Pnma,0.0,True,16,False,Fe4 H4 O8,6
FeHO2,mp-625220,Pmc2_1,0.05410678124999979,False,16,True,Fe4 H4 O8,0
FeHO2,mp-625251,P2_12_12_1,0.3937495506250004,False,16,True,Fe4 H4 O8,0
FeHO2,mp-625252,Pna2_1,0.11943315312499969,False,16,True,Fe4 H4 O8,0
FeHO2,mp-625275,Pnma,0.1724320256249996,False,16,True,Fe4 H4 O8,0
FeHO2,mp-625282,P2_1,0.14743091124999985,False,16,True,Fe4 H4 O8,0
FeHO2,mp-625838,P1,0.1196221167187499,False,64,True,Fe16 H16 O32,0
FeHO2,mp-625883,P1,0.11080639562499961,False,64,True,Fe16 H16 O32,0
FeHO2,mp-626070,P1,0.2821002190625004,False,64,True,Fe16 H16 O32,0
FeHO2,mp-626088,Cmc2_1,0.006800814374999575,False,16,True,Fe4 H4 O8,0
FeHO2,mp-626305,P1,0.2783844493750003,False,64,True,Fe16 H16 O32,0
FeHO2,mp-626307,I4/m,0.15285958062499994,False,16,True,Fe4 H4 O8,0
FeHO2,mp-626316,I4/m,0.05515319875000024,False,16,True,Fe4 H4 O8,0
FeHO2,mp-626379,I-4,0.19299025374999967,False,16,True,Fe4 H4 O8,0
FeHO2,mp-626495,P2_1/m,0.05491405124999993,False,16,True,Fe4 H4 O8,0
FeHO2,mp-626570,P1,0.20319355453125,False,64,True,Fe16 H16 O32,0
FeHO2,mp-626573,P1,0.17507127203124995,False,64,True,Fe16 H16 O32,0
FeHO2,mp-696580,Cmcm,0.03680858124999986,False,16,False,Fe4 H4 O8,1
FeHO2,mp-755285,P3m1,0.07720499249999957,False,16,True,Fe4 H4 O8,0
FeHO2,mp-1181413,Pnma,0.24899812187500014,False,16,True,Fe4 H4 O8,0
FeHO2,mp-1181530,P2_1,0.17878519687500027,False,16,True,Fe4 H4 O8,0
FeHO2,mp-1181604,P1,0.12112368312499999,False,16,True,Fe4 H4 O8,0
FeHO2,mp-1182152,P1,0.1330022320312496,False,64,True,Fe16 H16 O32,0
FeHO2,mp-1182431,P1,0.1828720800000001,False,64,True,Fe16 H16 O32,0
FeHO2,mp-1182700,P1,0.1058133528124996,False,64,True,Fe16 H16 O32,0
FeHO2,mp-1188622,I4/m,0.055224436875000116,False,16,True,Fe4 H4 O8,0
FeHO2,mp-1274672,C2/m,0.06968453687500009,False,16,True,Fe4 H4 O8,0
FeI2,mp-571122,P-3m1,0.0,True,3,False,Fe1 I2,1
FeMoO4,mp-505526,C2/m,0.00044858062499208984,False,24,False,Fe4 Mo4 O16,2
FeMoO4,mp-541843,C2/m,0.00044858062499208984,False,24,True,Fe4 Mo4 O16,0
FeO,mp-18905,Fm-3m,0.41017474499999995,False,4,False,Fe2 O2,14
FeO,mp-715262,I4/mmm,0.00928005499999962,False,4,True,Fe2 O2,0
FeO,mp-753682,P4_2/mmc,0.08710199499999938,False,8,True,Fe4 O4,0
FeO,mp-754765,P6_3mc,0.4628708662500003,False,8,True,Fe4 O4,0
FeO,mp-755189,P6_3/mmc,0.11348673250000019,False,4,True,Fe2 O2,0
FeO,mp-756436,C2/m,0.11562828499999966,False,4,True,Fe2 O2,0
FeO,mp-849689,P-62c,0.1037994583333326,False,24,True,Fe12 O12,0
FeO,mp-1178232,C2/m,0.012036055000001156,False,8,True,Fe4 O4,0
FeO,mp-1178239,Cc,0.3000672362500003,False,8,True,Fe4 O4,0
FeO,mp-1178247,P31c,0.11126774625000024,False,24,True,Fe12 O12,0
FeO,mp-1181437,I4/mmm,1.0528629399999998,False,2,True,Fe1 O1,0
FeO,mp-1244983,P1,0.2778206164999988,False,80,True,Fe40 O40,0
FeO,mp-1245001,P1,0.32033819274999953,False,80,True,Fe40 O40,0
FeO,mp-1245168,P1,0.30569472074999915,False,80,True,Fe40 O40,0
FeO,mp-1274279,C2/m,0.0,True,8,True,Fe4 O4,0
FeO,mp-1283030,C2/c,0.014061861250000973,False,8,True,Fe4 O4,0
FeO,mp-1974703,P-1,0.1682073175000003,False,8,True,Fe4 O4,0
FeO,mp-2767639,C2/c,0.10932016125000033,False,8,True,Fe4 O4,0
FeP(H2O3)2,mp-510510,Pbca,0.009198996770833467,False,96,False,Fe8 P8 H32 O48,2
FeP(H2O3)2,mp-510511,P2_1/c,0.011660386041666193,False,48,False,Fe4 P4 H16 O24,2
FePO4,mp-19109,P3_121,0.009618234999999586,False,18,False,Fe3 P3 O12,17
FePO4,mp-19752,P6_422,0.02965762194444377,False,36,False,Fe6 P6 O24,3
FePO4,mp-20361,Pnma,0.04156897000000015,False,24,False,Fe4 P4 O16,5
FePO4,mp-25303,Cmcm,0.044378919583333065,False,12,False,Fe2 P2 O8,1
FePO4,mp-26612,P31c,0.16459480541666593,False,36,True,Fe6 P6 O24,0
FePO4,mp-26792,Pna2_1,0.04377988625000029,False,24,True,Fe4 P4 O16,0
FePO4,mp-504149,P2_1/c,0.028182068611110722,False,72,True,Fe12 P12 O48,0
FePO4,mp-504276,Pc,0.017866980416666678,False,24,True,Fe4 P4 O16,0
FePO4,mp-540111,Pna2_1,0.019793519999999454,False,24,True,Fe4 P4 O16,0
FePO4,mp-559295,Pbca,0.025890503124998965,False,48,False,Fe8 P8 O32,1
FePO4,mp-561445,P2_1/c,0.008679345416666706,False,24,False,Fe4 P4 O16,1
FePO4,mp-694541,P2_1/c,0.05400199999999966,False,24,True,Fe4 P4 O16,0
FePO4,mp-704220,R3,0.04522973402777719,False,36,True,Fe6 P6 O24,0
FePO4,mp-704299,Cc,0.027717312604166544,False,96,True,Fe16 P16 O64,0
FePO4,mp-705201,Cc,0.031848178645833336,False,96,True,Fe16 P16 O64,0
FePO4,mp-752872,P2_1/c,0.09461723999999894,False,24,True,Fe4 P4 O16,0
FePO4,mp-753395,P-1,0.0,True,12,True,Fe2 P2 O8,0
FePO4,mp-753636,Pc,0.11053134708333356,False,24,True,Fe4 P4 O16,0
FePO4,mp-753756,Pna2_1,0.04041031458333322,False,24,True,Fe4 P4 O16,0
FePO4,mp-760343,I-4,0.01746425124999984,False,24,True,Fe4 P4 O16,0
FePO4,mp-766442,Pca2_1,0.026914260416666558,False,48,True,Fe8 P8 O32,0
FePO4,mp-766460,Pca2_1,0.02766077937500011,False,48,True,Fe8 P8 O32,0
FePO4,mp-772512,R-3c,0.06207269624999956,False,36,True,Fe6 P6 O24,0
FePO4,mp-776288,Pnma,0.047334713333333944,False,24,True,Fe4 P4 O16,0
FePO4,mp-1048924,C2/c,0.20172496479166657,False,48,True,Fe8 P8 O32,0
FePO4,mp-1225011,P1,0.06579605152777646,False,36,True,Fe6 P6 O24,0
FePO4,mp-2216699,P1,0.02742087583333319,False,24,True,Fe4 P4 O16,0
FePO4,mp-2234217,C222,0.03750972347222259,False,18,True,Fe3 P3 O12,0
FePO4,mp-2234625,Pmn2_1,0.10035654374999936,False,24,True,Fe4 P4 O16,0
FePO4,mp-2236419,C2,0.030974155694444505,False,18,True,Fe3 P3 O12,0
FeS,mp-2099,P6_3/mmc,0.31573313500000033,False,4,False,Fe2 S2,6
FeS,mp-2779,P-62c,0.2995315704166668,False,24,False,Fe12 S12,22
FeS,mp-21410,Pnma,0.22938854000000042,False,8,False,Fe4 S4,9
FeS,mp-22652,P2_1/c,0.16590487583333324,False,24,False,Fe12 S12,4
FeS,mp-505531,P4/nmm,0.0,True,4,False,Fe2 S2,8
FeS,mp-616476,P6_3mc,0.2727068537499999,False,16,False,Fe8 S8,3
FeS,mp-849057,P-3m1,0.26987320250000035,False,4,True,Fe2 S2,0
FeS2,mp-226,Pa-3,0.010058665833334146,False,12,False,Fe4 S8,18
FeS2,mp-1522,Pnnm,0.0,True,6,False,Fe2 S4,8
FeS2,mp-615366,Pcca,0.43857864499999977,False,12,True,Fe4 S8,0
FeS2,mp-850009,P2/c,0.43810483166666625,False,12,True,Fe4 S8,0
FeS2,mp-1383615,I-42d,0.3646938600000009,False,6,True,Fe2 S4,0
FeS2,mp-1393120,R-3m,0.2506398783333337,False,12,True,Fe4 S8,0
FeS2,mp-1404610,Fd-3m,0.25117220083333347,False,12,True,Fe4 S8,0
FeS2,mp-1430160,R-3m,0.20468143833333396,False,3,True,Fe1 S2,0
FeSO4,mp-19112,Cmcm,0.0013303233333319398,False,24,False,Fe4 S4 O16,1
FeSO4,mp-19254,Pnma,0.0,True,24,False,Fe4 S4 O16,3
FeSi,mp-871,P2_13,0.0,True,8,False,Fe4 Si4,19
FeSi2,mp-1714,Cmce,0.0,True,24,False,Fe8 Si16,8
FeSi2,mp-20738,P4/mmm,0.07032300208333453,False,3,False,Fe1 Si2,6
FeSiO3,mp-18269,C2/c,0.018215754666666584,False,20,False,Fe4 Si4 O12,4
FeSiO3,mp-21939,Pbca,0.015311726541668236,False,80,False,Fe16 Si16 O48,7
FeSiO3,mp-650392,P-1,0.023068397888890146,False,90,False,Fe18 Si18 O54,1
FeSiO3,mp-1199561,P2_1/c,0.015693276416667956,False,40,False,Fe8 Si8 O24,1
FeSiO3,mp-2767577,P-1,0.03642828933333675,False,20,True,Fe4 Si4 O12,0
FeTe2,mp-19880,Pnnm,0.0,True,6,False,Fe2 Te4,7
FeTe2,mp-1102002,Pa-3,0.04490969833333569,False,12,False,Fe4 Te8,1
FeTe2,mp-1224800,P-3m1,0.12368959833333548,False,3,True,Fe1 Te2,0
FeWO4,mp-19421,P2/c,0.0,True,12,False,Fe2 W2 O8,5
Ga,mp-140,I4/mmm,0.12798925999999966,False,1,False,Ga1,2
Ga,mp-142,Cmce,0.0,True,4,False,Ga4,9
Ga,mp-10021,Cmcm,0.0833919949999995,False,2,False,Ga2,2
Ga,mp-567540,Cmcm,0.08197489700000027,False,20,False,Ga20,1
Ga,mp-569007,R-3m,0.08874567863636251,False,22,False,Ga22,1
Ga,mp-569423,I-43d,0.10016806166666647,False,6,False,Ga6,1
Ga,mp-1007857,Cmce,0.12453846500000054,False,4,True,Ga4,1
Ga,mp-1067880,Cmcm,0.011309182499999793,False,4,True,Ga4,1
Ga2O3,mp-886,C2/m,0.0,True,10,False,Ga4 O6,5
Ga2O3,mp-1243,R-3c,0.011431887000000529,False,10,False,Ga4 O6,4
Ga2O3,mp-13134,Cmcm,0.28407511099999905,False,10,True,Ga4 O6,1
Ga2O3,mp-685090,P1,0.21699619374999912,False,40,True,Ga16 O24,0
Ga2O3,mp-1181342,C2/c,1.8805373229999995,False,10,True,Ga4 O6,0
Ga2O3,mp-1244900,P1,0.14697719049999858,False,80,True,Ga32 O48,0
Ga2O3,mp-1244932,P1,0.1864641593749985,False,80,True,Ga32 O48,0
Ga2O3,mp-1244938,P1,0.16705740937499947,False,80,True,Ga32 O48,0
Ga2O3,mp-1245018,P1,0.1746315717499991,False,80,True,Ga32 O48,0
Ga2O3,mp-1245167,P1,0.15684849099999898,False,80,True,Ga32 O48,0
Ga2S3,mp-539,Cc,0.0,True,10,False,Ga4 S6,4
Ga2S3,mp-32616,Cc,0.00046213099999903307,False,10,True,Ga4 S6,0
Ga2S3,mp-1224796,Imm2,0.003099587000001236,False,5,True,Ga2 S3,0
Ga2S3,mp-1224879,P3m1,0.4847504279999999,False,10,True,Ga4 S6,0
Ga2Se3,mp-1340,Cc,0.0,True,10,False,Ga4 Se6,6
Ga2Se3,mp-672302,Cc,0.4338463530000016,False,10,True,Ga4 Se6,0
Ga2Se3,mp-1224809,Imm2,0.006252534999998005,False,5,True,Ga2 Se3,0
Ga2Te3,mp-32580,Cm,0.13934552799999977,False,10,True,Ga4 Te6,0
Ga2Te3,mp-38970,Cc,0.0,True,10,True,Ga4 Te6,0
Ga2Te3,mp-1070116,R-3m,0.33509635900000134,False,5,False,Ga2 Te3,1
Ga2Te3,mp-1224840,Imm2,0.014547531000001612,False,5,True,Ga2 Te3,0
Ga2Te3,mp-1224873,Cm,0.18588641899999914,False,5,True,Ga2 Te3,0
GaAs,mp-2534,F-43m,0.0,True,2,False,Ga1 As1,29
GaAs,mp-8883,P6_3mc,0.005464424999999551,False,4,True,Ga2 As2,2
GaAs,mp-10048,P4/mmm,0.4234983949999993,False,2,True,Ga1 As1,0
GaAs,mp-15619,Pa-3,0.14402356249999926,False,16,True,Ga8 As8,1
GaAs,mp-603640,Imm2,0.34811275999999935,False,2,False,Ga1 As1,1
GaAs,mp-1059094,Pmm2,0.44452152000000034,False,2,False,Ga1 As1,1
GaAs,mp-1232355,Cm,0.6278944356250005,False,16,True,Ga8 As8,0
GaAs,mp-1244899,P1,0.4105011501999982,False,100,True,Ga50 As50,0
GaAs,mp-1244999,P1,0.46029392790000045,False,100,True,Ga50 As50,0
GaAs,mp-1245074,P1,0.4125196341999988,False,100,True,Ga50 As50,0
GaAs,mp-1245274,P1,0.4280643436000009,False,100,True,Ga50 As50,0
GaAs,mp-1245314,P1,0.4098411750000004,False,100,True,Ga50 As50,0
GaAs,mp-2362466,I-4m2,0.35269887499999975,False,2,True,Ga1 As1,0
GaAsO4,mp-3996,P3_121,0.0,True,18,False,Ga3 As3 O12,23
GaAsO4,mp-531272,C2,0.06454897518518354,False,54,True,Ga9 As9 O36,0
GaAsO4,mp-1102977,C222_1,0.012549369722221648,False,12,False,Ga2 As2 O8,1
GaBr3,mp-30953,P2_1/c,0.0,True,16,False,Ga4 Br12,1
GaCl3,mp-30952,C2/m,0.0,True,8,False,Ga2 Cl6,1
GaCl3,mp-571266,P-1,0.0014818399999998455,False,8,False,Ga2 Cl6,1
GaCl3,mp-659211,P-1,1.11829110625,False,8,True,Ga2 Cl6,0
GaF3,mp-588,R-3c,0.0,True,8,False,Ga2 F6,2
GaF3,mp-1181390,C2/c,2.0456162074999993,False,8,True,Ga2 F6,0
GaI3,mp-30954,P2_1/c,0.0,True,16,False,Ga4 I12,1
GaN,mp-804,P6_3mc,0.0,True,4,False,Ga2 N2,22
GaN,mp-830,F-43m,0.0067312375000003755,False,2,True,Ga1 N1,10
GaN,mp-2853,Fm-3m,0.4790466025000004,False,2,False,Ga1 N1,4
GaN,mp-1007824,P6_3/mmc,0.35355600749999994,False,4,True,Ga2 N2,0
GaN,mp-1181864,P6_3mc,0.28850078999999873,False,8,True,Ga4 N4,0
GaN,mp-1244866,P1,0.6584162884999998,False,100,True,Ga50 N50,0
GaN,mp-1244884,P1,0.6922918271,False,100,True,Ga50 N50,0
GaN,mp-1244886,P1,0.7050345336999992,False,100,True,Ga50 N50,0
GaN,mp-1244896,P1,0.7442330669999997,False,100,True,Ga50 N50,0
GaN,mp-1244903,P1,0.7152518288999996,False,100,True,Ga50 N50,0
GaN,mp-1244916,P1,0.6491310883000008,False,100,True,Ga50 N50,0
GaN,mp-1244927,P1,0.7021790985000003,False,100,True,Ga50 N50,0
GaN,mp-1244934,P1,0.6862479981000007,False,100,True,Ga50 N50,0
GaN,mp-1244975,P1,0.6177373734000007,False,100,True,Ga50 N50,0
GaN,mp-1244984,P1,0.7416738018000011,False,100,True,Ga50 N50,0
GaN,mp-1244995,P1,0.631335718099999,False,100,True,Ga50 N50,0
GaN,mp-1244998,P1,0.768195017,False,100,True,Ga50 N50,0
GaN,mp-1245002,P1,0.6981295242000005,False,100,True,Ga50 N50,0
GaN,mp-1245013,P1,0.7175379763999992,False,100,True,Ga50 N50,0
GaN,mp-1245030,P1,0.7067078000000002,False,100,True,Ga50 N50,0
GaN,mp-1245033,P1,0.7024155227999991,False,100,True,Ga50 N50,0
GaN,mp-1245046,P1,0.7044640895000001,False,100,True,Ga50 N50,0
GaN,mp-1245069,P1,0.6804594765000012,False,100,True,Ga50 N50,0
GaN,mp-1245075,P1,0.7340944892000003,False,100,True,Ga50 N50,0
GaN,mp-1245095,P1,0.6822655215999998,False,100,True,Ga50 N50,0
GaN,mp-1245106,P1,0.7246973765000018,False,100,True,Ga50 N50,0
GaN,mp-1245130,P1,0.6864534776999989,False,100,True,Ga50 N50,0
GaN,mp-1245132,P1,0.6782511019000008,False,100,True,Ga50 N50,0
GaN,mp-1245138,P1,0.7056302410999997,False,100,True,Ga50 N50,0
GaN,mp-1245148,P1,0.6774361425999995,False,100,True,Ga50 N50,0
GaN,mp-1245150,P1,0.7324849446999995,False,100,True,Ga50 N50,0
GaN,mp-1245165,P1,0.7190388972000008,False,100,True,Ga50 N50,0
GaN,mp-1245172,P1,0.6922971675000014,False,100,True,Ga50 N50,0
GaN,mp-1245181,P1,0.7032842138,False,100,True,Ga50 N50,0
GaN,mp-1245188,P1,0.6857121427999999,False,100,True,Ga50 N50,0
GaN,mp-1245233,P1,0.6488537591999997,False,100,True,Ga50 N50,0
GaN,mp-1245244,P1,0.7028208625000012,False,100,True,Ga50 N50,0
GaN,mp-1245258,P1,0.7122079139000004,False,100,True,Ga50 N50,0
GaN,mp-1245286,P1,0.6846381122,False,100,True,Ga50 N50,0
GaN,mp-1245288,P1,0.6825177577999995,False,100,True,Ga50 N50,0
GaN,mp-1245295,P1,0.7077972144000011,False,100,True,Ga50 N50,0
GaN,mp-1245302,P1,0.7277775392999999,False,100,True,Ga50 N50,0
GaN,mp-1245326,P1,0.7042395510000006,False,100,True,Ga50 N50,0
GaN,mp-2646978,I4mm,0.42560438375000054,False,8,True,Ga4 N4,0
GaP,mp-2490,F-43m,0.0,True,2,False,Ga1 P1,18
GaP,mp-8882,P6_3mc,0.008458759999999899,False,4,True,Ga2 P2,2
GaP,mp-971631,P4/mmm,0.5736601749999988,False,2,True,Ga1 P1,0
GaP,mp-971632,Pa-3,0.16953267687499896,False,16,True,Ga8 P8,0
GaP,mp-971648,Imm2,0.48195992499999996,False,2,True,Ga1 P1,0
GaP,mp-1018275,R-3m,0.13420046749999948,False,4,False,Ga2 P2,1
GaS,mp-2507,P6_3/mmc,0.0,True,8,False,Ga4 S4,16
GaS,mp-9889,R-3m,0.004907736250000738,False,4,False,Ga2 S2,1
GaS,mp-556742,P6_3/mmc,0.0009222900000001033,False,8,False,Ga4 S4,1
GaSb,mp-1156,F-43m,0.0,True,2,False,Ga1 Sb1,15
GaSb,mp-684664,Immm,0.1940509249999991,False,2,True,Ga1 Sb1,0
GaSb,mp-1018059,P6_3mc,0.014465242500001807,False,4,True,Ga2 Sb2,1
GaSb,mp-1224785,I-4m2,0.1847465150000005,False,2,True,Ga1 Sb1,0
GaSb,mp-1244877,P1,0.3339356071000026,False,100,True,Ga50 Sb50,0
GaSb,mp-1244895,P1,0.2848583948000041,False,100,True,Ga50 Sb50,0
GaSb,mp-1245088,P1,0.2872766775000031,False,100,True,Ga50 Sb50,0
GaSb,mp-1245146,P1,0.28521313550000116,False,100,True,Ga50 Sb50,0
GaSb,mp-1245217,P1,0.31327546530000205,False,100,True,Ga50 Sb50,0
GaSe,mp-1572,P-6m2,0.00028121875000053365,False,8,False,Ga4 Se4,6
GaSe,mp-1943,P6_3/mmc,1.0495000001498056e-05,False,8,False,Ga4 Se4,5
GaSe,mp-11342,R3m,0.001448951250001329,False,4,False,Ga2 Se2,1
GaSe,mp-568128,P6_3/mmc,0.3994872324999985,False,8,False,Ga4 Se4,1
GaSe,mp-568263,P6_3mc,0.0,True,16,False,Ga8 Se8,1
GaTe,mp-10009,P6_3/mmc,0.004359849583334352,False,8,False,Ga4 Te4,1
GaTe,mp-542812,C2/m,0.0,True,12,False,Ga6 Te6,3
Gd,mp-155,P6_3/mmc,0.0,True,2,False,Gd2,11
Gd,mp-11421,Im-3m,0.14971620999999402,False,1,False,Gd1,1
Gd,mp-19981,P6_3/mmc,0.04114726499999932,False,4,False,Gd4,1
Gd,mp-570087,R-3m,0.028687346666664837,False,3,False,Gd3,4
Gd,mp-614502,Fm-3m,0.0746265299999962,False,1,False,Gd1,2
Gd2O3,mp-20470,P-3m1,0.03117392249999895,False,5,False,Gd2 O3,2
Gd2O3,mp-504886,Ia-3,0.0,True,40,False,Gd16 O24,22
Gd2O3,mp-643084,C2/m,0.02128978983333063,False,15,False,Gd6 O9,5
Gd2O3,mp-684585,Pn-3m,0.43764717100000006,False,10,True,Gd4 O6,0
Gd2O3,mp-1224674,P-4m2,0.2070251049999996,False,5,True,Gd2 O3,0
GdBr3,mp-27182,C2/m,0.0,True,8,False,Gd2 Br6,1
GdCl3,mp-23265,P6_3/m,0.0,True,8,False,Gd2 Cl6,2
GdClO,mp-23050,P4/nmm,0.09090004111111405,False,6,False,Gd2 Cl2 O2,2
GdF3,mp-972965,Fm-3m,0.0,True,4,True,Gd1 F3,0
Ge,mp-32,Fd-3m,0.0,True,2,False,Ge2,15
Ge,mp-78,I4_1/amd,0.22971913499999985,False,2,False,Ge2,2
Ge,mp-128,R-3,0.14758580250000009,False,8,False,Ge8,6
Ge,mp-137,P4_32_12,0.14938990666666818,False,12,False,Ge12,16
Ge,mp-148,Fmmm,0.24310949500000056,False,4,True,Ge4,0
Ge,mp-12093,Fm-3m,0.33402950500000017,False,1,False,Ge1,2
Ge,mp-998883,Im-3m,0.3394898049999995,False,1,True,Ge1,1
Ge,mp-1007760,P6_3/mmc,0.01667686999999951,False,4,False,Ge4,1
Ge,mp-1008733,P6_3/mmc,0.3311376149999994,False,2,False,Ge2,2
Ge,mp-1061054,Imma,0.2359790100000012,False,2,False,Ge2,1
Ge,mp-1067619,P6_3mc,0.4761457250000003,False,4,False,Ge4,1
Ge,mp-1079020,Cmce,0.31374075875000074,False,8,False,Ge8,6
Ge,mp-1080106,Ia-3,0.1652881712499994,False,8,False,Ge8,1
Ge,mp-1091415,P6_3/mmc,0.006874353749999784,False,8,False,Ge8,1
Ge,mp-1197020,Fd-3m,0.326883863529412,False,34,False,Ge34,1
Ge,mp-1198022,Fd-3m,0.04325319705882258,False,34,False,Ge34,7
Ge,mp-1224349,Cmmm,0.2517538950000002,False,1,True,Ge1,0
GeO2,mp-223,P3_221,0.07997275944444482,False,9,False,Ge3 O6,6
GeO2,mp-470,P4_2/mnm,0.0,True,6,False,Ge2 O4,18
GeO2,mp-733,P3_121,0.07958279611111152,False,9,False,Ge3 O6,36
GeO2,mp-2633,Pa-3,0.3041855558333353,False,12,False,Ge4 O8,2
GeO2,mp-7812,P4_12_12,0.09336300499999961,False,12,False,Ge4 O8,1
GeO2,mp-10913,Pbcn,0.03618037249999961,False,12,False,Ge4 O8,2
GeO2,mp-20893,P3_121,1.6248735238888896,False,9,True,Ge3 O6,0
GeO2,mp-1072104,Pnnm,0.08537178166666859,False,6,False,Ge2 O4,6
GeO2,mp-1190549,C2/c,0.10919730624999957,False,24,True,Ge8 O16,1
GeP,mp-7590,I4mm,0.10603626666666699,False,2,False,Ge1 P1,1
GeP,mp-8373,F-43m,0.26586207083333413,False,2,False,Ge1 P1,1
GeP,mp-1095275,C2/m,0.0,True,12,False,Ge6 P6,2
GeS,mp-2242,Pnma,0.0,True,8,False,Ge4 S4,6
GeS,mp-12910,Cmcm,0.0761541225000002,False,4,True,Ge2 S2,1
GeS2,mp-7582,I-42d,0.01759344312500044,False,6,False,Ge2 S4,3
GeS2,mp-542613,Fdd2,0.0034313409027779684,False,36,False,Ge12 S24,2
GeS2,mp-572892,P2_1/c,0.0,True,48,False,Ge16 S32,1
GeS2,mp-622213,I4_1/acd,0.01548411104166636,False,48,False,Ge16 S32,1
GeS2,mp-664137,P1,0.01812194312500015,False,18,True,Ge6 S12,0
GeS2,mp-1071032,P4_2/nmc,0.055032651458334136,False,6,False,Ge2 S4,1
GeS2,mp-1197287,Pc,0.007571829513889128,False,36,False,Ge12 S24,1
GeS2,mp-2017755,Pc,0.00010686972222195834,False,36,False,Ge12 S24,1
GeSe,mp-700,Pnma,0.0,True,8,False,Ge4 Se4,9
GeSe,mp-10759,Fm-3m,0.06116251499999947,False,2,False,Ge1 Se1,1
GeSe2,mp-10074,I-42d,0.012493755416668861,False,6,False,Ge2 Se4,2
GeSe2,mp-540625,P2_1/c,0.0,True,48,False,Ge16 Se32,4
GeSe2,mp-1190257,Fdd2,0.006842112083333518,False,18,False,Ge6 Se12,1
GeTe,mp-938,R3m,0.0,True,2,False,Ge1 Te1,12
GeTe,mp-2612,Fm-3m,0.020308700000001068,False,2,False,Ge1 Te1,9
GeTe,mp-628781,Pbcn,0.11448953062500067,False,16,False,Ge8 Te8,1
GeTe,mp-672698,Pm-3m,0.32561569499999976,False,2,True,Ge1 Te1,1
GeTe,mp-1080459,Pnma,0.028000343750001377,False,8,False,Ge4 Te4,1
GeTe,mp-1172873,R3m,0.12565896999999993,False,2,True,Ge1 Te1,0
GeTe,mp-1181264,Cm,0.8065171050000011,False,2,True,Ge1 Te1,0
H2C,mp-985782,Pnma,0.03473959666666726,False,12,True,H8 C4,0
H2CO,mp-23683,R3c,0.3226448202083336,False,24,False,H12 C6 O6,2
H2CO,mp-555711,Pbcn,0.325415365125,False,80,False,H40 C20 O20,1
H2CO,mp-625082,P2_12_12_1,0.31538511437500016,False,16,True,H8 C4 O4,0
H2CO,mp-995206,P2/c,0.4591852825,False,16,True,H8 C4 O4,0
H2CO,mp-995226,I4_1/a,0.345983473125,False,32,True,H16 C8 O8,0
H2CO,mp-1096984,C222_1,0.3379448724999996,False,16,True,H8 C4 O4,0
H2CO2,mp-558412,Pna2_1,0.12934502050000063,False,20,False,H8 C4 O8,2
H2CO2,mp-625104,Pna2_1,0.547622392500001,False,20,True,H8 C4 O8,0
H2CO2,mp-625105,Pna2_1,0.5497098675000007,False,20,True,H8 C4 O8,0
H2CO2,mp-1181348,Pna2_1,0.16882012850000017,False,20,True,H8 C4 O8,0
H2CS3,mp-28399,P2_1/c,0.17801871071428454,False,72,False,H24 C12 S36,1
H2CS3,mp-709098,P2_1/c,0.17559379133928488,False,96,False,H32 C16 S48,1
H2O,mp-24043,R-3,0.005572493055555405,False,36,False,H24 O12,2
H2O,mp-32959,P4_2nm,0.025225045,False,6,True,H4 O2,0
H2O,mp-557082,P2_1,0.012027649444444677,False,36,True,H24 O12,2
H2O,mp-558226,P2_12_12_1,0.011058480555554695,False,36,True,H24 O12,1
H2O,mp-558958,P2_12_12_1,0.012356223611111439,False,36,True,H24 O12,1
H2O,mp-634812,C222_1,0.06796082916666624,False,12,False,H8 O4,1
H2O,mp-673658,Cmc2_1,0.10245169333333326,False,12,True,H8 O4,0
H2O,mp-684678,P1,0.44750178226190407,False,42,True,H28 O14,0
H2O,mp-684704,Cc,0.08364084000000016,False,12,True,H8 O4,0
H2O,mp-696735,P4_12_12,0.006665027499999532,False,36,False,H24 O12,2
H2O,mp-697085,I4_1/amd,0.02045928500000027,False,12,False,H8 O4,6
H2O,mp-697111,Cmc2_1,0.0,True,12,False,H8 O4,1
H2O,mp-703459,P6_3cm,0.0010832130555558095,False,36,False,H24 O12,1
H2O,mp-990441,Ibam,0.9478594779166665,False,24,True,H16 O8,0
H2O,mp-1181087,P-1,0.31017733361111066,False,36,True,H24 O12,0
H2O,mp-1182019,P-1,0.08490050611111144,False,36,True,H24 O12,0
H2O,mp-1974803,Cc,0.000380385833333996,False,12,True,H8 O4,0
H2O,mp-2739191,C222_1,0.049447999166666534,False,12,False,H8 O4,1
H2O2,mp-23939,P4_12_12,0.10967654437500052,False,16,False,H8 O8,5
H2O2,mp-28015,P4_12_12,0.0860366262500003,False,16,False,H8 O8,5
H2SO4,mp-24172,P2_1/c,0.0010952610714287658,False,28,False,H8 S4 O16,2
H2SO4,mp-625445,Cc,0.03384699500000021,False,14,True,H4 S2 O8,0
H2SO4,mp-625474,Cc,0.059929136428571894,False,14,True,H4 S2 O8,0
H2SO4,mp-625475,C2,0.0034971492857147624,False,14,True,H4 S2 O8,0
H2SO4,mp-690733,C2/c,0.0,True,14,False,H4 S2 O8,4
H2WO4,mp-29530,Pnma,0.04617441410714207,False,28,False,H8 W4 O16,1
H4IN,mp-34381,Imm2,0.006155149999999665,False,6,True,H4 I1 N1,0
H4IN,mp-643062,P4/nmm,0.0,True,12,False,H8 I2 N2,1
H4NCl,mp-34337,P-43m,0.0,True,6,True,H4 N1 Cl1,0
H4NClO4,mp-698084,Pna2_1,0.3982581159999974,False,40,False,H16 N4 Cl4 O16,1
H4NClO4,mp-706586,Pnma,0.3972566182499975,False,40,False,H16 N4 Cl4 O16,5
H8S(NO2)2,mp-23876,Pnma,0.009499545956142441,False,60,False,H32 S4 N8 O16,2
H8S(NO2)2,mp-24468,Pna2_1,0.002192212289475748,False,60,False,H32 S4 N8 O16,1
H8S(NO2)2,mp-1198753,Pnma,0.020824852122809823,False,60,False,H32 S4 N8 O16,2
H8S(NO2)2,mp-1204682,Pnma,0.04708082312280926,False,60,False,H32 S4 N8 O16,1
HC,mp-995195,Cmcm,0.17324574843749918,False,4,True,H2 C2,0
HC,mp-995197,C2/m,0.10980436656249992,False,16,True,H8 C8,0
HC,mp-1079612,I2_13,0.3199165834374993,False,8,True,H4 C4,1
HC,mp-1096986,P-3m1,0.0465817425000008,False,4,True,H2 C2,0
Hf,mp-100,Im-3m,0.21217978999999332,False,1,False,Hf1,4
Hf,mp-103,P6_3/mmc,0.0,True,2,False,Hf2,11
Hf,mp-8640,Fm-3m,0.08898112999999341,False,1,True,Hf1,1
Hf,mp-1009460,P6/mmm,0.03217813666666558,False,3,True,Hf3,1
HfB2,mp-1994,P6/mmm,0.0,True,3,False,Hf1 B2,14
HfBr4,mp-1212517,Pa-3,0.0,True,40,True,Hf8 Br32,0
HfC,mp-21075,Fm-3m,0.0,True,2,False,Hf1 C1,28
HfC,mp-1001918,Pm-3m,1.339074055000001,False,2,True,Hf1 C1,1
HfC,mp-1002124,F-43m,0.6414220250000007,False,2,True,Hf1 C1,1
HfC,mp-1008832,P-6m2,0.7634334299999992,False,2,True,Hf1 C1,1
HfC,mp-1096993,P6_3/mmc,0.19715249250000255,False,4,True,Hf2 C2,0
HfCl4,mp-29422,P2/c,0.0,True,10,False,Hf2 Cl8,1
HfF4,mp-31033,C2/c,0.0,True,30,False,Hf6 F24,1
HfI4,mp-567273,Pa-3,0.030013223500001907,False,40,False,Hf8 I32,1
HfI4,mp-569059,C2/c,0.0,True,20,False,Hf4 I16,2
HfN,mp-2828,Fm-3m,0.0,True,2,False,Hf1 N1,20
HfN,mp-1001834,Pm-3m,0.9913501350000011,False,2,True,Hf1 N1,1
HfN,mp-1001916,F-43m,0.27269066999999936,False,2,True,Hf1 N1,1
HfN,mp-1096994,P6_3/mmc,0.020751347500002737,False,4,True,Hf2 N2,0
HfO2,mp-352,P2_1/c,0.0,True,12,False,Hf4 O8,11
HfO2,mp-741,Pnma,0.13928282166666506,False,12,False,Hf4 O8,4
HfO2,mp-1858,Pbca,0.016383926250000513,False,24,False,Hf8 O16,3
HfO2,mp-550893,Fm-3m,0.08357950333333442,False,3,False,Hf1 O2,5
HfO2,mp-685097,Pca2_1,0.021979467500003125,False,12,True,Hf4 O8,0
HfO2,mp-775757,Pbca,0.009928638750000829,False,24,True,Hf8 O16,0
HfO2,mp-776097,Pbcn,0.03929804777777868,False,36,True,Hf12 O24,0
HfO2,mp-776532,P4_2/mnm,0.036980001666666595,False,6,True,Hf2 O4,0
HfO2,mp-1018721,P4_2/nmc,0.050883971666667804,False,6,False,Hf2 O4,1
HfO2,mp-1224381,P2_12_12,0.08525594083333488,False,12,True,Hf4 O8,0
HfO2,mp-1244883,P1,0.2293213303431365,False,102,True,Hf34 O68,0
HfO2,mp-1244885,P1,0.2545104533823519,False,102,True,Hf34 O68,0
HfO2,mp-1245107,P1,0.2271169150490202,False,102,True,Hf34 O68,0
HfO2,mp-1245112,P1,0.20990785651960664,False,102,True,Hf34 O68,0
HfO2,mp-1245226,P1,0.21677266749999902,False,102,True,Hf34 O68,0
Hg,mp-121,R-3m,0.016982612499994332,False,1,False,Hg1,5
Hg,mp-10861,P6/mmm,0.0029604591666583246,False,3,False,Hg3,2
Hg,mp-569289,I4/mmm,0.007561464999994882,False,1,False,Hg1,1
Hg,mp-569360,C2/m,0.006275719166666249,False,3,False,Hg3,1
Hg,mp-611219,R-3m,0.2284861124999935,False,1,True,Hg1,0
Hg,mp-753304,Fm-3m,0.022511372499998572,False,1,True,Hg1,0
Hg,mp-864900,I-43m,0.007341734224141305,False,29,True,Hg29,0
Hg,mp-975272,Cmcm,0.006845172500000274,False,2,True,Hg2,0
Hg,mp-982872,R-3m,0.020471135000001084,False,1,True,Hg1,0
Hg,mp-1017981,Im-3m,0.0010885350000009453,False,4,True,Hg4,1
Hg,mp-1077098,P2_1/c,0.017943575000003875,False,6,False,Hg6,1
Hg,mp-1096992,I-42d,0.02822631749999971,False,4,False,Hg4,1
Hg,mp-1181096,Fmmm,0.012642065000001423,False,1,True,Hg1,0
Hg,mp-1184554,P6_3/mmc,0.005991672499995104,False,2,True,Hg2,0
Hg,mp-1184569,R-3m,0.024823714999996582,False,2,False,Hg2,5
Hg,mp-1184591,I4_1/amd,0.010926082499999268,False,2,True,Hg2,0
Hg,mp-1184657,Pm-3n,0.016785043749997897,False,8,True,Hg8,0
Hg,mp-1184687,Fmmm,0.01919783499999994,False,4,True,Hg4,0
Hg,mp-1184709,P6_3/mmc,0.010308889999997461,False,4,True,Hg4,0
Hg,mp-1184766,P4_132,0.006726137000001131,False,20,True,Hg20,0
Hg,mp-1224431,Ama2,0.04062263117646836,False,34,True,Hg34,0
Hg,mp-1525045,Pm-3m,0.010813922499998796,False,1,True,Hg1,0
Hg,mp-1525568,I4/mmm,0.00418154249999958,False,1,True,Hg1,0
Hg,mp-1546032,Cmce,0.008225503333335382,False,6,True,Hg6,0
Hg,mp-1974574,C2/m,0.011028022499999679,False,2,True,Hg2,0
Hg,mp-2629196,R-3m,0.0008525383333335412,False,3,True,Hg3,0
Hg2SO4,mp-7461,P2/c,0.0,True,14,False,Hg4 S2 O8,2
Hg3(AsO4)2,mp-8975,P2_1/c,0.0,True,52,False,Hg12 As8 O32,1
HgBr,mp-23177,I4/mmm,0.0,True,4,False,Hg2 Br2,4
HgBr2,mp-23292,Cmc2_1,0.0,True,6,False,Hg2 Br4,3
HgBr2,mp-571558,P3,0.04348623944444685,False,9,False,Hg3 Br6,1
HgBr2,mp-2038287,P-3m1,0.033797638888884984,False,9,True,Hg3 Br6,0
HgCl,mp-22897,I4/mmm,0.0,True,4,False,Hg2 Cl2,5
HgCl2,mp-22855,Pnma,0.0,True,12,False,Hg4 Cl8,4
HgCl2,mp-1102919,Pnma,0.06572913333333696,False,12,False,Hg4 Cl8,1
HgF,mp-706,I4/mmm,0.0,True,4,False,Hg2 F2,3
HgF2,mp-8177,Fm-3m,0.0,True,3,False,Hg1 F2,1
HgF2,mp-974603,P4_2/mnm,0.0591570950000011,False,6,True,Hg2 F4,0
HgF2,mp-1102332,Pnma,0.01374071083333428,False,12,True,Hg4 F8,1
HgI,mp-22859,I4/mmm,0.0,True,4,False,Hg2 I2,4
HgI2,mp-23173,Cmc2_1,0.0008679333333294625,False,6,False,Hg2 I4,2
HgI2,mp-23192,P4_2/nmc,0.0,True,6,False,Hg2 I4,14
HgI2,mp-567471,I4_1/amd,0.0005730233333309798,False,24,False,Hg8 I16,1
HgI2,mp-568742,P4_2/nmc,0.000725390416666416,False,24,False,Hg8 I16,1
HgI2,mp-583213,I4_1/acd,2.734999999631782e-05,False,48,False,Hg16 I32,1
HgO,mp-1224,Pnma,0.0,True,8,False,Hg4 O4,3
HgO,mp-7826,P3_121,0.002898971249996496,False,6,False,Hg3 O3,1
HgO,mp-545619,Fm-3m,0.14790303875000044,False,2,True,Hg1 O1,0
HgO,mp-556859,P2_1/m,0.0005084643750006279,False,16,True,Hg8 O8,0
HgO,mp-1077107,P3_221,0.001932083750000757,False,6,False,Hg3 O3,1
HgS,mp-634,P3_121,0.13971558333333656,False,6,False,Hg3 S3,3
HgS,mp-1123,F-43m,0.0,True,2,False,Hg1 S1,9
HgS,mp-9252,P3_221,0.0038805250000009117,False,6,False,Hg3 S3,9
HgS,mp-10764,Fm-3m,0.17634013500000068,False,2,False,Hg1 S1,4
HgS,mp-973676,P6_3mc,0.0015889475000001596,False,4,True,Hg2 S2,0
HgSO4,mp-3228,Pmn2_1,0.0,True,12,False,Hg2 S2 O8,3
HgSO4,mp-1200662,P2_1/c,0.2086727395833332,False,48,False,Hg8 S8 O32,1
HgSe,mp-820,F-43m,0.0014143849999967983,False,2,False,Hg1 Se1,12
HgSe,mp-957,Fm-3m,0.15143684999999962,False,2,False,Hg1 Se1,4
HgSe,mp-1018722,P3_221,0.0,True,6,False,Hg3 Se3,1
HgSeO3,mp-9228,Pnma,0.0,True,20,False,Hg4 Se4 O12,1
HgSeO3,mp-10798,P2_1/c,0.004895135499998204,False,20,False,Hg4 Se4 O12,1
HgSeO3,mp-557224,P2_1/c,0.0007340859999995786,False,20,False,Hg4 Se4 O12,1
HgTe,mp-358,P3_121,0.03703848333333326,False,6,False,Hg3 Te3,3
HgTe,mp-1507,Cmcm,0.1690585075000044,False,4,False,Hg2 Te2,2
HgTe,mp-1811,Fm-3m,0.1496713249999999,False,2,False,Hg1 Te1,5
HgTe,mp-2730,F-43m,0.0,True,2,False,Hg1 Te1,28
HgTe,mp-13141,Pm-3m,0.4219980950000064,False,2,True,Hg1 Te1,1
HgTe,mp-1071269,P3_221,0.03702013000000193,False,6,False,Hg3 Te3,1
HgTe,mp-1223902,I-4m2,0.18623612000000378,False,2,True,Hg1 Te1,0
Ho,mp-144,P6_3/mmc,0.0,True,2,False,Ho2,8
Ho,mp-7236,Im-3m,0.127856125000001,False,1,False,Ho1,1
Ho,mp-10659,R-3m,0.01527059500000405,False,3,False,Ho3,3
Ho,mp-10765,Fm-3m,0.04976369500000288,False,1,False,Ho1,1
Ho,mp-973986,P6_3/mmc,0.02443215499999951,False,4,True,Ho4,0
Ho2O3,mp-812,Ia-3,0.0,True,40,False,Ho16 O24,13
Ho2O3,mp-13065,P-3m1,0.05376467824999942,False,5,True,Ho2 O3,1
Ho2O3,mp-558336,C2/m,0.03168618958333447,False,15,False,Ho6 O9,2
Ho2O3,mp-685148,Pn-3m,1.3080444387500005,False,10,True,Ho4 O6,0
Ho2O3,mp-1223904,P-4m2,0.2629788257500003,False,5,True,Ho2 O3,0
HoBr3,mp-977375,P6_3/mmc,0.0,True,8,True,Ho2 Br6,0
HoCl3,mp-864662,P6_3/mmc,0.0,True,8,True,Ho2 Cl6,0
HoF3,mp-561877,Pnma,0.0,True,16,False,Ho4 F12,2
I,mp-23153,Cmce,0.0,True,4,False,I4,17
I,mp-601148,I4/mmm,0.1193802049999999,False,1,False,I1,2
I,mp-639751,Immm,0.05064626499999991,False,1,False,I1,1
I,mp-684663,Im-3m,0.4456665849999999,False,1,False,I1,1
I,mp-1180981,Fmmm,0.11707855499999997,False,1,True,I1,0
In,mp-85,Fm-3m,0.0,True,1,False,In1,1
In,mp-973111,P6_3/mmc,0.00714690500000259,False,2,True,In2,0
In,mp-1055994,I4/mmm,0.004489730000003078,False,1,False,In1,21
In,mp-1184478,Im-3m,0.027791910000001252,False,1,True,In1,0
In,mp-1184502,R-3m,0.007490013333335099,False,3,True,In3,0
In,mp-1184511,P6_3/mmc,0.004732852500001883,False,4,True,In4,0
In,mp-1184693,I-43m,0.010102724827589782,False,29,True,In29,0
In2(SO4)3,mp-9209,P2_1/c,0.0028843354411751676,False,68,False,In8 S12 O48,1
In2(SO4)3,mp-541450,R-3,0.0,True,34,False,In4 S6 O24,1
In2(SO4)3,mp-2713787,R-3c,0.01740606068627315,False,102,True,In12 S18 O72,0
In2O3,mp-22323,R-3c,0.0207045772499983,False,10,False,In4 O6,3
In2O3,mp-22598,Ia-3,0.0,True,40,False,In16 O24,17
In2O3,mp-644741,Pnma,0.2435901764999997,False,20,True,In8 O12,2
In2O3,mp-1105681,Pbcn,0.037840163749999434,False,20,False,In8 O12,4
In2O3,mp-1105699,Pnma,0.24617796749999954,False,20,True,In8 O12,1
In2O3,mp-1194571,Pbca,0.03113222350000111,False,40,False,In16 O24,1
In2O3,mp-1244879,P1,0.6234938931000009,False,100,True,In40 O60,0
In2O3,mp-1245022,P1,0.5816931055000003,False,100,True,In40 O60,0
In2O3,mp-1245202,P1,0.41240473840000025,False,100,True,In40 O60,0
In2S3,mp-22216,I4_1/amd,0.0,True,40,False,In16 S24,6
In2S3,mp-22375,R-3c,0.021857159000001403,False,10,False,In4 S6,1
In2S3,mp-673633,Cc,0.04734106600000132,False,10,True,In4 S6,0
In2S3,mp-684944,Cm,0.1600649087499999,False,20,True,In8 S12,0
In2S3,mp-1223831,Imm2,0.048607494999998835,False,5,True,In2 S3,0
In2Se3,mp-19907,R3m,0.31743330366666456,False,5,False,In2 Se3,1
In2Se3,mp-20830,R-3m,0.5303906576666648,False,5,False,In2 Se3,5
In2Se3,mp-612740,P6_1,0.0,True,30,True,In12 Se18,0
In2Se3,mp-672673,P6_5,0.4073471590000004,False,30,True,In12 Se18,0
In2Se3,mp-1017565,P-3m1,0.03838258833333441,False,5,False,In2 Se3,1
In2Te3,mp-622511,F-43m,0.04191975497777989,False,45,False,In18 Te27,2
In2Te3,mp-1068510,R-3m,0.06727930497777734,False,5,False,In2 Te3,2
In2Te3,mp-1105025,I4mm,0.30775990697777544,False,15,False,In6 Te9,1
In2Te3,mp-1223866,Imm2,0.004663606977779011,False,5,True,In2 Te3,0
In2Te3,mp-1224450,P3m1,0.2133476189777781,False,5,True,In2 Te3,0
InAs,mp-20305,F-43m,0.0,True,2,False,In1 As1,25
InAs,mp-20412,Pa-3,0.11258943562500079,False,16,True,In8 As8,1
InAs,mp-21391,Fm-3m,0.18781695499999884,False,2,False,In1 As1,2
InAs,mp-641533,Cmcm,0.19850454583333388,False,12,True,In6 As6,1
InAs,mp-1007652,P6_3mc,0.0076950650000000564,False,4,True,In2 As2,1
InBr,mp-22870,Cmcm,0.0,True,4,False,In2 Br2,8
InBr3,mp-570219,C2/m,0.0,True,8,False,In2 Br6,1
InCl,mp-23276,P2_13,0.0,True,64,False,In32 Cl32,4
InCl,mp-571555,Cmcm,0.0031331506249987484,False,4,False,In2 Cl2,3
InCl,mp-571636,Cmc2_1,0.0016458790624991337,False,4,False,In2 Cl2,1
InCl2,mp-1212122,Pnna,0.0,True,24,True,In8 Cl16,0
InCl3,mp-862983,P6_3/mmc,0.0,True,8,True,In2 Cl6,0
InF3,mp-6949,R-3c,0.0,True,8,False,In2 F6,2
InI,mp-23202,Cmcm,0.0,True,4,False,In2 I2,10
InI3,mp-567789,P2_1/c,0.0,True,16,False,In4 I12,1
InN,mp-20411,F-43m,0.013316422499999092,False,2,True,In1 N1,5
InN,mp-20812,Fm-3m,0.21084528749999976,False,2,False,In1 N1,2
InN,mp-22205,P6_3mc,0.0,True,4,False,In2 N2,12
InP,mp-20351,F-43m,0.0,True,2,False,In1 P1,15
InP,mp-20457,Fm-3m,0.23532761999999963,False,2,False,In1 P1,3
InP,mp-966800,P6_3mc,0.00393371500000228,False,4,True,In2 P2,2
InS,mp-19795,Pnnm,0.0,True,8,False,In4 S4,8
InS,mp-630528,P2_1/c,0.027837727499999687,False,8,False,In4 S4,1
InSb,mp-10148,Pm-3m,0.2259507749999976,False,2,False,In1 Sb1,1
InSb,mp-10149,Fm-3m,0.1379904449999998,False,2,False,In1 Sb1,1
InSb,mp-19744,Pmm2,0.1963277649999995,False,2,False,In1 Sb1,3
InSb,mp-20012,F-43m,0.0,True,2,False,In1 Sb1,26
InSb,mp-20253,Cmcm,0.1211525325000018,False,12,False,In6 Sb6,2
InSb,mp-21210,Cmcm,0.14122746249999807,False,4,True,In2 Sb2,1
InSb,mp-569020,Pmmn,0.14877473749999837,False,4,False,In2 Sb2,1
InSb,mp-684597,Imm2,0.11980726999999902,False,2,True,In1 Sb1,0
InSb,mp-1007661,P6_3mc,0.005781490000000389,False,4,False,In2 Sb2,2
InSb,mp-1223633,P4/mmm,0.19079653000000008,False,2,True,In1 Sb1,0
InSb,mp-1223637,I-4m2,0.115913299999999,False,2,True,In1 Sb1,0
InSe,mp-20485,P6_3/mmc,0.0,True,8,False,In4 Se4,5
InSe,mp-21405,C2/m,0.03667177999999893,False,8,False,In4 Se4,2
InSe,mp-22691,R3m,0.00042450000000116006,False,4,False,In2 Se2,8
InSe,mp-1079260,P-6m2,0.0017968525000000568,False,8,False,In4 Se4,1
InTe,mp-2597,Fm-3m,0.03572749717105239,False,2,False,In1 Te1,10
InTe,mp-2819,Pm-3m,0.21814349000000277,False,2,False,In1 Te1,2
InTe,mp-20320,I4/mcm,0.038631967171053105,False,8,False,In4 Te4,9
Ir,mp-101,Fm-3m,0.0,True,1,False,Ir1,7
Ir,mp-1060567,Pmma,3.780912309999998,False,2,False,Ir2,1
Ir,mp-2647032,P6_3/mmc,0.06291691999999927,False,2,True,Ir2,0
Ir,mp-2647047,Im-3m,0.5889829099999986,False,1,True,Ir1,0
Ir2S3,mp-861979,R-3c,0.000835235500002085,False,10,True,Ir4 S6,0
Ir2S3,mp-1188655,Pbcn,0.0,True,20,False,Ir8 S12,1
IrBr3,mp-27397,C2/m,0.0,True,8,False,Ir2 Br6,1
IrCl3,mp-27666,C2/m,0.0008085243749995641,False,8,False,Ir2 Cl6,1
IrCl3,mp-568208,Fddd,0.0,True,16,False,Ir4 Cl12,1
IrCl3,mp-729507,C2,0.030088630624999446,False,16,True,Ir4 Cl12,0
IrCl3,mp-865956,P6_3/mmc,0.4725993143749987,False,8,True,Ir2 Cl6,0
IrI,mp-1184756,P6_3mc,1.0421588833333342,False,4,True,Ir2 I2,0
IrO2,mp-2723,P4_2/mnm,0.0,True,6,False,Ir2 O4,7
IrO2,mp-1014261,I4_1/amd,0.2632304216666652,False,6,True,Ir2 O4,0
IrO2,mp-1095353,Pa-3,0.07562860166666496,False,12,False,Ir4 O8,1
IrS2,mp-2833,Pnma,0.0,True,24,False,Ir8 S16,2
IrS2,mp-1102261,Pa-3,0.11333447083332615,False,12,False,Ir4 S8,2
K,mp-58,Im-3m,0.015213726250000725,False,1,False,K1,6
K,mp-10157,Fm-3m,0.006930266250000372,False,1,False,K1,1
K,mp-573691,Cmce,0.031988253249999765,False,8,True,K8,1
K,mp-604318,P6_3/mmc,0.008703191250000408,False,4,True,K4,1
K,mp-604325,C2/c,0.07354111700000043,False,2,True,K2,0
K,mp-972981,Cmcm,0.0066706912500000826,False,2,True,K2,0
K,mp-998881,Pm-3m,0.11197517625000053,False,1,True,K1,0
K,mp-1056027,P4/mmm,0.4962295870000002,False,1,False,K1,1
K,mp-1068966,Cmmm,0.17913493500000044,False,5,False,K5,1
K,mp-1078640,I4/mcm,0.1663502557500003,False,8,False,K8,10
K,mp-1080043,Pnma,0.06362052450000011,False,8,False,K8,2
K,mp-1180961,I4_1/amd,0.07119881125000038,False,2,True,K2,1
K,mp-1180991,P4/mmm,0.11852590825000053,False,5,True,K5,0
K,mp-1184755,P6_3/mmc,0.008696316250000002,False,2,True,K2,0
K,mp-1184764,R-3m,0.008031266250000613,False,3,True,K3,0
K,mp-1184804,Cmce,0.0,True,8,True,K8,1
K,mp-1184808,Pm-3n,0.013478061250000728,False,8,True,K8,0
K,mp-1184905,P4_132,0.020970775750000392,False,20,True,K20,0
K,mp-1185201,I-43m,0.016292821077587227,False,29,True,K29,0
K,mp-1199937,Im-3,0.04979818909876599,False,81,False,K81,1
K,mp-1545455,Pnma,0.00632175000000057,False,8,False,K8,2
K,mp-2739257,I4/mmm,0.00012782500000074748,False,8,True,K8,0
K2B4O7,mp-17166,P-1,0.0,True,52,False,K8 B16 O28,1
K2CO3,mp-3963,P2_1/c,0.0,True,24,False,K8 C4 O12,2
K2CO3,mp-10662,P6_3/mmc,0.015190138750000415,False,12,False,K4 C2 O6,1
K2CO3,mp-554072,C2/c,0.002348562916665742,False,12,False,K4 C2 O6,1
K2CrO4,mp-19232,Pnma,0.0004430492857130375,False,28,False,K8 Cr4 O16,4
K2CrO4,mp-775274,P2_1/c,0.016130408214283243,False,28,True,K8 Cr4 O16,0
K2CrO4,mp-2767744,P2_1/c,0.0,True,28,True,K8 Cr4 O16,0
K2O,mp-971,Fm-3m,0.0,True,6,False,K4 O2,4
K2O,mp-684904,C2/c,0.03963699833333356,False,6,True,K4 O2,0
K2O,mp-776016,Pbca,0.020421303750000064,False,24,True,K16 O8,0
K2O,mp-776081,P2_1,0.08821736333333341,False,6,True,K4 O2,0
K2O,mp-776104,P4_2/nmc,0.05106739041666719,False,24,True,K16 O8,0
K2O,mp-936219,I4_1/amd,0.03945618999999967,False,6,True,K4 O2,0
K2O,mp-998914,C2/m,0.04115010166666666,False,6,True,K4 O2,0
K2O,mp-998915,Pnnm,0.029554350000000174,False,6,True,K4 O2,0
K2O,mp-998929,P3,0.05939445666666687,False,9,True,K6 O3,0
K2O,mp-1223784,P4/mmm,0.19996455333333385,False,3,True,K2 O1,0
K2O,mp-1974672,P4_2/mcm,0.07153035500000016,False,24,True,K16 O8,0
K2O,mp-1975124,P6_3mc,0.06628443500000003,False,6,True,K4 O2,0
K2O2,mp-2672,Cmce,0.0,True,8,False,K4 O4,3
K2O2,mp-998917,P-62m,0.025785213750000757,False,12,True,K6 O6,0
K2O2,mp-1097008,Cmcm,0.26837447250000057,False,4,False,K2 O2,1
K2PHO4,mp-733468,Pna2_1,0.0,True,96,False,K24 P12 H12 O48,1
K2S,mp-1022,Fm-3m,0.0,True,3,False,K2 S1,4
K2S,mp-559278,P6_3/mmc,0.0872531616666663,False,6,False,K4 S2,1
K2SO3,mp-8483,P-3m1,0.06863149906249522,False,12,False,K4 S2 O6,1
K2SO3,mp-677413,Cc,0.7714600982291628,False,12,True,K4 S2 O6,0
K2SO4,mp-4529,Pnma,0.0,True,28,False,K8 S4 O16,12
K2SO4,mp-562631,P-3m1,1.8124468417857091,False,14,False,K4 S2 O8,1
K2SO4,mp-677242,Cmcm,0.025118141071427402,False,14,True,K4 S2 O8,0
K2SO4,mp-1224239,C2/c,0.011797981785710121,False,14,True,K4 S2 O8,0
K2Si2O5,mp-29825,Cc,0.0,True,54,False,K12 Si12 O30,1
K2Si4O9,mp-8380,P6_3/m,0.03073970966666728,False,30,False,K4 Si8 O18,1
K2Si4O9,mp-558603,P-1,0.0,True,30,False,K4 Si8 O18,1
K2SiO3,mp-15379,P2_1/c,0.0,True,72,False,K24 Si12 O36,1
K3AlCl6,mp-1111502,Fm-3m,0.07758068750000069,False,10,True,K3 Al1 Cl6,0
K3AlF6,mp-1095079,Fm-3m,0.018213154399997045,False,10,False,K3 Al1 F6,1
K3AlF6,mp-1201513,I4/m,0.0,True,50,False,K15 Al5 F30,1
K3AsO4,mp-680301,Cccm,0.0,True,64,False,K24 As8 O32,1
K3Bi,mp-31286,P6_3cm,0.0,True,24,False,K18 Bi6,1
K3Bi,mp-568516,Fm-3m,0.014359646249999969,False,4,False,K3 Bi1,1
K3Bi,mp-569940,P6_3/mmc,0.00044190874999827656,False,8,False,K6 Bi2,1
K3PO4,mp-557753,Pnma,0.0,True,32,False,K12 P4 O16,1
KAl(SO4)2,mp-7645,P-3m1,0.0,True,12,True,K1 Al1 S2 O8,0
KAl(SO4)2,mp-669367,P321,0.01184988999999792,False,12,True,K1 Al1 S2 O8,0
KAl(SiO3)2,mp-554433,I4_1/a,0.003655871874991945,False,80,True,K8 Al8 Si16 O48,1
KAl(SiO3)2,mp-1223598,C222_1,0.026441000874991794,False,40,True,K4 Al4 Si8 O24,0
KAl3Si3(HO6)2,mp-1200795,P2/c,0.011951055833325341,False,84,True,K4 Al12 Si12 H8 O48,1
KAl3Si3(HO6)2,mp-1223717,Cc,0.018826645714279167,False,42,True,K2 Al6 Si6 H4 O24,0
KAlCl4,mp-27755,P2_1,0.0,True,24,False,K4 Al4 Cl16,1
KAlCl4,mp-2212965,P2_1/c,0.0,True,24,True,K4 Al4 Cl16,0
KAlSi3O8,mp-697670,P-1,0.0,True,26,False,K2 Al2 Si6 O16,6
KAlSi3O8,mp-1223534,Cm,0.1890386415384615,False,13,True,K1 Al1 Si3 O8,0
KAlSi3O8,mp-1223613,C2,0.0069496173076917245,False,26,True,K2 Al2 Si6 O16,0
KAlSi3O8,mp-1223636,P-1,0.004193756538461102,False,26,True,K2 Al2 Si6 O16,0
KAlSiO4,mp-8355,P6_3,0.002165910357143197,False,14,False,K2 Al2 Si2 O8,1
KAlSiO4,mp-9480,P31c,0.0018219496428573123,False,14,False,K2 Al2 Si2 O8,1
KAlSiO4,mp-560173,P2_1,0.0012958326190481984,False,84,False,K12 Al12 Si12 O48,1
KAlSiO4,mp-680374,P6_3,0.0,True,168,False,K24 Al24 Si24 O96,1
KAlSiO4,mp-1223541,P1,0.0025214010714282864,False,14,True,K2 Al2 Si2 O8,0
KAlSiO4,mp-1223549,P3,0.3563403525000002,False,7,True,K1 Al1 Si1 O4,0
KB3O5,mp-559636,P2_1/c,0.0008996413580382168,False,108,False,K12 B36 O60,1
KB3O5,mp-1196090,C2/c,0.021733627839519265,False,36,False,K4 B12 O20,1
KBO2,mp-3919,R-3c,0.0,True,24,False,K6 B6 O12,2
KBr,mp-23251,Fm-3m,0.0,True,2,False,K1 Br1,7
KBr,mp-570891,Pm-3m,0.0730630100000007,False,2,False,K1 Br1,35
KCN,mp-20134,Cm,0.1691187554166671,False,3,False,K1 C1 N1,3
KCN,mp-35035,Imm2,0.13920057208333425,False,3,True,K1 C1 N1,0
KCN,mp-676693,P1,0.7536934737499994,False,12,True,K4 C4 N4,0
KCN,mp-1077078,Cc,0.12555755875000152,False,6,False,K2 C2 N2,1
KCN,mp-1180837,Cm,0.9691488054166664,False,3,True,K1 C1 N1,0
KCN,mp-1223490,P1,0.12603600208333354,False,12,True,K4 C4 N4,0
KCl,mp-23193,Fm-3m,0.0,True,2,False,K1 Cl1,38
KCl,mp-23289,Pm-3m,0.07764382000000003,False,2,False,K1 Cl1,39
KClO4,mp-23526,Pnma,0.0,True,24,False,K4 Cl4 O16,7
KClO4,mp-546633,F-43m,0.03935333875000335,False,6,False,K1 Cl1 O4,1
KF,mp-463,Fm-3m,0.0,True,2,False,K1 F1,3
KF,mp-8454,Pm-3m,0.1030206800000002,False,2,False,K1 F1,1
KH,mp-24084,Fm-3m,0.0,True,2,False,K1 H1,3
KHO,mp-626716,P2_1,0.000369689999999423,False,6,True,K2 H2 O2,0
KHO,mp-626785,Cmc2_1,0.0,True,6,True,K2 H2 O2,0
KHO,mp-642817,P2_1/c,0.00018469083333272351,False,12,False,K4 H4 O4,2
KI,mp-22898,Fm-3m,0.0,True,2,False,K1 I1,5
KI,mp-22901,Pm-3m,0.0603117399999995,False,2,False,K1 I1,2
KI,mp-726865,Pnma,0.02016976125000003,False,8,True,K4 I4,0
KI,mp-1078836,Cmcm,0.019311022500000163,False,4,True,K2 I2,0
KI,mp-1524274,P6_3/mmc,0.020391854999999737,False,8,True,K4 I4,0
KNO3,mp-5158,Pnma,0.0,True,20,False,K4 N4 O12,5
KNO3,mp-6920,R3m,0.002640953500000265,False,5,False,K1 N1 O3,4
KNO3,mp-9475,Pnma,0.001126074000000088,False,20,False,K4 N4 O12,1
KNO3,mp-36903,P2_1/m,0.007499554500000727,False,10,True,K2 N2 O6,0
KNO3,mp-672644,Pnma,0.04428989600000044,False,20,False,K4 N4 O12,1
KNO3,mp-675625,P1,0.011764387500000417,False,10,True,K2 N2 O6,0
KNO3,mp-676851,R32,0.02937441350000025,False,5,True,K1 N1 O3,0
KNO3,mp-1020193,P2_1/c,0.013152605000001039,False,20,True,K4 N4 O12,0
KNO3,mp-1105365,P2_1/c,0.046365758500000354,False,20,True,K4 N4 O12,0
KNO3,mp-1190109,Pnma,0.04361100300000054,False,20,False,K4 N4 O12,1
KNO3,mp-2767096,P2_1/m,0.007036090500000647,False,10,True,K2 N2 O6,0
KNO3,mp-2767254,Pm,0.0028861925000001065,False,10,True,K2 N2 O6,0
KO2,mp-1866,I4/mmm,0.017246897500000635,False,3,False,K1 O2,4
KO2,mp-21325,C2/c,0.056030107499999815,False,6,False,K2 O4,4
KO2,mp-734250,P2_1/c,0.09267376666666749,False,12,True,K4 O8,0
KO2,mp-998916,Pa-3,0.06235596500000096,False,12,True,K4 O8,0
KO2,mp-1071539,C2/c,0.2172285675000012,False,6,False,K2 O4,4
KO2,mp-1180711,P2_1/c,0.0380292733333345,False,12,True,K4 O8,0
KO2,mp-1180742,P2_1/c,0.04412439083333375,False,12,False,K4 O8,1
KO2,mp-1223320,P4/mmm,1.0067627875000005,False,3,True,K1 O2,0
KO2,mp-2035026,Immm,0.0,True,12,True,K4 O8,0
KO2,mp-3346628,P2_1/c,0.002845150000000629,False,12,True,K4 O8,0
KP(HO2)2,mp-23959,Fdd2,0.0,True,16,False,K2 P2 H4 O8,5
KP(HO2)2,mp-24262,P2_1/c,0.0066071993749998725,False,32,False,K4 P4 H8 O16,1
KP(HO2)2,mp-24263,P-1,0.002807764062499274,False,32,False,K4 P4 H8 O16,2
KP(HO2)2,mp-604119,P2_12_12_1,0.057121284687499774,False,32,False,K4 P4 H8 O16,1
KP(HO2)2,mp-695799,I-4,0.048100614062499325,False,32,False,K4 P4 H8 O16,1
KP(HO2)2,mp-696752,I-42d,0.005345232499999852,False,16,False,K2 P2 H4 O8,4
KP(HO2)2,mp-699437,P2/c,0.03421754062499982,False,32,False,K4 P4 H8 O16,1
KP(HO2)2,mp-757909,Cc,0.0038696110937497252,False,64,False,K8 P8 H16 O32,1
KP(HO2)2,mp-1106168,C222_1,0.022019062499999187,False,16,True,K2 P2 H4 O8,1
KP(HO2)2,mp-1181168,P2_1,0.002574195624999831,False,64,False,K8 P8 H16 O32,1
KP(HO2)2,mp-1198928,P-1,0.03337091781249946,False,32,True,K4 P4 H8 O16,1
KP(HO2)2,mp-1223489,Pc,0.005341400312499189,False,32,True,K4 P4 H8 O16,0
La,mp-26,P6_3/mmc,0.0,True,4,False,La4,4
La,mp-156,Fm-3m,0.01936170500000145,False,1,False,La1,6
La,mp-10023,Im-3m,0.10422134500000269,False,1,False,La1,2
La2O3,mp-1968,P-3m1,0.0,True,5,False,La2 O3,13
La2O3,mp-2292,Ia-3,0.0017858232499978755,False,40,False,La16 O24,4
La2O3,mp-33032,Pm-3m,0.8924609145,False,5,True,La2 O3,0
La2O3,mp-553347,P-62m,0.24219737049999956,False,5,True,La2 O3,0
La2O3,mp-557691,C2/m,0.03138961316666666,False,15,True,La6 O9,1
La2O3,mp-1180635,P6/mmm,0.23565604849999922,False,5,True,La2 O3,0
La2S3,mp-7475,Pnma,0.0,True,20,False,La8 S12,3
La2S3,mp-32906,I-42d,0.019705075249998316,False,40,True,La16 S24,0
La2Se3,mp-32798,I-42d,0.0,True,40,True,La16 Se24,0
La2Te3,mp-32755,I-42d,0.0,True,40,True,La16 Te24,0
LaAl2,mp-2694,Fd-3m,0.0,True,6,False,La2 Al4,15
LaAsO4,mp-4917,P2_1/c,0.0,True,24,False,La4 As4 O16,2
LaAsO4,mp-772261,I4_1/amd,0.012079903333334308,False,12,True,La2 As2 O8,0
LaAsO4,mp-1095309,I4_1/a,0.003724108333334364,False,12,False,La2 As2 O8,1
LaBr3,mp-23263,P6_3/m,0.0,True,8,False,La2 Br6,3
LaCl3,mp-22896,P6_3/m,0.0,True,8,False,La2 Cl6,2
LaClO,mp-23025,P4/nmm,0.02770730916666686,False,6,False,La2 Cl2 O2,4
LaF3,mp-323,I4/mmm,0.1720472433333331,False,4,True,La1 F3,6
LaF3,mp-334,P6_3cm,0.0009009479166666168,False,24,False,La6 F18,3
LaF3,mp-905,P-3c1,0.0,True,24,False,La6 F18,21
LaF3,mp-8354,P6_3/mmc,0.018805870833334737,False,8,False,La2 F6,1
LaF3,mp-13181,Fm-3m,0.18141721833333335,False,4,True,La1 F3,2
LaF3,mp-17171,P6_3/mcm,0.14430337041666608,False,24,True,La6 F18,0
LaF3,mp-557870,Cmme,0.1747383127083335,False,16,True,La4 F12,1
LaF3,mp-1101074,Pmmn,0.11996147583333361,False,8,False,La2 F6,1
LaH2,mp-24153,Fm-3m,0.0,True,3,False,La1 H2,8
LaI3,mp-27979,Cmcm,0.0,True,8,False,La2 I6,1
LaMg,mp-1104,Pm-3m,0.005696517500002329,False,2,False,La1 Mg1,8
LaMg,mp-1094164,C2,0.10108741083333639,False,6,True,La3 Mg3,0
LaMg,mp-1094166,Cm,0.13482865583333625,False,6,True,La3 Mg3,0
LaMg,mp-1094173,Amm2,0.10742484250000262,False,6,True,La3 Mg3,0
LaMg,mp-1094182,Cm,0.09601433750000288,False,6,True,La3 Mg3,0
LaMg,mp-1094216,Amm2,0.06661395916666946,False,6,True,La3 Mg3,0
LaMg,mp-1094739,Pmma,0.0,True,4,True,La2 Mg2,0
LaMg,mp-2029836,Cmmm,0.03250031416666799,False,6,True,La3 Mg3,0
LaN,mp-256,Fm-3m,0.0,True,2,False,La1 N1,45
LaN,mp-13132,Pm-3m,0.5952306725000014,False,2,True,La1 N1,2
LaN,mp-567290,P6_3mc,0.016427717500000938,False,4,True,La2 N2,1
LaN,mp-1018049,P4/nmm,0.11668909999999855,False,4,False,La2 N2,2
LaS,mp-2350,Fm-3m,0.0,True,2,False,La1 S1,12
LaS,mp-20215,P4/nmm,0.2819457050000018,False,4,False,La2 S2,1
LaS,mp-557579,Cmce,0.2797675350000013,False,8,False,La4 S4,2
LaS,mp-1008998,Pm-3m,0.3196146500000019,False,2,True,La1 S1,1
LaS,mp-1068462,Pmm2,2.668877795,False,4,True,La2 S2,0
LaSe,mp-1161,Fm-3m,0.0,True,2,False,La1 Se1,7
LaSe,mp-642890,P-1,0.24133064125000203,False,8,True,La4 Se4,0
LaSe,mp-1008999,Pm-3m,0.24330531500000063,False,2,True,La1 Se1,1
LaSe,mp-1065583,C2/m,0.24288615500000077,False,4,False,La2 Se2,2
Li,mp-51,Fm-3m,0.0016723733333336988,False,1,False,Li1,5
Li,mp-135,Im-3m,0.009650863333333426,False,1,False,Li1,13
Li,mp-10173,P6_3/mmc,0.005987748333333709,False,2,False,Li2,3
Li,mp-567337,I-43d,0.008819463333333388,False,8,False,Li8,1
Li,mp-604313,P4_132,0.2617987441666667,False,4,True,Li4,1
Li,mp-976411,P6_3/mmc,0.0058890908333335545,False,4,True,Li4,0
Li,mp-1018134,R-3m,0.0,True,3,False,Li3,3
Li,mp-1063005,P6/mmm,0.015670883333333663,False,3,True,Li3,1
Li,mp-1103107,Cmce,0.055379472500000304,False,12,True,Li12,1
Li2B4O7,mp-4779,I4_1cd,0.002735776057693151,False,52,False,Li8 B16 O28,23
Li2B4O7,mp-560463,I4_1cd,0.3124278237500011,False,52,False,Li8 B16 O28,1
Li2BeF4,mp-4622,R-3,0.0,True,42,False,Li12 Be6 F24,5
Li2CO3,mp-3054,C2/c,0.0,True,12,False,Li4 C2 O6,5
Li2CO3,mp-556777,P6_3/mcm,0.06689953083333311,False,12,False,Li4 C2 O6,2
Li2O,mp-1960,Fm-3m,0.0,True,3,False,Li2 O1,10
Li2O,mp-755894,Pnma,0.0843597108333336,False,12,True,Li8 O4,0
Li2O,mp-1245009,P1,0.16185090637254884,False,102,True,Li68 O34,0
Li2O,mp-1245092,P1,0.17322202568627443,False,102,True,Li68 O34,0
Li2O,mp-1245224,P1,0.14968582284313658,False,102,True,Li68 O34,0
Li2O,mp-1245303,P1,0.15857413774509688,False,102,True,Li68 O34,0
Li2O2,mp-841,P6_3/mmc,0.0,True,8,False,Li4 O4,3
Li2O2,mp-558312,P6_3/mmc,0.14272422874999968,False,8,False,Li4 O4,1
Li2O2,mp-1097030,P4/mmm,0.2682035875000004,False,2,True,Li1 O1,0
Li2O2,mp-1180619,Pm-3m,0.28903187249999984,False,2,True,Li1 O1,0
Li2SO4,mp-4556,P2_1/c,0.0,True,28,False,Li8 S4 O16,4
Li2SO4,mp-558382,Cmcm,0.05493033750000009,False,14,False,Li4 S2 O8,2
Li2SO4,mp-676723,P1,0.10760833464285735,False,14,True,Li4 S2 O8,0
Li2SO4,mp-1222624,F-43m,0.2676350789285724,False,7,True,Li2 S1 O4,0
Li2Se,mp-2286,Fm-3m,0.0,True,3,False,Li2 Se1,5
Li2Si2O5,mp-3552,Pbcn,0.0049050622222210905,False,36,False,Li8 Si8 O20,2
Li2Si2O5,mp-4117,Ccc2,0.0,True,18,False,Li4 Si4 O10,2
Li2SiO3,mp-5012,Cmc2_1,0.0,True,12,False,Li4 Si2 O6,4
Li2Te,mp-2530,Fm-3m,0.0,True,3,False,Li2 Te1,4
Li2TiO3,mp-2931,C2/c,0.0,True,24,False,Li8 Ti4 O12,5
Li2TiO3,mp-36864,C2/c,0.004916677500000688,False,12,True,Li4 Ti2 O6,0
Li2TiO3,mp-676365,C2/c,0.03427031895833377,False,48,True,Li16 Ti8 O24,0
Li2TiO3,mp-729930,P-1,1.245909848958334,False,48,True,Li16 Ti8 O24,0
Li2TiO3,mp-760017,P-1,0.15581225861111214,False,18,True,Li6 Ti3 O9,0
Li2TiO3,mp-1222656,Immm,0.02365314583333422,False,6,True,Li2 Ti1 O3,0
Li2TiO3,mp-1407905,P-1,0.8339675525000008,False,18,True,Li6 Ti3 O9,0
Li2ZrO3,mp-4156,C2/c,0.0,True,12,False,Li4 Zr2 O6,7
Li3AlF6,mp-15254,C2/c,0.0,True,60,False,Li18 Al6 F36,2
Li3AlF6,mp-556020,Pna2_1,0.001614824333330489,False,40,False,Li12 Al4 F24,1
Li3AlF6,mp-1111291,Fm-3m,0.18114986283333057,False,10,True,Li3 Al1 F6,0
Li3AsO4,mp-9197,Pmn2_1,0.0,True,16,False,Li6 As2 O8,1
Li3AsO4,mp-1222598,Pnma,0.005794280937499785,False,32,True,Li12 As4 O16,0
Li3N,mp-2251,P6/mmm,0.0,True,4,False,Li3 N1,20
Li3N,mp-2341,P6_3/mmc,0.003927161250000033,False,8,False,Li6 N2,10
Li4SiO4,mp-11737,P-1,0.0,True,18,False,Li8 Si2 O8,1
Li4SiO4,mp-35822,P1,0.03032233944444318,False,18,True,Li8 Si2 O8,0
Li4SiO4,mp-559848,P2_1/m,0.0026786007142840518,False,126,False,Li56 Si14 O56,2
Li4SiO4,mp-685863,P1,0.05964752203703583,False,54,True,Li24 Si6 O24,0
Li4SiO4,mp-1223129,P2_1,0.0018023696031743697,False,126,True,Li56 Si14 O56,0
LiAl,mp-1067,Fd-3m,0.0,True,4,False,Li2 Al2,26
LiAl,mp-1079240,P6_3/mmc,0.08662110999999939,False,8,False,Li4 Al4,1
LiAl,mp-1191737,Cmce,0.1468947974999999,False,24,False,Li12 Al12,1
LiAl(SiO3)2,mp-6340,C2/c,0.03459906483333608,False,20,False,Li2 Al2 Si4 O12,17
LiAl(SiO3)2,mp-542874,P2_1/c,0.03763569858333593,False,40,False,Li4 Al4 Si8 O24,4
LiAl(SiO3)2,mp-558808,P1,0.024536018833337003,False,20,False,Li2 Al2 Si4 O12,1
LiAl(SiO3)2,mp-1222469,C222,0.0016197218333369179,False,10,True,Li1 Al1 Si2 O6,0
LiAlO2,mp-3427,P4_12_12,0.01406045374999998,False,16,False,Li4 Al4 O8,6
LiAlO2,mp-8001,R-3m,0.0,True,4,False,Li1 Al1 O2,1
LiAlO2,mp-34993,P-4m2,0.10280165479166659,False,48,True,Li12 Al12 O24,0
LiAlSiO4,mp-6326,P6_422,0.006199987738094492,False,84,False,Li12 Al12 Si12 O48,6
LiAlSiO4,mp-6327,P6_422,0.00770086142857096,False,21,False,Li3 Al3 Si3 O12,2
LiAlSiO4,mp-14399,P6_222,0.006687106785713937,False,84,False,Li12 Al12 Si12 O48,1
LiAlSiO4,mp-18220,R3,0.0,True,42,False,Li6 Al6 Si6 O24,1
LiAlSiO4,mp-556544,Pc,0.022377812738096026,False,28,False,Li4 Al4 Si4 O16,1
LiAlSiO4,mp-558713,P6_222,0.019508339523810037,False,21,False,Li3 Al3 Si3 O12,1
LiAlSiO4,mp-559689,Pna2_1,0.027127682738095515,False,28,True,Li4 Al4 Si4 O16,1
LiAlSiO4,mp-1222444,P6_222,0.007672546190476304,False,21,True,Li3 Al3 Si3 O12,0
LiAlSiO4,mp-1222553,P2,0.030060870476190438,False,21,True,Li3 Al3 Si3 O12,0
LiB3O5,mp-3660,Pna2_1,0.006568469722249226,False,36,False,Li4 B12 O20,7
LiB3O5,mp-1020025,Pnma,0.045089810277806563,False,144,False,Li16 B48 O80,1
LiBO2,mp-3635,P2_1/c,0.01816399749999409,False,16,False,Li4 B4 O8,3
LiBO2,mp-14232,I-42d,0.0,True,8,False,Li2 B2 O4,1
LiBr,mp-23259,Fm-3m,0.009895712500000542,False,2,False,Li1 Br1,4
LiBr,mp-976280,P6_3mc,0.0,True,4,True,Li2 Br2,0
LiCl,mp-22905,Fm-3m,0.02431463874999995,False,8,False,Li4 Cl4,5
LiCl,mp-1185319,P6_3mc,0.0038527562499997003,False,4,True,Li2 Cl2,0
LiClO4,mp-30301,Pnma,0.0,True,24,False,Li4 Cl4 O16,2
LiF,mp-1138,Fm-3m,0.0,True,2,False,Li1 F1,8
LiF,mp-1009009,Pm-3m,0.2875420599999998,False,2,True,Li1 F1,1
LiF,mp-1185301,P6_3mc,0.024405554999999524,False,4,True,Li2 F2,0
LiFeO2,mp-18782,I4_1/amd,0.02022191312499988,False,8,False,Li2 Fe2 O4,4
LiFeO2,mp-19419,R-3m,0.07487339687499972,False,4,False,Li1 Fe1 O2,3
LiFeO2,mp-754977,P6_3mc,0.03876719812499996,False,8,True,Li2 Fe2 O4,0
LiFeO2,mp-755709,Fd-3m,0.0012790318749997809,False,16,True,Li4 Fe4 O8,0
LiFeO2,mp-756497,P-1,0.027375911374999617,False,20,True,Li5 Fe5 O10,0
LiFeO2,mp-756527,Imma,0.07755148624999997,False,16,True,Li4 Fe4 O8,0
LiFeO2,mp-757614,Pmmn,0.0,True,8,True,Li2 Fe2 O4,0
LiFeO2,mp-850511,Pbca,0.08032591703124936,False,64,True,Li16 Fe16 O32,0
LiFeO2,mp-1222302,P4/mmm,0.11972960187499915,False,4,True,Li1 Fe1 O2,0
LiH,mp-23703,Fm-3m,0.0,True,2,False,Li1 H1,24
LiHO,mp-23856,P4/nmm,0.0,True,6,False,Li2 H2 O2,2
LiHO,mp-625998,Aem2,0.004186630000000413,False,6,True,Li2 H2 O2,0
LiI,mp-22899,Fm-3m,0.02873937250000047,False,2,False,Li1 I1,4
LiI,mp-568273,P6_3/mmc,0.02886215250000035,False,4,False,Li2 I2,1
LiI,mp-570935,P6_3mc,0.0,True,4,False,Li2 I2,1
Lu,mp-145,P6_3/mmc,0.0007369333333357986,False,2,False,Lu2,9
Lu,mp-10190,Im-3m,0.10293042333334057,False,1,False,Lu1,1
Lu,mp-973571,R-3m,0.0,True,3,False,Lu3,1
Lu2O3,mp-1427,Ia-3,0.0,True,40,False,Lu16 O24,9
Lu2O3,mp-13068,P-3m1,0.08415882149999909,False,5,True,Lu2 O3,1
Lu2O3,mp-556477,C2/m,0.04682747150000033,False,15,True,Lu6 O9,1
Mg,mp-110,Im-3m,0.03967987500000003,False,1,False,Mg1,2
Mg,mp-153,P6_3/mmc,0.0,True,2,False,Mg2,19
Mg,mp-973364,P6_3/mmc,0.008570822499999409,False,4,True,Mg4,0
Mg,mp-1055956,P6/mmm,0.23651014000000004,False,1,True,Mg1,1
Mg,mp-1056351,I4/mmm,0.037615175,False,1,False,Mg1,3
Mg,mp-1056702,Fm-3m,0.03018996499999993,False,1,True,Mg1,1
Mg,mp-1094122,R-3m,0.003384133333333317,False,9,True,Mg9,0
Mg,mp-1247180,Pmmn,0.1773786710000005,False,10,True,Mg10,0
Mg,mp-2017534,Pmn2_1,0.16564932200000015,False,10,True,Mg10,0
Mg(FeO2)2,mp-33325,Cm,0.03713282678571339,False,56,True,Mg8 Fe16 O32,0
Mg(FeO2)2,mp-34493,P1,0.04495846999999831,False,42,True,Mg6 Fe12 O24,0
Mg(FeO2)2,mp-34569,Cm,0.04664577595237951,False,42,True,Mg6 Fe12 O24,0
Mg(FeO2)2,mp-531041,P1,0.11461137657142739,False,70,True,Mg10 Fe20 O40,0
Mg(FeO2)2,mp-531088,Cm,0.12498968690476087,False,84,True,Mg12 Fe24 O48,0
Mg(FeO2)2,mp-532433,Cm,0.11218177514285621,False,70,True,Mg10 Fe20 O40,0
Mg(FeO2)2,mp-579284,P4_122,0.07423204357142765,False,28,True,Mg4 Fe8 O16,1
Mg(FeO2)2,mp-608016,Fd-3m,0.0,True,14,False,Mg2 Fe4 O8,1
Mg(FeO2)2,mp-630714,Pbcm,0.10326493821428517,False,28,True,Mg4 Fe8 O16,0
Mg(FeO2)2,mp-685663,P1,0.0423776981632642,False,98,True,Mg14 Fe28 O56,0
Mg(FeO2)2,mp-753198,R3m,0.03441007142857089,False,14,True,Mg2 Fe4 O8,0
Mg(FeO2)2,mp-1040986,P3m1,0.023559096904761212,False,42,True,Mg6 Fe12 O24,0
Mg(FeO2)2,mp-1041720,Cmcm,0.10233327142857007,False,14,True,Mg2 Fe4 O8,0
Mg(FeO2)2,mp-1045551,Imma,0.13603878999999885,False,14,True,Mg2 Fe4 O8,0
Mg(FeO2)2,mp-1049284,P3m1,0.013528509047618265,False,42,True,Mg6 Fe12 O24,0
Mg(FeO2)2,mp-1345209,Pmmn,0.12176770571428452,False,28,True,Mg4 Fe8 O16,0
Mg(FeO2)2,mp-1367369,Pnma,0.21851975464285633,False,28,True,Mg4 Fe8 O16,0
Mg(FeO2)2,mp-1374666,Pmc2_1,0.14241382285714188,False,28,True,Mg4 Fe8 O16,0
Mg(FeO2)2,mp-1386508,P-1,0.13971689714285596,False,14,True,Mg2 Fe4 O8,0
Mg(FeO2)2,mp-1388405,C2/m,0.13935143999999866,False,14,True,Mg2 Fe4 O8,0
Mg(FeO2)2,mp-2227184,C2/m,0.08778097642857041,False,7,True,Mg1 Fe2 O4,0
Mg(HO)2,mp-30247,P-3m1,0.0,True,5,False,Mg1 H2 O2,31
Mg(HO)2,mp-626143,C2,0.00938602799998911,False,5,True,Mg1 H2 O2,0
Mg(HO)2,mp-626149,P3m1,0.24153724199998905,False,5,True,Mg1 H2 O2,0
Mg(NO3)2,mp-771046,Pa-3,0.0014402991666688791,False,36,True,Mg4 N8 O24,0
Mg(NO3)2,mp-776410,Pca2_1,0.010410651250000846,False,72,True,Mg8 N16 O48,0
Mg(NO3)2,mp-1020058,R-3,0.0,True,108,True,Mg12 N24 O72,0
Mg2Al4Si5O18,mp-6174,Cccm,0.0,True,58,False,Mg4 Al8 Si10 O36,16
Mg2Al4Si5O18,mp-684265,P1,0.02377106137931051,False,58,True,Mg4 Al8 Si10 O36,0
Mg2C3,mp-28793,Pnnm,0.17238674149999866,False,10,False,Mg4 C6,1
Mg2Cu,mp-2481,Fddd,0.0,True,12,False,Mg8 Cu4,8
Mg2Cu,mp-865014,Ibam,0.01742594666666708,False,6,True,Mg4 Cu2,0
Mg2Cu,mp-1052023,I4/mcm,0.009202400000000388,False,6,True,Mg4 Cu2,0
Mg2Ge,mp-250,Fd-3m,0.4831721600000005,False,6,False,Mg4 Ge2,3
Mg2Ge,mp-408,Fm-3m,0.0,True,3,False,Mg2 Ge1,8
Mg2Ge,mp-1018794,P6_3/mmc,0.1528134983333329,False,6,True,Mg4 Ge2,2
Mg2Pb,mp-20724,Fm-3m,0.0,True,3,False,Mg2 Pb1,7
Mg2Pb,mp-1102915,Pnma,0.06454494999999838,False,12,False,Mg8 Pb4,1
Mg2Si,mp-1367,Fm-3m,0.0,True,3,False,Mg2 Si1,17
Mg2Si,mp-570657,Fd-3m,0.5826133949999996,False,6,False,Mg4 Si2,2
Mg2Si,mp-1018796,P6_3/mmc,0.16003072166666588,False,6,True,Mg4 Si2,1
Mg2Si,mp-1074613,P1,0.21184904249999947,False,12,True,Mg8 Si4,0
Mg2Si,mp-1074616,P-1,0.1926425591666665,False,12,True,Mg8 Si4,0
Mg2Si,mp-1074619,P1,0.19947320666666624,False,12,True,Mg8 Si4,0
Mg2Si,mp-1074632,P-1,0.13680143249999954,False,12,True,Mg8 Si4,0
Mg2Si,mp-1074636,P1,0.19873045083333318,False,12,True,Mg8 Si4,0
Mg2Si,mp-1074637,C2/m,0.2094253533333328,False,12,True,Mg8 Si4,0
Mg2Si,mp-1074641,P2_1,0.1421821991666663,False,12,True,Mg8 Si4,0
Mg2Si,mp-1074644,P1,0.17365701666666666,False,12,True,Mg8 Si4,0
Mg2Si,mp-1074645,P-1,0.17298973916666593,False,12,True,Mg8 Si4,0
Mg2Si,mp-1074652,P4/nmm,0.08808295499999952,False,6,True,Mg4 Si2,0
Mg2Si,mp-1074665,P1,0.24260849583333277,False,12,True,Mg8 Si4,0
Mg2Si,mp-1074667,P-1,0.16429826333333297,False,12,True,Mg8 Si4,0
Mg2Si,mp-1074668,P1,0.20540653416666643,False,12,True,Mg8 Si4,0
Mg2Si,mp-1074669,P-1,0.26857781166666594,False,6,True,Mg4 Si2,0
Mg2Si,mp-1074672,P-1,0.127240290833333,False,12,True,Mg8 Si4,0
Mg2Si,mp-1074676,P1,0.1989734391666662,False,12,True,Mg8 Si4,0
Mg2Si,mp-1074681,P1,0.18570709083333314,False,12,True,Mg8 Si4,0
Mg2Si,mp-1074700,P1,0.16194499666666617,False,12,True,Mg8 Si4,0
Mg2Si,mp-1074703,P1,0.2219333149999998,False,12,True,Mg8 Si4,0
Mg2Si,mp-1074714,Cmcm,0.1655407983333328,False,6,True,Mg4 Si2,0
Mg2Si,mp-1074720,P2_1,0.18844589333333284,False,12,True,Mg8 Si4,0
Mg2Si,mp-1074729,P-1,0.144202926666666,False,12,True,Mg8 Si4,0
Mg2Si,mp-1074730,P2_1/c,0.14373115166666617,False,12,True,Mg8 Si4,0
Mg2Si,mp-1074733,P1,0.23931780916666634,False,12,True,Mg8 Si4,0
Mg2Si,mp-1074738,Pnma,0.15237157083333308,False,12,True,Mg8 Si4,0
Mg2Si,mp-1074751,P2_1,0.1852522308333331,False,12,True,Mg8 Si4,0
Mg2Si,mp-1074753,P-1,0.13081832999999943,False,12,True,Mg8 Si4,0
Mg2Si,mp-1074759,P-1,0.1739174849999996,False,12,True,Mg8 Si4,0
Mg2Si,mp-1074770,P1,0.24113707916666627,False,12,True,Mg8 Si4,0
Mg2Si,mp-1074772,P1,0.22067445499999971,False,12,True,Mg8 Si4,0
Mg2Si,mp-1074780,P-1,0.1888166999999994,False,12,True,Mg8 Si4,0
Mg2Si,mp-1100468,P2_1/c,0.1540252483333333,False,12,True,Mg8 Si4,0
Mg2Si,mp-1101851,Pnma,0.0876272716666664,False,12,True,Mg8 Si4,3
Mg2Si,mp-1180797,Pnma,2.6208656066666665,False,12,True,Mg8 Si4,0
Mg2Si,mp-1237875,P-1,0.25539121416666655,False,12,True,Mg8 Si4,0
Mg2SiO4,mp-2895,Pnma,0.0,True,28,False,Mg8 Si4 O16,54
Mg2SiO4,mp-5391,Imma,0.05018273142857055,False,28,False,Mg8 Si4 O16,15
Mg2SiO4,mp-5392,Imma,0.34284694357142786,False,28,True,Mg8 Si4 O16,4
Mg2SiO4,mp-5639,Fd-3m,0.07170602142857074,False,14,False,Mg4 Si2 O8,13
Mg2SiO4,mp-7982,Pbam,0.173505382857142,False,14,False,Mg4 Si2 O8,1
Mg2SiO4,mp-7983,I4/mmm,0.37971046285714216,False,7,False,Mg2 Si1 O4,1
Mg2SiO4,mp-530852,R3m,0.1314049664285699,False,70,True,Mg20 Si10 O40,0
Mg2SiO4,mp-554396,P-3m1,0.22323126571428453,False,14,False,Mg4 Si2 O8,1
Mg2SiO4,mp-554663,P-3m1,0.0622877028571418,False,14,False,Mg4 Si2 O8,1
Mg2SiO4,mp-560321,P2/m,0.14105386178571422,False,28,False,Mg8 Si4 O16,1
Mg2SiO4,mp-673808,Imma,0.1538187314285704,False,14,True,Mg4 Si2 O8,0
Mg2SiO4,mp-675215,P2_12_12_1,0.19527937071428525,False,28,True,Mg8 Si4 O16,0
Mg2SiO4,mp-1020110,P-1,0.13297987892857055,False,28,True,Mg8 Si4 O16,1
Mg2SiO4,mp-1020112,Cmc2_1,0.21252791714285557,False,14,False,Mg4 Si2 O8,2
Mg2SiO4,mp-1103987,I-42d,0.045217987857142816,False,14,True,Mg4 Si2 O8,1
Mg2TiO4,mp-33297,Imma,0.02040075249999962,False,14,True,Mg4 Ti2 O8,0
Mg2TiO4,mp-676979,C2,0.00580857767857168,False,56,True,Mg16 Ti8 O32,0
Mg2TiO4,mp-677628,P1,0.0041312277380942675,False,84,True,Mg24 Ti12 O48,0
Mg2TiO4,mp-757031,P4_122,0.0,True,28,True,Mg8 Ti4 O16,0
Mg2V2O7,mp-27150,P-1,0.0,True,22,False,Mg4 V4 O14,1
Mg2V2O7,mp-554767,P2_1/c,0.0012636868181816752,False,44,False,Mg8 V8 O28,1
Mg3(AsO4)2,mp-675309,P1,0.6333372380769218,False,39,True,Mg9 As6 O24,0
Mg3(AsO4)2,mp-756919,P2_1/c,0.0092703661538458,False,26,True,Mg6 As4 O16,0
Mg3(AsO4)2,mp-758196,I-4,0.0,True,39,True,Mg9 As6 O24,0
Mg3(AsO4)2,mp-770446,P2_1/c,0.022683829423076673,False,52,True,Mg12 As8 O32,0
Mg3(AsO4)2,mp-770734,P2_1/c,0.051991521923075545,False,52,True,Mg12 As8 O32,0
Mg3(AsO4)2,mp-770741,Cmce,0.036434268846153195,False,26,True,Mg6 As4 O16,0
Mg3(PO4)2,mp-14396,P2_1/c,0.0,True,26,False,Mg6 P4 O16,2
Mg3(PO4)2,mp-554171,P-1,0.029151552692307625,False,52,False,Mg12 P8 O32,1
Mg3(PO4)2,mp-560623,P2_1/c,0.0025447073076918514,False,26,False,Mg6 P4 O16,1
Mg3(PO4)2,mp-683760,P-1,2.8258999842307686,False,52,True,Mg12 P8 O32,0
Mg3N2,mp-1559,Ia-3,0.0,True,40,False,Mg24 N16,5
Mg3Si2H4O9,mp-23764,P31m,0.0002566163888886308,False,18,False,Mg3 Si2 H4 O9,11
Mg3Si2H4O9,mp-24097,P6_3cm,0.0,True,36,False,Mg6 Si4 H8 O18,3
Mg3Si4(HO6)2,mp-696497,P-1,0.0,True,21,False,Mg3 Si4 H2 O12,4
MgAl2O4,mp-3536,Fd-3m,0.0,True,14,False,Mg2 Al4 O8,28
MgAl2O4,mp-5857,Pnma,0.0988991514285642,False,28,False,Mg4 Al8 O16,3
MgAl2O4,mp-33302,R3m,0.020615211071421058,False,56,True,Mg8 Al16 O32,0
MgAl2O4,mp-33335,P3m1,0.027027743571419904,False,42,True,Mg6 Al12 O24,0
MgAl2O4,mp-34144,P3m1,0.00998684571427777,False,42,True,Mg6 Al12 O24,0
MgAl2O4,mp-34330,R3m,0.05053768785713508,False,14,True,Mg2 Al4 O8,0
MgAl2O4,mp-38307,Imma,0.039576402142854405,False,14,True,Mg2 Al4 O8,0
MgAl2O4,mp-530146,P3m1,0.013208006071424805,False,84,True,Mg12 Al24 O48,0
MgAl2O4,mp-530164,R3m,0.007370626071426578,False,56,True,Mg8 Al16 O32,0
MgAl2O4,mp-530722,C2/m,0.007688672857134371,False,98,True,Mg14 Al28 O56,0
MgAl2O4,mp-530748,Cm,0.027118959999992143,False,56,True,Mg8 Al16 O32,0
MgAl2O4,mp-531340,Cm,0.03147818602039987,False,98,True,Mg14 Al28 O56,0
MgAl2O4,mp-531459,P1,0.050724369795910995,False,98,True,Mg14 Al28 O56,0
MgAl2O4,mp-531530,R3m,0.016482537142850084,False,70,True,Mg10 Al20 O40,0
MgAl2O4,mp-531793,R3m,0.03323142839284987,False,56,True,Mg8 Al16 O32,0
MgAl2O4,mp-531840,Cm,0.009149898877548246,False,98,True,Mg14 Al28 O56,0
MgAl2O4,mp-556870,Cmcm,0.10790889428570605,False,14,True,Mg2 Al4 O8,1
MgAl2O4,mp-1222051,P-6,0.1418725830952292,False,21,True,Mg3 Al6 O12,0
MgAl2O4,mp-1222073,Amm2,0.6281383135714211,False,7,True,Mg1 Al2 O4,0
MgB2,mp-763,P6/mmm,0.0,True,3,False,Mg1 B2,29
MgB4,mp-365,Pnma,0.0,True,20,False,Mg4 B16,1
MgBr2,mp-30034,P-3m1,0.0,True,3,False,Mg1 Br2,3
MgC2,mp-29771,P4_2/mnm,0.430231046666667,False,6,False,Mg2 C4,1
MgCO3,mp-5348,R-3c,0.0,True,10,False,Mg2 C2 O6,34
MgCO3,mp-546079,C222_1,0.3780616330000077,False,10,True,Mg2 C2 O6,1
MgCO3,mp-2647164,C2/m,0.31464865683333976,False,60,True,Mg12 C12 O36,0
MgCl2,mp-23210,R-3m,0.0,True,9,False,Mg3 Cl6,3
MgCl2,mp-569626,Ama2,0.19913082333333376,False,6,True,Mg2 Cl4,1
MgCl2,mp-570259,P-3m1,0.0006391266666669893,False,3,False,Mg1 Cl2,1
MgCl2,mp-570782,P-1,0.12182977333333334,False,6,True,Mg2 Cl4,1
MgCl2,mp-570922,P-4m2,0.08375117666666698,False,3,True,Mg1 Cl2,1
MgCl2,mp-571387,Pmma,0.14183556833333322,False,6,True,Mg2 Cl4,1
MgCr2O4,mp-19202,Fd-3m,0.0,True,14,False,Mg2 Cr4 O8,15
MgCr2O4,mp-39010,Imma,0.21007780928570696,False,14,True,Mg2 Cr4 O8,0
MgCr2O4,mp-1041004,P3m1,0.08424372071427833,False,42,True,Mg6 Cr12 O24,0
MgCr2O4,mp-1041502,Pbcm,0.12696837464284982,False,28,True,Mg4 Cr8 O16,0
MgCr2O4,mp-1047641,Cmcm,0.12525971857142082,False,14,False,Mg2 Cr4 O8,2
MgCr2O4,mp-1048255,Pnma,0.12611337357142105,False,28,True,Mg4 Cr8 O16,0
MgCr2O4,mp-1048889,R3m,0.12218035499999225,False,14,True,Mg2 Cr4 O8,0
MgCr2O4,mp-1049295,P3m1,0.04488956904761032,False,42,True,Mg6 Cr12 O24,0
MgCr2O4,mp-1331854,Cm,0.16767815732142033,False,56,True,Mg8 Cr16 O32,0
MgCr2O4,mp-1356914,Cm,0.18091352952380113,False,42,True,Mg6 Cr12 O24,0
MgCr2O4,mp-1372620,Pmmn,0.12614903678570677,False,28,True,Mg4 Cr8 O16,0
MgCr2O4,mp-1394001,C2/m,0.19685826214284852,False,14,True,Mg2 Cr4 O8,0
MgCr2O4,mp-2215787,Amm2,0.4194073999999919,False,7,True,Mg1 Cr2 O4,0
MgCr2O4,mp-2215960,P-4,0.3836035185714195,False,7,True,Mg1 Cr2 O4,0
MgCr2O4,mp-2224714,P2/m,0.32249830285713443,False,7,True,Mg1 Cr2 O4,0
MgCr2O4,mp-2225288,P-6m2,0.3253360128571341,False,7,True,Mg1 Cr2 O4,0
MgCr2O4,mp-2225390,P-6m2,0.37934514428570587,False,7,True,Mg1 Cr2 O4,0
MgCr2O4,mp-2225849,R-3m,0.254028712857135,False,7,True,Mg1 Cr2 O4,0
MgCr2O4,mp-2225869,Pm,0.413209641428562,False,7,True,Mg1 Cr2 O4,0
MgCr2O4,mp-2740514,Cm,0.04041552523809244,False,42,True,Mg6 Cr12 O24,0
MgCu2,mp-1038,Fd-3m,0.0,True,6,False,Mg2 Cu4,14
MgF2,mp-1249,P4_2/mnm,0.0,True,6,False,Mg2 F4,21
MgF2,mp-1746,Pa-3,0.06607834583333361,False,12,False,Mg4 F8,6
MgF2,mp-560236,C2/m,0.10763880333333375,False,6,True,Mg2 F4,0
MgF2,mp-1062842,Amm2,0.26364889999999974,False,3,True,Mg1 F2,1
MgF2,mp-1072956,Pnnm,0.0024727899999996694,False,6,False,Mg2 F4,3
MgF2,mp-1102433,Pnma,0.2069932149999998,False,12,True,Mg4 F8,1
MgF2,mp-1180279,Imma,0.10024060666666657,False,6,True,Mg2 F4,0
MgH2,mp-23710,P4_2/mnm,0.0,True,6,False,Mg2 H4,19
MgH2,mp-23711,Pbcn,0.0018755891666670799,False,12,False,Mg4 H8,3
MgH2,mp-23712,Pnma,0.08165124583333316,False,12,False,Mg4 H8,1
MgH2,mp-568441,Pbca,0.04591761333333322,False,24,False,Mg8 H16,1
MgH2,mp-569051,Pca2_1,0.04380347000000029,False,12,False,Mg4 H8,1
MgH2,mp-1008901,Fm-3m,0.10938693000000033,False,3,True,Mg1 H2,1
MgH2,mp-1102038,Pa-3,0.0352997833333335,False,12,True,Mg4 H8,1
MgI2,mp-23205,P-3m1,0.0,True,3,False,Mg1 I2,2
MgMoO4,mp-19047,C2/m,0.0,True,24,False,Mg4 Mo4 O16,1
MgNi2,mp-2675,P6_3/mmc,0.0,True,24,False,Mg8 Ni16,6
MgNi2,mp-1061691,I4/mmm,0.17897293041666718,False,3,False,Mg1 Ni2,3
MgNi2,mp-1185705,Fd-3m,0.004170157500000826,False,6,True,Mg2 Ni4,0
MgO,mp-1265,Fm-3m,0.0,True,2,False,Mg1 O1,54
MgO,mp-549706,P6_3mc,0.11804199249999936,False,4,False,Mg2 O2,4
MgO,mp-775808,P3m1,0.13208062666666454,False,12,True,Mg6 O6,0
MgO,mp-776911,P6_3mc,0.1383558612499991,False,8,True,Mg4 O4,0
MgO,mp-1009127,Pm-3m,0.7484379050000003,False,2,True,Mg1 O1,1
MgO,mp-1009129,P-6m2,0.3374968550000004,False,2,False,Mg1 O1,1
MgO,mp-1065577,P6_3/mmc,0.06344360499999979,False,4,True,Mg2 O2,1
MgO,mp-1101930,Pm-3n,0.13565795999999963,False,12,True,Mg6 O6,1
MgO,mp-1180312,Ibam,0.10610030374999901,False,16,True,Mg8 O8,1
MgO,mp-1180973,R-3m,0.05972853000000011,False,16,True,Mg8 O8,0
MgO,mp-1190533,P6/mcc,0.11309212958333337,False,24,True,Mg12 O12,1
MgO,mp-1190649,Cm,0.15360879541666606,False,24,True,Mg12 O12,1
MgO,mp-1191789,C2/c,0.16565519333333256,False,24,True,Mg12 O12,1
MgO,mp-1192043,Ibam,0.09201163208333352,False,24,True,Mg12 O12,1
MgO,mp-1192189,P6_3/mmc,0.04323758541666578,False,24,True,Mg12 O12,1
MgO,mp-1244962,P1,0.329301713125,False,80,True,Mg40 O40,0
MgO,mp-1245039,P1,0.25434462224999965,False,80,True,Mg40 O40,0
MgO,mp-1245045,P1,0.3156935359999995,False,80,True,Mg40 O40,0
MgO,mp-1245128,P1,0.34555354887499945,False,80,True,Mg40 O40,0
MgO,mp-1245143,P1,0.341307611625,False,80,True,Mg40 O40,0
MgO,mp-1245157,P1,0.34831977149999993,False,80,True,Mg40 O40,0
MgO,mp-1245195,P1,0.3447370867499995,False,80,True,Mg40 O40,0
MgO,mp-1245232,P1,0.3215985776249992,False,80,True,Mg40 O40,0
MgS,mp-1315,Fm-3m,0.0,True,2,False,Mg1 S1,11
MgS,mp-13032,F-43m,0.034344234999999834,False,2,True,Mg1 S1,1
MgS,mp-1185942,P6_3mc,0.024979367500000293,False,4,True,Mg2 S2,0
MgSO4,mp-4967,Pnma,0.005323412083333423,False,24,False,Mg4 S4 O16,2
MgSO4,mp-7572,Cmcm,0.0,True,12,False,Mg2 S2 O8,1
MgSO4,mp-1191983,P2_1/c,0.7922564541666661,False,24,False,Mg4 S4 O16,1
MgSe,mp-10760,Fm-3m,0.01005978999999968,False,2,False,Mg1 Se1,2
MgSe,mp-13031,F-43m,0.00593989499999914,False,2,True,Mg1 Se1,1
MgSe,mp-1018040,P6_3mc,0.0,True,4,False,Mg2 Se2,1
MgSeO3,mp-12271,Pnma,0.0,True,20,False,Mg4 Se4 O12,1
MgSiO3,mp-3470,P2_1/c,0.0076780379166647705,False,40,False,Mg8 Si8 O24,13
MgSiO3,mp-3547,Pnma,0.21704053316666716,False,20,False,Mg4 Si4 O12,25
MgSiO3,mp-4321,C2/c,0.019268999666667064,False,20,False,Mg4 Si4 O12,11
MgSiO3,mp-4391,Cmcm,0.2611187761666667,False,10,False,Mg2 Si2 O6,4
MgSiO3,mp-5026,Pbcn,0.00833264391666777,False,40,False,Mg8 Si8 O24,13
MgSiO3,mp-5834,Pbca,0.007866088916666847,False,80,False,Mg16 Si16 O48,29
MgSiO3,mp-5924,R-3,0.11707234016666579,False,10,False,Mg2 Si2 O6,7
MgSiO3,mp-530986,C2,0.10319220191666645,False,160,True,Mg32 Si32 O96,0
MgSiO3,mp-554137,P2_1/c,0.10853208541666604,False,40,False,Mg8 Si8 O24,11
MgSiO3,mp-556940,Pbca,0.10922547466666632,False,80,False,Mg16 Si16 O48,26
MgSiO3,mp-557803,Pna2_1,0.012639097166665003,False,40,True,Mg8 Si8 O24,2
MgSiO3,mp-603907,C2/c,0.1912892106666675,False,20,False,Mg4 Si4 O12,5
MgSiO3,mp-603930,C2/c,0.009410846166666431,False,20,False,Mg4 Si4 O12,8
MgSiO3,mp-642209,Pna2_1,0.44916264016666574,False,40,True,Mg8 Si8 O24,2
MgSiO3,mp-642210,Pna2_1,0.14628965016666573,False,40,True,Mg8 Si8 O24,2
MgSiO3,mp-642216,P2_1/c,0.125716575166666,False,40,True,Mg8 Si8 O24,2
MgSiO3,mp-642228,Pbca,0.205962627041667,False,80,False,Mg16 Si16 O48,5
MgSiO3,mp-644879,Pbcn,0.050826624666665765,False,40,True,Mg8 Si8 O24,1
MgSiO3,mp-657336,Pna2_1,0.2894799186666672,False,40,True,Mg8 Si8 O24,2
MgSiO3,mp-657338,Pbca,0.1331711937916662,False,80,False,Mg16 Si16 O48,5
MgSiO3,mp-772412,I4_1/a,0.08871805754166573,False,80,True,Mg16 Si16 O48,0
MgSiO3,mp-1016928,Pm-3m,0.4672552331666662,False,5,True,Mg1 Si1 O3,0
MgSiO3,mp-1020115,Pc,0.012783414166666063,False,80,True,Mg16 Si16 O48,1
MgSiO3,mp-1020117,Pc,0.011153507416666208,False,80,True,Mg16 Si16 O48,1
MgSiO3,mp-1020118,Pca2_1,0.018486247291665592,False,80,True,Mg16 Si16 O48,1
MgSiO3,mp-1020123,P2/c,0.020657474666666786,False,80,True,Mg16 Si16 O48,1
MgSiO3,mp-1020124,P2_1/c,0.010191609166666282,False,80,True,Mg16 Si16 O48,1
MgSiO3,mp-1020125,Pca2_1,0.01116162841666668,False,80,True,Mg16 Si16 O48,1
MgSiO3,mp-1020361,P2/c,0.010514179916667032,False,80,True,Mg16 Si16 O48,0
MgSiO3,mp-1180468,C2/c,1.6662845356666658,False,20,True,Mg4 Si4 O12,0
MgSiO3,mp-1180703,C2/c,0.402485997166667,False,20,True,Mg4 Si4 O12,0
MgSiO3,mp-1181528,P2_1/c,0.3004706396666661,False,40,True,Mg8 Si8 O24,0
MgSiO3,mp-1182302,P2_1/c,0.29466539991666707,False,40,True,Mg8 Si8 O24,0
MgSiO3,mp-1195746,P2/c,0.02162311441666631,False,40,True,Mg8 Si8 O24,0
MgSiO3,mp-1196002,P2/c,0.01683866629166708,False,80,True,Mg16 Si16 O48,0
MgSiO3,mp-1199778,Pna2_1,0.01187665291666562,False,40,True,Mg8 Si8 O24,0
MgSiO3,mp-1256030,Pnma,0.44185109816666657,False,40,True,Mg8 Si8 O24,0
MgTe,mp-1039,P6_3mc,2.360250000066344e-05,False,4,False,Mg2 Te2,4
MgTe,mp-13033,F-43m,0.0,True,2,True,Mg1 Te1,2
MgTe,mp-1008786,Fm-3m,0.06860242499999991,False,2,True,Mg1 Te1,1
MgTe,mp-1017510,P6_3/mmc,0.0548637774999996,False,4,True,Mg2 Te2,1
MgTi2O5,mp-28232,Cmcm,0.0,True,16,False,Mg2 Ti4 O10,1
MgTi2O5,mp-1042886,Cmcm,0.07107159625000037,False,16,True,Mg2 Ti4 O10,0
MgTi2O5,mp-1173863,P2_1,0.0007194658333329329,False,48,True,Mg6 Ti12 O30,0
MgTi2O5,mp-1222007,Cmc2_1,0.02225653562500085,False,16,True,Mg2 Ti4 O10,0
MgTi2O5,mp-1383750,Pmmn,0.14195482875000032,False,16,True,Mg2 Ti4 O10,0
MgTiO3,mp-3771,R-3,0.0,True,10,False,Mg2 Ti2 O6,30
MgTiO3,mp-1016830,Pm-3m,0.45547797899999765,False,5,True,Mg1 Ti1 O3,0
MgTiO3,mp-1345923,Pnma,0.08290772699999849,False,20,True,Mg4 Ti4 O12,0
MgV2O6,mp-504510,C2/m,0.0,True,9,True,Mg1 V2 O6,0
MgV2O6,mp-553490,C2/m,0.007773065555554126,False,9,False,Mg1 V2 O6,1
MgV2O6,mp-1045734,P2_1,0.0980490277777788,False,18,True,Mg2 V4 O12,0
MgV2O6,mp-1196870,Pbcn,0.013346993888887937,False,36,False,Mg4 V8 O24,1
MgV2O6,mp-1401601,Amm2,0.023238636666665258,False,9,True,Mg1 V2 O6,0
MgV2O6,mp-1402929,Amm2,0.5371192377777767,False,9,True,Mg1 V2 O6,0
MgWO4,mp-18875,P2/c,0.0,True,12,False,Mg2 W2 O8,7
MgWO4,mp-608385,P2/c,0.1279378274999985,False,12,False,Mg2 W2 O8,1
MgWO4,mp-609151,P2/c,0.0268912108333339,False,12,True,Mg2 W2 O8,0
Mn,mp-35,I-43m,0.0,True,29,False,Mn29,16
Mn,mp-8634,Fm-3m,0.4205954355172423,False,1,True,Mn1,2
Mn,mp-542909,P4_132,0.03989056101724309,False,20,False,Mn20,10
Mn,mp-1055908,Im-3m,0.369725385517242,False,1,False,Mn1,3
Mn,mp-1057139,I4_1/amd,0.6575198720689652,False,2,False,Mn2,1
Mn,mp-1191484,F-43m,0.8065849943416925,False,22,True,Mn22,1
Mn,mp-2647025,P6_3/mmc,0.052632352068965105,False,2,True,Mn2,0
Mn(FeO2)2,mp-18750,Fd-3m,0.0,True,14,False,Mn2 Fe4 O8,2
Mn(FeO2)2,mp-33708,Imma,0.10616947285714318,False,14,True,Mn2 Fe4 O8,0
Mn(FeO2)2,mp-697842,P1,0.08475882085714304,False,70,True,Mn10 Fe20 O40,0
Mn(FeO2)2,mp-1192567,Cmcm,0.13879923928571536,False,14,True,Mn2 Fe4 O8,0
Mn(FeO2)2,mp-1274757,P-1,0.15618410500000124,False,14,True,Mn2 Fe4 O8,0
Mn(FeO2)2,mp-2224874,C2/m,0.18057900500000024,False,14,True,Mn2 Fe4 O8,0
Mn2O3,mp-510604,Ia-3,0.006783344624999188,False,80,False,Mn32 O48,13
Mn2O3,mp-565203,Pbca,0.00016063450000025625,False,80,True,Mn32 O48,0
Mn2O3,mp-770543,R-3c,0.064272060375,False,10,True,Mn4 O6,0
Mn2O3,mp-771717,Pna2_1,0.08820273437499893,False,40,True,Mn16 O24,0
Mn2O3,mp-778470,P4_12_12,0.07885142162500003,False,160,True,Mn64 O96,0
Mn2O3,mp-1043363,Cmcm,0.22734648187499928,False,20,True,Mn8 O12,0
Mn2O3,mp-1172875,Pbca,0.0,True,80,False,Mn32 O48,4
Mn2O3,mp-1182678,I2_13,0.4217143263749996,False,40,True,Mn16 O24,0
Mn2O3,mp-1203190,R-3,0.07640607924999898,False,80,False,Mn32 O48,1
Mn2O3,mp-1204718,P-1,0.0768867196249996,False,80,False,Mn32 O48,1
Mn2O3,mp-1303934,C2/c,0.05860406837500065,False,10,True,Mn4 O6,0
Mn2O3,mp-1306224,C2/c,0.05031748937500069,False,10,True,Mn4 O6,0
Mn2O3,mp-1349371,P-1,2.8703792082499984,False,80,True,Mn32 O48,0
Mn2P,mp-1849,P-62m,0.0,True,9,False,Mn6 P3,4
Mn2P,mp-2019629,Amm2,0.0,True,9,True,Mn6 P3,0
Mn2Sb,mp-6912,P6_3/mmc,0.22937961235632187,False,6,False,Mn4 Sb2,1
Mn2Sb,mp-20664,P4/nmm,0.0,True,6,False,Mn4 Sb2,10
Mn2Sb,mp-1008875,F-43m,0.3213071356896542,False,3,True,Mn2 Sb1,1
Mn2SiO4,mp-18928,Pnma,0.0,True,28,False,Mn8 Si4 O16,2
Mn3C,mp-1188188,Pnma,0.016571311684781875,False,16,False,Mn12 C4,3
Mn3O4,mp-18759,I4_1/amd,0.0,True,14,False,Mn6 O8,8
Mn3O4,mp-20141,Pbcm,0.05253724357142886,False,28,False,Mn12 O16,3
Mn3O4,mp-638270,Pm,0.21869732857142843,False,28,True,Mn12 O16,0
Mn3O4,mp-1180464,Pbcm,0.5794239267857133,False,28,True,Mn12 O16,0
Mn3O4,mp-1180876,P2_1,0.1860828339285714,False,28,True,Mn12 O16,0
Mn3O4,mp-1193728,Pbcm,0.21897462678571422,False,28,False,Mn12 O16,2
Mn3O4,mp-1194100,Cmcm,0.22267911500000004,False,28,True,Mn12 O16,0
Mn3O4,mp-1279995,Pmc2_1,0.0550263278571439,False,28,True,Mn12 O16,0
Mn3Si,mp-20211,Fm-3m,0.011287056422414565,False,4,False,Mn3 Si1,4
Mn3Si,mp-1221697,P4/mmm,0.10637080749999939,False,4,True,Mn3 Si1,0
Mn4N,mp-505622,Pm-3m,0.0,True,5,False,Mn4 N1,3
Mn4N,mp-637576,Pm-3m,1.987054517999999,False,5,False,Mn4 N1,1
Mn5Si3,mp-1111,P6_3/mcm,0.0,True,16,False,Mn10 Si6,17
Mn5Si3,mp-1188480,Pmma,0.5270161975000001,False,16,False,Mn10 Si6,5
Mn7C3,mp-21256,Pnma,0.014997985989129603,False,40,False,Mn28 C12,3
MnAl2O4,mp-755882,Fd-3m,0.0,True,14,False,Mn2 Al4 O8,1
MnAs,mp-610,P6_3/mmc,0.033628015000000566,False,8,False,Mn4 As4,11
MnAs,mp-22240,Pnma,0.0,True,8,False,Mn4 As4,6
MnAs,mp-1009131,F-43m,0.44509168,False,2,True,Mn1 As1,2
MnB,mp-8365,Pnma,0.0,True,8,False,Mn4 B4,3
MnB,mp-616575,P4_2/ncm,0.499734645000002,False,16,False,Mn8 B8,1
MnB2,mp-585,P6/mmm,0.06919970777777884,False,3,False,Mn1 B2,4
MnBi,mp-22878,P6_3/mmc,0.44906315603448377,False,4,True,Mn2 Bi2,0
MnBi,mp-568382,P6_3/mmc,0.20783046353447787,False,4,False,Mn2 Bi2,13
MnBi,mp-1221736,Pmma,0.21875650478447994,False,8,True,Mn4 Bi4,0
MnBr2,mp-28306,P-3m1,0.0,True,3,False,Mn1 Br2,1
MnBr2,mp-569843,R-3m,0.00012977333333452634,False,3,False,Mn1 Br2,1
MnBr2,mp-571084,Fd-3m,0.0019265433333330861,False,12,False,Mn4 Br8,1
MnCO3,mp-18814,R-3c,0.0,True,10,False,Mn2 C2 O6,40
MnCO3,mp-690525,Cc,0.08142019800000533,False,10,True,Mn2 C2 O6,0
MnCO3,mp-695863,C2/c,1.3390969910000052,False,10,True,Mn2 C2 O6,0
MnCO3,mp-1078473,P-1,0.030299367000004906,False,20,False,Mn4 C4 O12,5
MnCO3,mp-1180142,C2/c,1.0444584600000058,False,10,True,Mn2 C2 O6,0
MnCO3,mp-1180143,P2_1/c,0.2725020945000054,False,20,True,Mn4 C4 O12,0
MnCO3,mp-1271783,P2/c,0.029906560500005952,False,20,True,Mn4 C4 O12,0
MnCl2,mp-28233,R-3m,0.0,True,3,False,Mn1 Cl2,1
MnF2,mp-556585,Pbcn,0.0,True,12,False,Mn4 F8,1
MnF2,mp-560902,P4_2/mnm,0.0002185575000011042,False,6,False,Mn2 F4,23
MnF2,mp-615138,P-42m,0.05465878083333475,False,12,False,Mn4 F8,1
MnF2,mp-2012783,P-43m,0.02042847416666671,False,12,True,Mn4 F8,0
MnF3,mp-541384,R-3c,0.025623609999998465,False,8,True,Mn2 F6,0
MnF3,mp-556560,C2/c,0.0,True,8,False,Mn2 F6,2
MnF3,mp-753295,P4/mbm,0.0268066862499996,False,8,True,Mn2 F6,0
MnF3,mp-757186,P4_2/mnm,0.042534918749998596,False,16,True,Mn4 F12,0
MnF3,mp-758601,C2/m,0.09177825624999869,False,8,True,Mn2 F6,0
MnF3,mp-759525,P4/mbm,0.027228006999998833,False,40,True,Mn10 F30,0
MnF3,mp-764949,Pbam,0.005755607499999371,False,8,True,Mn2 F6,0
MnF3,mp-765633,P321,0.051257738749998616,False,24,True,Mn6 F18,0
MnF3,mp-766789,P321,0.03162759375000057,False,24,True,Mn6 F18,0
MnF3,mp-1176433,P2_1/c,0.050799068749999066,False,16,True,Mn4 F12,0
MnF3,mp-1176437,Pnma,0.0018928274999989725,False,16,True,Mn4 F12,0
MnF3,mp-1176438,P2_1/m,0.02226314500000015,False,16,True,Mn4 F12,0
MnF3,mp-2011351,P6_322,0.02910753583333303,False,24,True,Mn6 F18,0
MnF3,mp-2034494,Pnma,0.0018090506250008076,False,16,True,Mn4 F12,0
MnI2,mp-28013,P-3m1,0.0,True,3,False,Mn1 I2,1
MnMoO4,mp-19081,C2/m,0.016942741666650107,False,24,False,Mn4 Mo4 O16,2
MnMoO4,mp-19455,P2/c,0.0,True,12,False,Mn2 Mo2 O8,1
MnMoO4,mp-2221742,P2,0.03207407333330181,False,12,True,Mn2 Mo2 O8,0
MnO,mp-19006,Fm-3m,0.053368562500001104,False,4,False,Mn2 O2,14
MnO,mp-999539,P6_3mc,0.05855402375000196,False,4,False,Mn2 O2,1
MnO,mp-1232659,Pmmn,0.0,True,8,True,Mn4 O4,0
MnO,mp-1238773,P-6m2,0.4156793200000024,False,2,True,Mn1 O1,0
MnO,mp-1238899,F-43m,0.13313903000000238,False,2,True,Mn1 O1,0
MnO,mp-2831286,Cmc2_1,0.05536453875000191,False,8,True,Mn4 O4,0
MnO2,mp-19326,Pnma,0.015701586388887634,False,12,False,Mn4 O8,9
MnO2,mp-19395,I4/m,0.016697983888889212,False,12,False,Mn4 O8,1
MnO2,mp-25223,P-3m1,0.06357083222222215,False,3,False,Mn1 O2,3
MnO2,mp-25275,Fd-3m,0.07605056388888798,False,12,False,Mn4 O8,1
MnO2,mp-25424,R-3m,0.0608851422222223,False,3,True,Mn1 O2,0
MnO2,mp-33009,Pnnm,0.046524089722224105,False,6,False,Mn2 O4,3
MnO2,mp-510408,P4_2/mnm,0.04644304472222238,False,6,False,Mn2 O4,8
MnO2,mp-510732,Pmmn,0.1847539097222235,False,6,True,Mn2 O4,0
MnO2,mp-644514,C2/m,0.0,True,18,False,Mn6 O12,2
MnO2,mp-705430,P3m1,0.11172434861111213,False,72,True,Mn24 O48,0
MnO2,mp-755489,P6_3mc,0.04534523722222161,False,24,True,Mn8 O16,0
MnO2,mp-755671,R-3m,0.05984685722222238,False,6,True,Mn2 O4,0
MnO2,mp-796077,P-1,1.4910071713888895,False,3,True,Mn1 O2,0
MnO2,mp-796336,P2/m,0.036088028333333355,False,18,False,Mn6 O12,1
MnO2,mp-796340,P4_2/m,0.03608267388888997,False,18,False,Mn6 O12,1
MnO2,mp-1041066,P3m1,0.16868041111111332,False,36,True,Mn12 O24,0
MnO2,mp-1221542,P4/mmm,0.44465982805555715,False,3,True,Mn1 O2,0
MnO2,mp-1221574,Fdd2,1.5840791563888894,False,6,True,Mn2 O4,0
MnO2,mp-1271850,P6_3/mmc,0.06878597638888806,False,12,True,Mn4 O8,0
MnO2,mp-1272141,R-3m,0.07234734555555633,False,3,True,Mn1 O2,0
MnO2,mp-1350912,Cm,0.2629518678472236,False,48,True,Mn16 O32,0
MnO2,mp-1354190,Pnma,0.04093012180555533,False,24,True,Mn8 O16,0
MnO2,mp-1354468,P3m1,0.11331632833333316,False,36,True,Mn12 O24,0
MnO2,mp-1371977,Cmcm,0.2231352163888909,False,12,True,Mn4 O8,0
MnO2,mp-1407587,R3m,0.22657298388889124,False,12,True,Mn4 O8,0
MnP,mp-2662,Pnma,0.0,True,8,False,Mn4 P4,12
MnP,mp-999516,P6_3/mmc,0.1576373250000005,False,4,True,Mn2 P2,1
MnP,mp-1009135,F-43m,0.6530780825000004,False,2,True,Mn1 P1,1
MnS,mp-1783,F-43m,0.011914474999999314,False,2,False,Mn1 S1,2
MnS,mp-2065,Fm-3m,0.0,True,4,False,Mn2 S2,24
MnS,mp-2562,P6_3mc,0.014528515000000297,False,4,False,Mn2 S2,2
MnS,mp-556853,Pm-3m,0.4344030849999996,False,2,False,Mn1 S1,1
MnS2,mp-1455,Pa-3,0.11063405416666505,False,12,False,Mn4 S8,16
MnS2,mp-1018804,Pnnm,0.03314314833333398,False,6,False,Mn2 S4,1
MnS2,mp-1095335,P2_1/c,0.30170251166666695,False,12,False,Mn4 S8,1
MnS2,mp-1386044,Fd-3m,0.0015696991666658278,False,12,True,Mn4 S8,0
MnS2,mp-1397283,I-42d,0.3084935350000002,False,6,True,Mn2 S4,0
MnS2,mp-1422029,R-3m,0.0,True,3,True,Mn1 S2,0
MnSO4,mp-22554,Cmcm,0.0,True,12,False,Mn2 S2 O8,4
MnSb,mp-786,P6_3/mmc,0.0,True,4,False,Mn2 Sb2,24
MnSb,mp-1009207,Pm-3m,0.32918255750000114,False,2,True,Mn1 Sb1,1
MnSb,mp-1009213,F-43m,0.4526754524999994,False,2,True,Mn1 Sb1,2
MnSb,mp-1009217,Fm-3m,0.1676001024999998,False,2,True,Mn1 Sb1,1
MnSe,mp-972,Fm-3m,0.022097259999998897,False,2,False,Mn1 Se1,19
MnSe,mp-2293,F-43m,0.0035405599999993598,False,2,False,Mn1 Se1,2
MnSe,mp-10204,P6_3/mmc,0.011684177499997617,False,4,False,Mn2 Se2,1
MnSe,mp-604910,P4/nmm,0.02366644249999794,False,4,True,Mn2 Se2,1
MnSe,mp-999540,P6_3mc,0.0,True,4,False,Mn2 Se2,1
MnSi,mp-1431,P2_13,0.015901920380436252,False,8,False,Mn4 Si4,9
MnSiO3,mp-5945,P-1,0.008788355309526708,False,70,False,Mn14 Si14 O42,3
MnSiO3,mp-17766,P2_1/c,0.017891537666669066,False,40,False,Mn8 Si8 O24,1
MnSiO3,mp-532143,I4_1/a,0.08402936004166861,False,80,True,Mn16 Si16 O48,0
MnSiO3,mp-560199,P-1,0.008882381366667857,False,50,False,Mn10 Si10 O30,9
MnSiO3,mp-647680,P-1,0.3092157079666684,False,50,True,Mn10 Si10 O30,0
MnSiO3,mp-1172857,P2_1/c,0.017926196666669725,False,40,False,Mn8 Si8 O24,1
MnSiO3,mp-1180172,P-1,0.2955041199666688,False,50,True,Mn10 Si10 O30,0
MnSiO3,mp-1180212,P-1,0.37157622176666827,False,50,True,Mn10 Si10 O30,0
MnSiO3,mp-1181218,P-1,0.11685922296666718,False,50,True,Mn10 Si10 O30,0
MnSiO3,mp-1289249,C2/c,0.014492594166668482,False,20,True,Mn4 Si4 O12,0
MnSn2,mp-20086,I4/mcm,0.009669549022984114,False,6,False,Mn2 Sn4,7
MnTe,mp-404,P6_3/mmc,0.010232496767240917,False,8,False,Mn4 Te4,18
MnTe,mp-1406,Fm-3m,0.06123146999999918,False,2,False,Mn1 Te1,2
MnTe,mp-672389,P2_1/m,0.09356448426724029,False,8,True,Mn4 Te4,0
MnTe,mp-1009222,F-43m,0.0,True,2,True,Mn1 Te1,1
MnTe,mp-1079443,Pnma,0.1916388430172411,False,8,False,Mn4 Te4,1
MnTe,mp-1080073,Pnma,0.012482291767241804,False,8,True,Mn4 Te4,1
MnTe,mp-1172860,Imma,0.7775819942672406,False,16,True,Mn8 Te8,0
MnTe2,mp-21893,Pa-3,0.0,True,12,False,Mn4 Te8,4
MnWO4,mp-19407,P2/c,0.0,True,12,False,Mn2 W2 O8,10
MnWO4,mp-1176413,I-4m2,0.06716856833332407,False,12,True,Mn2 W2 O8,0
Mo,mp-129,Im-3m,0.0,True,1,False,Mo1,16
Mo,mp-8637,Fm-3m,0.41146717999999893,False,1,True,Mo1,1
Mo,mp-1056004,P6/mmm,0.8708065199999986,False,1,False,Mo1,1
Mo,mp-1066523,P6_3/mmc,0.4421264599999972,False,4,True,Mo4,1
Mo,mp-1180307,C2/m,0.39894528437499943,False,16,True,Mo16,0
Mo,mp-1181019,P2_1,0.3319625068750014,False,16,True,Mo16,0
Mo,mp-1190217,P2/c,0.4788593349999992,False,16,False,Mo16,1
Mo,mp-2647013,P6_3/mmc,0.42917852499999753,False,2,True,Mo2,0
Mo(CO)6,mp-25082,Pnma,0.416645683653849,False,52,False,Mo4 C24 O24,1
Mo2C,mp-1552,Pbcn,0.0,True,12,False,Mo8 C4,6
Mo2C,mp-571589,P-6m2,0.6580022166666666,False,3,True,Mo2 C1,0
Mo2C,mp-1221498,P-3m1,0.06276392999999914,False,3,True,Mo2 C1,0
Mo2N,mp-27953,I4_1/amd,0.004063535833333631,False,6,False,Mo4 N2,1
Mo2N,mp-1221525,R-3m,0.02555961749999902,False,3,True,Mo2 N1,0
Mo2S3,mp-1627,P2_1/m,0.09554071300000189,False,10,False,Mo4 S6,7
MoC,mp-2305,P-6m2,0.0,True,2,False,Mo1 C1,2
MoC,mp-2746,Fm-3m,0.2983982531250007,False,2,False,Mo1 C1,5
MoC,mp-15798,P6_3/mmc,0.2550125239583316,False,12,False,Mo6 C6,2
MoC,mp-567925,P6_3/mmc,0.21468779562499662,False,8,False,Mo4 C4,2
MoC,mp-1009218,F-43m,0.584724018124998,False,2,True,Mo1 C1,1
MoO2,mp-25349,R-3m,0.2508951883333328,False,3,True,Mo1 O2,0
MoO2,mp-25427,Fd-3m,0.24212088333333348,False,12,True,O8 Mo4,0
MoO2,mp-510536,P4_2/mnm,0.0,True,12,False,Mo4 O8,6
MoO2,mp-559140,P2_1/c,0.19401577333333186,False,12,False,Mo4 O8,2
MoO2,mp-635966,Fddd,0.22952743666666642,False,12,True,Mo4 O8,0
MoO2,mp-714883,C2/m,0.20994759833333276,False,3,True,Mo1 O2,0
MoO2,mp-714969,I4_1/amd,0.22898643249999928,False,12,True,Mo4 O8,0
MoO2,mp-715482,P-1,0.2559387316666655,False,12,True,Mo4 O8,0
MoO2,mp-715550,Pnnm,0.0014738083333334373,False,12,True,Mo4 O8,0
MoO2,mp-1041993,Imma,0.28091504666666545,False,12,True,Mo4 O8,0
MoO2,mp-1041997,Cmcm,0.21076656500000013,False,6,True,Mo2 O4,0
MoO2,mp-1047075,Pnma,0.07996099333333184,False,24,True,Mo8 O16,0
MoO2,mp-1047621,Cmcm,0.25160994583333185,False,12,True,Mo4 O8,0
MoO2,mp-1094123,P6_3/mmc,0.3575824599999997,False,6,True,Mo2 O4,0
MoO2,mp-1351647,P1,0.2988947589583333,False,48,True,Mo16 O32,0
MoO2,mp-1383701,I4/m,0.08249721916666708,False,12,True,Mo4 O8,0
MoO2,mp-1412175,P6_3/mmc,2.0506558749999995,False,6,True,Mo2 O4,0
MoO3,mp-18856,P2_1/c,6.992062500010832e-05,False,32,False,Mo8 O24,3
MoO3,mp-20589,Pnma,0.027625615624998545,False,16,False,Mo4 O12,19
MoO3,mp-562561,P2_1/m,0.02793212312499982,False,8,False,Mo2 O6,1
MoO3,mp-685156,Pc,0.7680878265624997,False,16,True,Mo4 O12,0
MoO3,mp-715474,Pc,0.059622485312498696,False,16,True,Mo4 O12,0
MoO3,mp-715574,Pc,0.059463548437499014,False,16,True,Mo4 O12,0
MoO3,mp-715584,Pc,0.0,True,16,True,Mo4 O12,0
MoO3,mp-796276,Cmcm,0.05301288437499885,False,8,False,Mo2 O6,2
MoO3,mp-1244966,P1,0.5260434067374993,False,100,True,Mo25 O75,0
MoO3,mp-1245044,P1,0.1548823388375009,False,100,True,Mo25 O75,0
MoO3,mp-1245125,P1,0.5891991011375,False,100,True,Mo25 O75,0
MoO3,mp-1245293,P1,0.5302736972375,False,100,True,Mo25 O75,0
MoO3,mp-1369275,P6_3cm,0.9583209188541666,False,24,True,Mo6 O18,0
MoO3,mp-1393075,Pnma,0.1062049468749997,False,16,True,Mo4 O12,0
MoO3,mp-1396061,P6_3/mmc,0.9649441509374999,False,8,True,Mo2 O6,0
MoO3,mp-1445089,P1,0.010039616562499631,False,16,True,Mo4 O12,0
MoO3,mp-2704783,Pc,0.49267484656249927,False,16,True,Mo4 O12,0
MoPbO4,mp-22169,I4_1/a,0.0,True,12,False,Mo2 Pb2 O8,7
MoS2,mp-1434,R3m,0.0,True,3,False,Mo1 S2,5
MoS2,mp-2815,P6_3/mmc,0.0016927283333316723,False,6,False,Mo2 S4,12
MoS2,mp-558544,R-3m,0.27971718666666945,False,3,False,Mo1 S2,2
MoS2,mp-990083,Pmmn,0.16635681870370433,False,54,True,Mo18 S36,0
MoS2,mp-1018809,P6_3/mmc,0.002389239999999404,False,6,False,Mo2 S4,1
MoS2,mp-1023924,P-6m2,0.01443991333333372,False,3,True,Mo1 S2,0
MoS2,mp-1023939,P-3m1,0.007235794999999712,False,6,True,Mo2 S4,0
MoS2,mp-1025874,P-6m2,0.004413344444444078,False,9,True,Mo3 S6,0
MoS2,mp-1027525,P-3m1,0.003681534999998348,False,12,True,Mo4 S8,0
MoS2,mp-1042086,I-42d,0.6475009966666683,False,6,True,Mo2 S4,0
MoS2,mp-1238797,P-3m1,0.2963038133333349,False,3,True,Mo1 S2,0
MoS2,mp-1405065,F-43m,0.2675430358333326,False,12,True,Mo4 S8,0
MoS3,mp-1239169,P2_1/m,0.3029317479687492,False,8,True,Mo2 S6,0
MoS3,mp-1239183,P1,1.4967447292187508,False,4,True,Mo1 S3,0
MoS3,mp-1239203,Pm,0.6021521092187498,False,4,True,Mo1 S3,0
NO2,mp-1771,P2_1/c,0.0015355588888885663,False,12,False,N4 O8,2
NO2,mp-2789,Im-3,0.0,True,18,False,N6 O12,4
NO2,mp-557865,Im-3,0.02684258499999892,False,18,False,N6 O12,1
NO2,mp-608071,I2_13,0.17933852333333355,False,18,False,N6 O12,1
NO2,mp-726866,P2_1/c,2.4342050933333335,False,12,True,N4 O8,0
NO2,mp-1180500,P2_1/c,0.7026440875000004,False,12,True,N4 O8,0
Na,mp-127,Im-3m,0.01577226999999981,False,1,False,Na1,4
Na,mp-10172,P6_3/mmc,0.0,True,2,False,Na2,1
Na,mp-567772,I-43d,0.02055526125000018,False,8,False,Na8,1
Na,mp-689577,Pm-3m,1.0837373834482755,False,1,False,Na1,1
Na,mp-973198,R-3m,0.00472734666666641,False,3,False,Na3,2
Na,mp-974558,Fm-3m,0.008802479999999946,False,1,True,Na1,0
Na,mp-974920,I4/mmm,0.01251068344827555,False,1,True,Na1,0
Na,mp-982370,P6_3/mmc,0.01121293000000012,False,4,True,Na4,1
Na,mp-999501,P6_3/mmc,0.12396916094827537,False,4,True,Na4,1
Na,mp-1079952,Pnma,0.08631179719827564,False,8,False,Na8,1
Na,mp-1186040,Pm-3n,0.02365727875000001,False,8,True,Na8,0
Na,mp-1186055,P4_132,0.026316564500000084,False,20,True,Na20,0
Na,mp-1186081,I-43m,0.01919548517241365,False,29,True,Na29,0
Na,mp-1221597,F-43m,0.4107833034482753,False,6,True,Na6,0
Na,mp-1525464,I-43d,0.014505351249999965,False,8,False,Na8,1
Na,mp-1545923,Cmcm,0.006627077500000134,False,8,True,Na8,0
Na,mp-2018774,Cmcm,0.01088432000000017,False,4,True,Na4,0
Na2B4O7,mp-17941,P-1,0.0,True,52,False,Na8 B16 O28,1
Na2B4O7,mp-557423,P-1,0.0024200565384608907,False,78,False,Na12 B24 O42,1
Na2B4O7,mp-1020142,P3_221,0.018674607008548172,False,117,False,Na18 B36 O63,1
Na2CO3,mp-3070,C2/m,0.005095173611110226,False,12,False,Na4 C2 O6,24
Na2CO3,mp-20495,P6_3/mmc,0.030466366111110865,False,12,False,Na4 C2 O6,10
Na2CO3,mp-1101899,C2/m,0.013440135486111338,False,12,False,Na4 C2 O6,23
Na2CO3,mp-1201027,P2_1/c,0.0,True,144,False,Na48 C24 O72,1
Na2CrO4,mp-18779,Cmcm,0.0,True,14,False,Na4 Cr2 O8,3
Na2CrO4,mp-760942,P-1,0.028343648571428126,False,14,True,Na4 Cr2 O8,0
Na2CrO4,mp-761076,R-3,0.019007343571428414,False,42,True,Na12 Cr6 O24,0
Na2MoO4,mp-18852,Fd-3m,0.0,True,14,False,Na4 Mo2 O8,3
Na2MoO4,mp-22730,Fddd,0.04059137214285791,False,14,False,Na4 Mo2 O8,1
Na2MoO4,mp-1173688,Ama2,0.048643683571429897,False,14,True,Na4 Mo2 O8,0
Na2O,mp-2352,Fm-3m,0.0,True,3,False,Na2 O1,3
Na2O,mp-755072,Pnnm,0.07014185166666698,False,6,True,Na4 O2,0
Na2O,mp-755413,R-3m,0.07897297833333283,False,6,True,Na4 O2,0
Na2O,mp-776952,P3,0.07951855111111028,False,9,True,Na6 O3,0
Na2O,mp-1119338,P-62m,0.0734347077777775,False,9,True,Na6 O3,0
Na2O,mp-1245205,P1,0.2662807406862737,False,102,True,Na68 O34,0
Na2O,mp-1245278,P1,0.1468921395098035,False,102,True,Na68 O34,0
Na2O,mp-1974948,P321,0.0736791477777774,False,9,True,Na6 O3,0
Na2O,mp-1975297,C2/m,0.09812461166666742,False,6,True,Na4 O2,0
Na2O2,mp-2340,P-62m,0.0,True,12,False,Na6 O6,2
Na2O2,mp-1061395,Pm-3m,0.24188235166666683,False,2,False,Na1 O1,1
Na2O2,mp-1094115,Cmcm,0.21363644166666695,False,4,False,Na2 O2,2
Na2O2,mp-1180226,Pbcm,0.279256527916667,False,8,False,Na4 O4,2
Na2O2,mp-1237667,R-3m,0.254860971666667,False,2,True,Na1 O1,0
Na2S,mp-648,Fm-3m,0.0,True,3,False,Na2 S1,5
Na2S,mp-8374,P6_3/mmc,0.10313462833333276,False,6,False,Na4 S2,2
Na2S,mp-556978,Pnma,0.034994842499999734,False,12,False,Na8 S4,1
Na2SO3,mp-21282,P-3,0.06157242916666483,False,12,False,Na4 S2 O6,1
Na2SO3,mp-35248,C222_1,0.6246183066666653,False,12,True,Na4 S2 O6,0
Na2SO4,mp-3143,Cmcm,0.003615757857144075,False,14,False,Na4 S2 O8,7
Na2SO4,mp-4770,Fddd,0.0,True,14,False,Na4 S2 O8,5
Na2SO4,mp-22424,P-3m1,1.6427506228571431,False,14,False,Na4 S2 O8,1
Na2SO4,mp-505274,Pnma,0.006119667142857388,False,28,False,Na8 S4 O16,1
Na2SO4,mp-1173730,P1,0.7433340435714291,False,14,True,Na4 S2 O8,0
Na2SO4,mp-1173871,P1,0.3717956957142867,False,14,True,Na4 S2 O8,0
Na2Si2O5,mp-3193,P2_1/c,0.0,True,36,False,Na8 Si8 O20,2
Na2Si2O5,mp-16970,Pbcn,0.003324202777778673,False,36,False,Na8 Si8 O20,1
Na2Si2O5,mp-554383,Pna2_1,0.002883261111111146,False,36,False,Na8 Si8 O20,1
Na2Si2O5,mp-554856,Pca2_1,0.024164579166668254,False,36,False,Na8 Si8 O20,1
Na2Si2O5,mp-556307,P2_1/c,0.006276312500001602,False,36,False,Na8 Si8 O20,1
Na2Si2O5,mp-556423,P2_1/c,0.004363823333335404,False,72,False,Na16 Si16 O40,1
Na2Si2O5,mp-557290,I4_1/a,0.06547592916666822,False,36,False,Na8 Si8 O20,1
Na2SiO3,mp-4533,Cmc2_1,0.0,True,12,False,Na4 Si2 O6,3
Na2Te,mp-2784,Fm-3m,0.0,True,3,False,Na2 Te1,5
Na2Ti2O5,mp-754843,C2/m,0.0173606961904742,False,9,True,Na2 Ti2 O5,0
Na2Ti2O5,mp-760979,P2_1/c,0.029485661468251934,False,36,True,Na8 Ti8 O20,0
Na2Ti2O5,mp-762058,P2_1/c,0.02970654577380838,False,72,True,Na16 Ti16 O40,0
Na2Ti2O5,mp-773663,Pca2_1,0.05385338091269709,False,36,True,Na8 Ti8 O20,0
Na2Ti2O5,mp-779477,P2_1/c,0.02495742063491946,False,36,True,Na8 Ti8 O20,0
Na2Ti2O5,mp-779729,Pna2_1,0.03398306841269694,False,36,True,Na8 Ti8 O20,0
Na2Ti2O5,mp-781948,Pbcn,0.011461090634918847,False,36,True,Na8 Ti8 O20,0
Na2Ti3O7,mp-3488,P2_1/m,0.0,True,24,False,Na4 Ti6 O14,3
Na2TiO3,mp-752423,C2/c,0.010150752361107074,False,24,True,Na8 Ti4 O12,0
Na2TiO3,mp-1077081,Immm,0.12694088277777382,False,6,True,Na2 Ti1 O3,1
Na2WO4,mp-18803,Fd-3m,0.0,True,14,False,Na4 W2 O8,4
Na3AlCl6,mp-1111450,Fm-3m,0.14167107500000142,False,10,True,Na3 Al1 Cl6,0
Na3AlF6,mp-3416,P2_1/c,0.0,True,20,False,Na6 Al2 F12,15
Na3AlF6,mp-5468,Immm,0.059732266499995745,False,10,False,Na3 Al1 F6,2
Na3AlF6,mp-676512,R-3,0.012048289499997367,False,10,True,Na3 Al1 F6,0
Na3AlF6,mp-1111945,Fm-3m,0.06122554049999529,False,10,True,Na3 Al1 F6,0
Na3As,mp-655,P6_3cm,0.0,True,24,False,Na18 As6,6
Na3As,mp-1136,P6_3/mmc,0.0004950833333330351,False,8,False,Na6 As2,3
Na3As,mp-8860,Fm-3m,0.042532438333333644,False,4,False,Na3 As1,2
Na3AsO4,mp-756044,Pmn2_1,0.0,True,16,True,Na6 As2 O8,0
Na3PO4,mp-4223,P-42_1c,0.00502115109375012,False,64,False,Na24 P8 O32,3
Na3PO4,mp-674333,Pm,0.0,True,16,True,Na6 P2 O8,0
Na3PO4,mp-1101638,P4_2/mnm,0.6093032256250002,False,16,True,Na6 P2 O8,0
Na3PO4,mp-1173671,Pmn2_1,0.0015270881250000201,False,16,True,Na6 P2 O8,0
Na3PO4,mp-1221205,I4/mmm,0.5632462993750007,False,8,True,Na3 P1 O4,0
Na3VO4,mp-752917,I-42m,0.021713847500000938,False,8,True,Na3 V1 O4,0
Na3VO4,mp-755436,Pmn2_1,0.0,True,16,True,Na6 V2 O8,0
Na3VO4,mp-779358,Pbca,0.047673246875000075,False,64,True,Na24 V8 O32,0
Na4SiO4,mp-7500,P-1,0.0,True,18,False,Na8 Si2 O8,2
Na4V2O7,mp-648893,C2/c,0.004911096634607759,False,104,False,Na32 V16 O56,1
Na6Si2O7,mp-1020179,P-1,0.008909014916667068,False,120,False,Na48 Si16 O56,1
NaAl(SiO3)2,mp-6124,C2/c,0.030991357562491828,False,20,False,Na2 Al2 Si4 O12,55
NaAl(SiO3)2,mp-1020661,C2/c,0.01384565543749261,False,80,False,Na8 Al8 Si16 O48,1
NaAlCl4,mp-23363,P2_12_12_1,0.0,True,24,False,Na4 Al4 Cl16,10
NaAlO2,mp-7748,R-3m,0.06503010437500034,False,4,False,Na1 Al1 O2,1
NaAlO2,mp-9212,Pna2_1,0.0,True,16,False,Na4 Al4 O8,1
NaAlSi2H2O7,mp-676991,C2/c,0.03884250996794414,False,104,True,Na8 Al8 Si16 H16 O56,0
NaAlSi3O8,mp-721988,P-1,0.0,True,26,False,Na2 Al2 Si6 O16,13
NaAlSi3O8,mp-734814,P-1,4.205507463461538,False,26,True,Na2 Al2 Si6 O16,0
NaAlSi3O8,mp-1220855,Pc,0.0036882265384612367,False,26,True,Na2 Al2 Si6 O16,0
NaAlSi3O8,mp-1220859,P-1,0.006296814999998901,False,26,True,Na2 Al2 Si6 O16,0
NaAlSi3O8,mp-1426051,P-1,7.223059059615384,False,26,True,Na2 Al2 Si6 O16,0
NaAlSiO4,mp-8351,P2_13,0.01169516874999843,False,28,False,Na4 Al4 Si4 O16,1
NaAlSiO4,mp-560334,Pca2_1,0.0,True,56,False,Na8 Al8 Si8 O32,1
NaAlSiO4,mp-649722,P6_3,0.8247754010714266,False,56,False,Na8 Al8 Si8 O32,2
NaAlSiO4,mp-667374,P6_1,0.007344429940475017,False,168,True,Na24 Al24 Si24 O96,0
NaAlSiO4,mp-697618,P2_1,4.2523533239285705,False,56,True,Na8 Al8 Si8 O32,0
NaAlSiO4,mp-1198056,P6_3,0.014503816249997747,False,56,False,Na8 Al8 Si8 O32,2
NaAlSiO4,mp-1220851,Pmc2_1,0.1952655612499985,False,28,True,Na4 Al4 Si4 O16,0
NaAlSiO4,mp-1220868,R3c,0.0261795813690453,False,42,True,Na6 Al6 Si6 O24,0
NaAlSiO4,mp-1220943,P1,0.014159905535712447,False,56,True,Na8 Al8 Si8 O32,0
NaB3O5,mp-556226,P2_1/c,0.00106322620370225,False,108,False,Na12 B36 O60,1
NaB3O5,mp-557406,P2_1/c,0.0,True,108,False,Na12 B36 O60,1
NaBO2,mp-3889,R-3c,0.0,True,24,False,Na6 B6 O12,2
NaBr,mp-22916,Fm-3m,0.0,True,2,False,Na1 Br1,7
NaCN,mp-30053,Pmmn,0.20025248374999904,False,6,False,Na2 C2 N2,1
NaCN,mp-38222,Imm2,0.20473136208333198,False,3,True,Na1 C1 N1,0
NaCN,mp-1221105,P4/mmm,4.036914452083333,False,3,True,Na1 C1 N1,0
NaCl,mp-22851,Pm-3m,0.1543888400000002,False,2,False,Na1 Cl1,3
NaCl,mp-22862,Fm-3m,0.0,True,2,False,Na1 Cl1,25
NaCl,mp-1120767,P6_3/mmc,0.05877064000000054,False,12,True,Na6 Cl6,0
NaClO4,mp-22968,Cmcm,0.0,True,12,False,Na2 Cl2 O8,3
NaClO4,mp-38103,I-42m,0.00390922916666625,False,6,True,Na1 Cl1 O4,0
NaClO4,mp-546118,F-43m,0.11146166583333272,False,6,False,Na1 Cl1 O4,1
NaClO4,mp-561368,Pnma,0.020482021666666128,False,24,False,Na4 Cl4 O16,1
NaCrO2,mp-578604,R-3m,0.0,True,4,False,Na1 Cr1 O2,3
NaCrO2,mp-1179963,P6/mmm,1.1194747768750002,False,4,True,Na1 Cr1 O2,0
NaF,mp-682,Fm-3m,0.0,True,2,False,Na1 F1,10
NaFeO2,mp-19359,R-3m,0.0,True,4,False,Na1 Fe1 O2,6
NaFeO2,mp-21060,Pna2_1,0.049853502500000424,False,16,False,Na4 Fe4 O8,13
NaFeO2,mp-21880,P4_12_12,0.027022972500000186,False,16,False,Na4 Fe4 O8,5
NaFeO2,mp-971633,P6_3/mmc,0.08406720999999973,False,8,True,Na2 Fe2 O4,0
NaH,mp-23870,Fm-3m,0.0,True,2,False,Na1 H1,8
NaH,mp-1009220,Pm-3m,0.15742719500000035,False,2,True,Na1 H1,1
NaHCO3,mp-696396,P2_1/c,0.0,True,24,False,Na4 H4 C4 O12,2
NaHCO3,mp-1192213,P2_1/c,0.5605576604166691,False,24,False,Na4 H4 C4 O12,1
NaHO,mp-23891,Cmcm,0.00920060333333339,False,6,False,Na2 H2 O2,4
NaHO,mp-23940,P2_1/m,0.010199803333333257,False,6,False,Na2 H2 O2,2
NaHO,mp-625051,R3m,0.0475719950000002,False,3,True,Na1 H1 O1,0
NaHO,mp-625996,Pm,0.07048126000000021,False,6,True,Na2 H2 O2,0
NaHO,mp-626000,P2_1,0.0,True,6,True,Na2 H2 O2,0
NaHO,mp-626506,Cm,0.07205995166666668,False,6,True,Na2 H2 O2,0
NaHO,mp-626778,Pbcm,0.001367150833333497,False,12,False,Na4 H4 O4,1
NaHO,mp-1179949,P4/nmm,0.029033442499999396,False,12,True,Na4 H4 O4,0
NaI,mp-23268,Fm-3m,0.0,True,2,False,Na1 I1,6
NaI,mp-723629,I4_1/amd,0.14699146999999968,False,4,False,Na2 I2,1
NaI,mp-1246268,Pmma,0.11824016999999998,False,4,True,Na2 I2,0
NaNO2,mp-2964,Imm2,0.018363367343749992,False,4,False,Na1 N1 O2,14
NaNO2,mp-675369,P2_1/m,1.9127771785937497,False,8,True,Na2 N2 O4,0
NaNO2,mp-1173559,P-1,0.02985014609375014,False,8,True,Na2 N2 O4,0
NaNO2,mp-2030757,Pmmn,0.041480205562495875,False,8,True,Na2 N2 O4,0
NaNO3,mp-4531,R-3c,0.0,True,20,False,Na4 N4 O12,22
NaNO3,mp-674297,P1,0.009446822000000132,False,40,True,Na8 N8 O24,0
NaNO3,mp-1173585,P1,0.012939741000000282,False,20,True,Na4 N4 O12,0
NaNO3,mp-1220986,R32,0.011083451000000188,False,5,True,Na1 N1 O3,0
NaNO3,mp-2767672,P1,0.0,True,40,True,Na8 N8 O24,0
NaNO3,mp-3346497,R-3c,0.0012383167500003012,False,40,True,Na8 N8 O24,0
NaO2,mp-614,Pa-3,0.02070919999999976,False,12,False,Na4 O8,2
NaO2,mp-1901,Pnnm,0.0008964216666669245,False,6,False,Na2 O4,5
NaO2,mp-1180165,Pbca,0.07743116958333296,False,24,True,Na8 O16,0
NaO2,mp-1180346,Pbca,0.020404291249999318,False,24,False,Na8 O16,1
NaO2,mp-1220954,R-3m,0.11579924499999983,False,3,True,Na1 O2,0
NaO2,mp-1238787,P4_2/mnm,0.0656872350000004,False,6,True,Na2 O4,0
NaO2,mp-1545216,P2_1/c,0.0,True,12,True,Na4 O8,0
NaS,mp-409,P-62m,0.002286554999999524,False,12,False,Na6 S6,2
NaS,mp-2400,P6_3/mmc,0.0,True,8,False,Na4 S4,4
NaS,mp-1058159,Pm-3m,0.3752557212500003,False,2,True,Na1 S1,0
NaS,mp-1058171,Fm-3m,0.5049059712499995,False,2,False,Na1 S1,4
NaS,mp-1180106,C2/m,1.0060650862499996,False,2,True,Na1 S1,0
NaS2,mp-12180,I-42d,0.0,True,24,False,Na8 S16,2
NaTe,mp-28353,Pbcn,0.004674205624999317,False,48,False,Na24 Te24,1
NaTe3,mp-28478,P-3c1,0.0,True,48,False,Na12 Te36,1
NaVO3,mp-19083,C2/c,0.0,True,20,False,Na4 V4 O12,5
NaVO3,mp-555665,Pnma,0.005755477500000161,False,20,False,Na4 V4 O12,1
NaVO3,mp-763901,Ibam,0.043013442000000346,False,20,True,Na4 V4 O12,0
NaVO3,mp-1099591,Pm-3m,0.1419200870000008,False,5,True,Na1 V1 O3,0
NaVO3,mp-1101657,C2/c,0.04287294550000098,False,20,True,Na4 V4 O12,0
Nb,mp-75,Im-3m,0.0,True,1,False,Nb1,18
Nb,mp-8636,Fm-3m,0.3201641600000009,False,1,True,Nb1,1
Nb,mp-1094120,P1,0.1897482850000003,False,12,True,Nb12,0
Nb,mp-1104341,C2/m,0.023213351428573503,False,7,True,Nb7,0
Nb,mp-2647103,P6_3/mmc,0.3025179599999994,False,2,True,Nb2,0
Nb,mp-2739273,R-3m,0.011771527142858673,False,7,True,Nb7,0
Nb10C7,mp-32679,C2/m,0.047951619999999195,False,17,True,Nb10 C7,0
Nb2C,mp-2318,P-3m1,0.01014245666666369,False,3,False,Nb2 C1,2
Nb2C,mp-569989,Pnma,0.0,True,12,False,Nb8 C4,1
Nb2N,mp-1079585,P-31m,0.0,True,9,True,Nb6 N3,1
Nb2N,mp-1220726,P-3m1,0.11733092999999784,False,3,True,Nb2 N1,0
Nb2O5,mp-604,C2/c,0.016634677551021326,False,14,False,Nb4 O10,4
Nb2O5,mp-1595,C2/m,0.007537548265307947,False,7,False,Nb2 O5,1
Nb2O5,mp-10426,C2,0.3419822496938778,False,7,False,Nb2 O5,1
Nb2O5,mp-556048,I4/mmm,0.006534566301022338,False,56,False,Nb16 O40,1
Nb2O5,mp-581967,P2,0.0,True,98,False,Nb28 O70,1
Nb2O5,mp-680944,P1,0.00037253933673575546,False,56,True,Nb16 O40,0
Nb2O5,mp-766361,P-1,0.011876653408162241,False,70,True,Nb20 O50,0
Nb2O5,mp-776896,P2_12_12_1,0.05922132576530714,False,28,True,Nb8 O20,0
Nb2O5,mp-1101660,P2_1/m,0.06018752826530793,False,14,True,Nb4 O10,0
Nb2O5,mp-1201852,C2/m,0.005506140765309198,False,56,False,Nb16 O40,1
Nb2O5,mp-1364247,P1,0.1816601621938787,False,56,True,Nb16 O40,0
Nb3Cl7,mp-27880,Cmce,0.0,True,40,False,Nb12 Cl28,1
Nb3Cl8,mp-29950,P-3m1,0.0,True,22,False,Nb6 Cl16,1
Nb5Si3,mp-13686,I4/mcm,0.0,True,16,False,Nb10 Si6,5
Nb5Si3,mp-567871,P6_3/mcm,0.09993706750000086,False,16,False,Nb10 Si6,2
Nb5Si3,mp-567996,I4/mcm,0.05228759999999966,False,16,False,Nb10 Si6,5
NbB2,mp-450,P6/mmm,0.0,True,3,False,Nb1 B2,15
NbBr5,mp-28601,Pnma,0.0,True,48,False,Nb8 Br40,1
NbBr5,mp-568245,P-1,0.0006002670833327173,False,12,False,Nb2 Br10,1
NbBr5,mp-662752,P-1,3.1954458131249996,False,12,True,Nb2 Br10,0
NbC,mp-910,Fm-3m,0.02983855666667168,False,2,False,Nb1 C1,38
NbC,mp-999377,P6_3/mmc,0.4101651818750014,False,4,True,Nb2 C2,1
NbC,mp-999388,P6_3/mmc,0.16856049187499877,False,4,True,Nb2 C2,0
NbC,mp-1009458,F-43m,0.5930299368749985,False,2,True,Nb1 C1,2
NbC,mp-1009459,Pm-3m,0.9588706068750028,False,2,True,Nb1 C1,1
NbC,mp-1094093,P6_3/mmc,0.14565651437499838,False,4,True,Nb2 C2,0
NbCl2O,mp-1025567,C2,0.2678219569181035,False,8,True,Nb2 Cl4 O2,0
NbCl3O,mp-27815,P4_2/mnm,0.351652455414289,False,20,False,Nb4 Cl12 O4,1
NbCl3O,mp-556422,P-42_1m,0.3432155519142883,False,20,False,Nb4 Cl12 O4,1
NbCl4,mp-31040,C2/m,0.0,True,10,False,Nb2 Cl8,1
NbCl5,mp-23307,C2/m,0.0,True,36,False,Nb6 Cl30,2
NbCl5,mp-568483,P2_1/c,0.000738455138888483,False,24,False,Nb4 Cl20,1
NbCr2,mp-548,Fd-3m,0.1547782033333327,False,6,False,Nb2 Cr4,7
NbCr2,mp-1095643,P6_3/mmc,0.1736947825000037,False,12,False,Nb4 Cr8,4
NbCr2,mp-1191777,P6_3/mmc,0.16466245750000041,False,24,True,Nb8 Cr16,1
NbCr2,mp-1220609,I-4m2,0.22951825916666735,False,24,True,Nb8 Cr16,0
NbF5,mp-18687,C2/m,0.0,True,24,False,Nb4 F20,1
NbF5,mp-1186248,C2/m,0.05058428083333322,False,24,True,Nb4 F20,0
NbFe2,mp-568901,P6_3/mmc,0.0921985224999986,False,12,False,Nb4 Fe8,12
NbFe2,mp-1077790,Fd-3m,0.0,True,6,True,Nb2 Fe4,1
NbFe2,mp-1192350,P6_3/mmc,0.005451637500000217,False,24,True,Nb8 Fe16,1
NbI5,mp-31487,P2_1/c,0.016002737916669396,False,24,False,Nb4 I20,1
NbI5,mp-569578,P-1,0.0,True,12,False,Nb2 I10,1
NbI5,mp-661308,P-1,2.9952675783333342,False,12,True,Nb2 I10,0
NbN,mp-1580,Fm-3m,0.2043587649999985,False,2,False,Nb1 N1,22
NbN,mp-2634,P-6m2,0.0,True,2,False,Nb1 N1,4
NbN,mp-2701,P6_3/mmc,0.04256885499999896,False,4,True,Nb2 N2,0
NbN,mp-15799,P6_3/mmc,0.2058338762500007,False,8,False,Nb4 N4,3
NbN,mp-999355,P6_3mc,0.3831426775000004,False,4,True,Nb2 N2,1
NbN,mp-999357,P6_3/mmc,0.15606128499999983,False,4,False,Nb2 N2,7
NbN,mp-1009471,Pm-3m,0.6403716149999994,False,2,True,Nb1 N1,3
NbN,mp-1018142,F-43m,0.42023749000000166,False,2,True,Nb1 N1,2
NbO,mp-2311,Pm-3m,0.0,True,6,False,Nb3 O3,6
NbO,mp-2692,Fm-3m,0.7887604083333315,False,2,False,Nb1 O1,4
NbO,mp-634965,P4/mmm,0.8240059083333318,False,2,True,Nb1 O1,0
NbO2,mp-821,I4_1/a,0.002364360416665434,False,48,False,Nb16 O32,6
NbO2,mp-2533,P4_2/mnm,0.047459152916665914,False,6,False,Nb2 O4,6
NbO2,mp-25214,P6_3/mmc,0.2833711291666656,False,6,True,Nb2 O4,0
NbO2,mp-557057,I4_1/a,0.0,True,24,True,Nb8 O16,0
NbO2,mp-649729,I4_1/a,0.3109080424999995,False,48,True,Nb16 O32,0
NbO2,mp-754698,C2/m,0.05264522541666672,False,12,True,Nb4 O8,0
NbO2,mp-755690,I4_1/amd,0.08000355124999992,False,6,True,Nb2 O4,0
NbO2,mp-776975,Pbca,0.07206724749999971,False,24,True,Nb8 O16,0
NbO2,mp-1244881,P1,0.20786637073529413,False,102,True,Nb34 O68,0
NbO2,mp-1244973,P1,0.25966386200980374,False,102,True,Nb34 O68,0
NbO2,mp-1245189,P1,0.25905814965686247,False,102,True,Nb34 O68,0
NbSi2,mp-2478,P6_222,0.00028580999999938683,False,9,False,Nb3 Si6,9
NbSi2,mp-12104,P6_422,0.0,True,9,True,Nb3 Si6,1
Nd,mp-4,Im-3m,0.11538799250000054,False,1,False,Nd1,2
Nd,mp-123,P6_3/mmc,0.0,True,4,False,Nd4,10
Nd,mp-159,Fm-3m,0.009693512500000168,False,1,False,Nd1,2
Nd,mp-974788,R-3m,0.010861629166669218,False,3,True,Nd3,0
Nd2(SO4)3,mp-29265,C2/c,0.0,True,34,False,Nd4 S6 O24,1
Nd2O3,mp-1045,Ia-3,0.0,True,40,False,Nd16 O24,6
Nd2O3,mp-2763,P-3m1,0.005659960499999173,False,5,False,Nd2 O3,11
Nd2O3,mp-7954,P6/mmm,0.21504920749999812,False,5,True,Nd2 O3,0
Nd2O3,mp-33029,Pm-3m,0.9288243034999972,False,5,True,Nd2 O3,0
Nd2O3,mp-556995,C2/m,0.008266479833332951,False,15,True,Nd6 O9,1
Nd2O3,mp-1220312,Pmmm,1.1819394614999972,False,5,True,Nd2 O3,0
Nd2S3,mp-438,Pnma,0.0,True,20,False,Nd8 S12,4
Nd2S3,mp-32586,I-42d,0.019543700999999913,False,40,True,Nd16 S24,0
Nd2Se3,mp-32688,I-42d,0.0,True,40,True,Nd16 Se24,0
Nd2Te3,mp-16380,Pnma,0.0,True,20,False,Nd8 Te12,3
Nd2Zr2O7,mp-5977,Fd-3m,0.0,True,22,False,Nd4 Zr4 O14,8
Nd2Zr2O7,mp-561167,Fd-3m,0.3664128845454524,False,22,False,Nd4 Zr4 O14,1
Nd2Zr2O7,mp-676311,Pmma,0.2329868804545434,False,22,True,Nd4 Zr4 O14,0
NdBr3,mp-27975,Cmcm,0.0,True,8,False,Nd2 Br6,1
NdCl3,mp-23183,P6_3/m,0.0,True,8,False,Nd2 Cl6,2
NdClO,mp-23058,P4/nmm,0.055633395277777886,False,6,False,Nd2 Cl2 O2,2
NdF3,mp-254,P-3c1,0.0,True,24,False,Nd6 F18,2
NdF3,mp-18074,P6_3/mcm,0.24111851666666873,False,24,True,Nd6 F18,0
NdF3,mp-18511,P6_3cm,0.0014849800000007463,False,24,False,Nd6 F18,1
NdF3,mp-1191157,P6_322,0.23905898875000098,False,24,False,Nd6 F18,1
NdH2,mp-24096,Fm-3m,0.0,True,3,False,Nd1 H2,7
NdI3,mp-864617,P6_3/mmc,0.0,True,8,True,Nd2 I6,0
NdS,mp-1748,Fm-3m,0.0,True,2,False,Nd1 S1,13
NdSe,mp-1453,Fm-3m,0.0,True,2,False,Nd1 Se1,7
NdTe,mp-570,Fm-3m,0.0,True,2,False,Nd1 Te1,8
NdTe,mp-1220048,P4/mmm,1.31409412,False,2,True,Nd1 Te1,0
Ni,mp-23,Fm-3m,0.0,True,1,False,Ni1,24
Ni,mp-10257,P6_3/mmc,0.045835290000001194,False,2,False,Ni2,1
Ni,mp-1008728,Im-3m,0.11925923000000083,False,1,True,Ni1,1
Ni,mp-1014111,P-3m1,0.6202391299999999,False,2,True,Ni2,0
Ni,mp-1094136,P6/mmm,0.7398515400000001,False,4,True,Ni4,0
Ni,mp-1246134,P6/mmm,0.40991080000000046,False,1,True,Ni1,0
Ni11As8,mp-28227,P4_12_12,0.0,True,76,False,Ni44 As32,1
Ni11As8,mp-1100786,C2/c,0.0007304561842040869,False,38,True,Ni22 As16,0
Ni2Ge,mp-1594,P6_3/mmc,0.031853958333334376,False,6,False,Ni4 Ge2,4
Ni2Ge,mp-17383,Pnma,0.004732982500000205,False,12,False,Ni8 Ge4,1
Ni2P,mp-21167,P-62m,0.0022342603140081962,False,9,False,Ni6 P3,6
Ni3(AsO4)2,mp-19519,P2_1/c,0.006901872884616189,False,52,False,Ni12 As8 O32,1
Ni3(AsO4)2,mp-504969,Cmce,0.0,True,26,False,Ni6 As4 O16,1
Ni3C,mp-7586,R-3c,0.08418333624999974,False,8,False,Ni6 C2,2
Ni3P,mp-2296,I-4,0.0,True,16,False,Ni12 P4,6
Ni3S2,mp-362,R32,0.0,True,5,False,Ni3 S2,11
Ni3S2,mp-850086,Cmcm,0.13402154700000057,False,10,True,Ni6 S4,1
Ni3S2,mp-1180543,C2,0.14185411400000003,False,5,True,Ni3 S2,0
Ni3S2,mp-1220109,R3m,0.17805631000000055,False,5,True,Ni3 S2,0
Ni3S4,mp-1050,Fd-3m,0.0,True,14,False,Ni6 S8,3
Ni3Sn,mp-11522,Pm-3m,0.0,True,4,False,Ni3 Sn1,2
Ni3Sn,mp-11523,Fm-3m,0.04926727750000026,False,4,False,Ni3 Sn1,1
Ni3Sn,mp-20112,P6_3/mmc,0.000659422500000062,False,8,False,Ni6 Sn2,5
Ni3Sn,mp-1080147,Pmmn,0.007484161249999843,False,8,False,Ni6 Sn2,1
Ni3Sn2,mp-669720,Pnma,0.0,True,20,False,Ni12 Sn8,1
Ni4B3,mp-569404,C2/c,0.002017770357143789,False,14,False,Ni8 B6,3
Ni4B3,mp-640067,Pnma,0.0,True,28,False,Ni16 B12,2
Ni5As2,mp-941,P6_3cm,0.0,True,42,False,Ni30 As12,4
Ni5P2,mp-1200923,P6_3cm,0.01675999452380772,False,42,False,Ni30 P12,1
NiAs,mp-590,P6_3/mmc,0.007765813125001131,False,4,False,Ni2 As2,11
NiAs,mp-2347,P6_3/mmc,0.34397248714285666,False,4,True,Ni2 As2,0
NiB,mp-14019,Cmcm,0.0018463106250017347,False,4,False,Ni2 B2,2
NiBi,mp-22861,P6_3/mmc,0.3027357234375003,False,4,False,Ni2 Bi2,1
NiBi,mp-999318,P6_3/mmc,0.026048007500001802,False,4,False,Ni2 Bi2,1
NiBi,mp-1220533,Cm,0.034478611250001734,False,32,True,Ni16 Bi16,0
NiBr2,mp-27637,R-3m,0.0,True,3,False,Ni1 Br2,1
NiBr2,mp-1173456,R-3m,0.48288255666666746,False,3,True,Ni1 Br2,0
NiCO3,mp-19147,R-3c,0.0,True,10,False,Ni2 C2 O6,2
NiCl2,mp-27396,R-3m,0.0,True,3,False,Ni1 Cl2,1
NiF2,mp-556324,Pnnm,0.0007630533333333744,False,6,False,Ni2 F4,1
NiF2,mp-559798,P4_2/mnm,0.0,True,6,False,Ni2 F4,10
NiI2,mp-27638,R-3m,0.0,True,3,False,Ni1 I2,1
NiO,mp-19009,Fm-3m,0.0,True,2,False,Ni1 O1,32
NiO,mp-1180047,P6/mmm,1.3137925625000006,False,2,True,Ni1 O1,0
NiS,mp-594,P6_3/mmc,0.10474928333333189,False,4,False,Ni2 S2,14
NiS,mp-1547,R3m,0.014181840833332515,False,6,False,Ni3 S3,11
NiS2,mp-2282,Pa-3,0.015161365833333385,False,12,False,Ni4 S8,17
NiS2,mp-849053,Fm-3m,0.467331043333334,False,3,True,Ni1 S2,1
NiS2,mp-849059,Pnnm,0.021258213333333664,False,6,True,Ni2 S4,1
NiS2,mp-849075,P6/mmm,1.1039987066666672,False,3,True,Ni1 S2,1
NiS2,mp-849079,P6_3/mmc,0.19187747333333416,False,6,True,Ni2 S4,1
NiS2,mp-849092,P4/nmm,0.30560207666666717,False,6,True,Ni2 S4,1
NiS2,mp-850068,Pbcn,0.0968874108333333,False,12,True,Ni4 S8,1
NiS2,mp-850131,P2_1/c,0.021697538333333988,False,6,True,Ni2 S4,0
NiS2,mp-1042115,I-42d,0.38039320333333304,False,6,True,Ni2 S4,0
NiS2,mp-1094089,I4/mmm,0.5759648733333336,False,3,True,Ni1 S2,1
NiS2,mp-1103643,Pnma,0.06017464333333411,False,12,True,Ni4 S8,1
NiS2,mp-1180046,P2_1/c,0.0,True,6,True,Ni2 S4,0
NiS2,mp-1411545,R-3m,0.03497927666666634,False,3,True,Ni1 S2,0
NiS2,mp-1444811,Fd-3m,0.04376447166666697,False,12,True,Ni4 S8,0
NiSO4,mp-18749,Cmcm,0.0,True,12,False,Ni2 S2 O8,3
NiSb,mp-810,P6_3/mmc,0.0,True,4,False,Ni2 Sb2,12
NiSe2,mp-20901,Pa-3,0.0,True,12,False,Ni4 Se8,8
NiSe2,mp-1071078,Pnnm,0.06142420166666618,False,6,False,Ni2 Se4,1
NiSeO3,mp-20460,Pnma,0.0,True,20,False,Ni4 Se4 O12,2
NiSeO3,mp-572987,C2/c,0.06596378037500017,False,80,False,Ni16 Se16 O48,3
NiWO4,mp-21179,P2/c,0.0,True,12,False,Ni2 W2 O8,2
Np,mp-7098,P4/nmm,0.09617646374999822,False,4,False,Np4,1
Np,mp-10207,Im-3m,0.4474943212500051,False,1,False,Np1,1
Np,mp-11534,Pnma,0.0,True,8,False,Np8,1
NpCl3,mp-23278,P6_3/m,0.0,True,8,False,Np2 Cl6,2
NpCl4,mp-23161,I4_1/amd,0.00924284799999775,False,10,False,Np2 Cl8,4
NpCl4,mp-1544973,C2/m,0.0007590569999988972,False,10,True,Np2 Cl8,0
NpCl4,mp-2752817,C2/c,0.0,True,10,True,Np2 Cl8,0
NpCl4,mp-2757566,C2,0.0014045350000007062,False,10,True,Np2 Cl8,0
NpF3,mp-14107,P6_3/mmc,0.0,True,8,False,Np2 F6,1
NpF6,mp-1209816,Pnma,0.0,True,28,True,Np4 F24,0
NpO2,mp-2616,Fm-3m,0.0,True,3,False,Np1 O2,6
Os,mp-49,P6_3/mmc,0.0,True,2,False,Os2,21
Os,mp-8643,Fm-3m,0.16492783999999716,False,1,True,Os1,3
Os,mp-1080694,P2_1/c,0.2344460937500017,False,8,False,Os8,1
Os,mp-1180157,P2_1/c,3.9035489425000023,False,8,True,Os8,0
Os,mp-2647031,Im-3m,0.8828290800000005,False,1,True,Os1,0
OsO2,mp-996,P4_2/mnm,0.0,True,6,False,Os2 O4,5
OsO2,mp-1095264,Pa-3,0.07342120083333192,False,12,False,Os4 O8,1
OsO4,mp-540783,C2/c,0.0007981400000005578,False,10,False,Os2 O8,3
OsO4,mp-551905,C2,0.0014627149999979494,False,5,False,Os1 O4,1
OsO4,mp-1524458,I-42m,0.0,True,5,True,Os1 O4,0
OsS2,mp-20905,Pa-3,0.0,True,12,False,Os4 S8,5
OsSe2,mp-2480,Pa-3,0.0,True,12,False,Os4 Se8,2
P,mp-53,Pm-3m,0.1436508466666666,False,2,False,P2,2
P,mp-118,P-1,0.15639465327380897,False,24,False,P24,2
P,mp-130,R-3m,0.1126301620238106,False,2,False,P2,4
P,mp-157,Cmce,0.020214559523809683,False,4,False,P4,25
P,mp-7245,Imma,0.09351297166666583,False,2,True,P2,0
P,mp-12883,C2/m,0.1545705970238096,False,8,False,P8,1
P,mp-568348,P2/c,0.0,True,84,False,P84,1
P,mp-674158,Fm-3m,3.517774656666667,False,1,True,P1,0
P,mp-723897,P4/nmm,3.518999916666667,False,4,False,P4,1
P,mp-1014013,Pmna,0.05398719702380994,False,4,True,P4,0
P,mp-1094075,Pm,0.08636613702381091,False,10,True,P10,0
P,mp-1120743,Cmce,0.8729975666666654,False,4,True,P4,0
P,mp-1179990,C2/m,0.8763179616666665,False,2,True,P2,0
P,mp-1198724,P-1,0.002171018690477311,False,42,False,P42,1
P2O5,mp-2173,Pnma,0.0,True,28,False,P8 O20,4
P2O5,mp-2452,Fdd2,0.010806055714287055,False,14,False,P4 O10,2
P2O5,mp-562613,R3c,0.0509388125000001,False,28,False,P8 O20,4
P2O5,mp-661384,P1,0.04682824285714382,False,14,True,P4 O10,0
P2O5,mp-689684,P1,0.7435369442857152,False,28,True,P8 O20,0
P2O5,mp-990076,Pmmm,0.6876770078571441,False,7,True,P2 O5,0
P2O5,mp-1172859,R3c,1.8180752403571443,False,28,True,P8 O20,0
P2O5,mp-1182643,Cc,1.5717710642857163,False,28,True,P8 O20,0
P2O5,mp-1244897,P1,0.7254282963333338,False,105,True,P30 O75,0
P2O5,mp-1245177,P1,0.8138874891904777,False,105,True,P30 O75,0
P2O5,mp-1245218,P1,0.5669292150952394,False,105,True,P30 O75,0
P2O5,mp-1245245,P1,0.771569029000001,False,105,True,P30 O75,0
P2Os,mp-2319,Pnnm,0.0,True,6,False,P4 Os2,6
P2S3,mp-29014,P2_1/c,0.011436145562498723,False,40,False,P16 S24,1
P2S3,mp-1147708,Pmn2_1,0.056874958062499203,False,10,True,P4 S6,0
P2S3,mp-1147714,P2_1/c,0.03545111656250022,False,20,True,P8 S12,0
P2S3,mp-1189177,P2_1/m,0.014189981062498802,False,20,False,P8 S12,1
P2S5,mp-541788,P-1,0.0,True,28,False,P8 S20,3
P3Au2,mp-27258,C2/m,0.0,True,10,False,P6 Au4,1
P4S3,mp-1468,Pnma,0.0,True,56,False,P32 S24,11
P4S3,mp-1469,Pnma,0.0030912839285708316,False,28,False,P16 S12,2
P4S5,mp-690,P2_1,0.005537089583331323,False,18,False,P8 S10,3
P4S5,mp-7260,P2_1/m,0.022083819583331277,False,18,False,P8 S10,1
P4S7,mp-2650,P2_1/c,0.0,True,44,False,P16 S28,2
PCl3O,mp-27277,Pna2_1,0.25453758560000317,False,20,False,P4 Cl12 O4,1
PCl3O,mp-753611,Pna2_1,0.2604933046000033,False,20,True,P4 Cl12 O4,0
PCl3O,mp-2015815,Pnma,0.25138123010000335,False,20,True,P4 Cl12 O4,0
PCl3O,mp-2766955,Pna2_1,0.018552960500000992,False,20,True,P4 Cl12 O4,0
PH3O4,mp-23902,P2_1/c,0.0,True,32,False,P4 H12 O16,5
PH3O4,mp-626449,P2_1/c,0.03314950937500072,False,32,True,P4 H12 O16,0
PH3O4,mp-626450,Pc,0.013891766562500685,False,32,True,P4 H12 O16,0
PH3O4,mp-626464,P2_1/c,0.02277393187500021,False,32,True,P4 H12 O16,0
Pa,mp-62,I4/mmm,0.0,True,1,False,Pa1,5
Pa,mp-10740,Fm-3m,0.029632520000006934,False,1,False,Pa1,2
Pa,mp-1186367,P6_3/mmc,0.008681945000006408,False,2,True,Pa2,0
Pb,mp-20483,Fm-3m,0.0,True,1,False,Pb1,14
Pb,mp-20745,P6_3/mmc,0.020497490000003893,False,2,False,Pb2,3
Pb,mp-22692,Im-3m,0.042154440000004456,False,1,False,Pb1,1
Pb,mp-1057273,R-3m,0.06781685500000378,False,2,False,Pb2,1
Pb,mp-1102666,I4/mcm,0.11592558166666578,False,12,True,Pb12,0
Pb,mp-1186444,P6_3/mmc,0.018983265000002802,False,4,True,Pb4,0
Pb,mp-1247117,Fd-3m,0.26242389500000485,False,2,True,Pb2,0
Pb2CO4,mp-505702,P2_12_12_1,0.0,True,28,False,Pb8 C4 O16,1
Pb2SO5,mp-21497,C2/m,0.0,True,16,False,Pb4 S2 O10,4
Pb3O4,mp-21452,Pbam,0.00017346249999938834,False,28,False,Pb12 O16,7
Pb3O4,mp-22633,P4_2/mbc,0.0,True,28,False,Pb12 O16,7
Pb3O4,mp-636813,Pbam,0.03263148892857082,False,14,False,Pb6 O8,1
Pb3SO6,mp-22023,P2_1/m,0.0067249486666831615,False,20,False,Pb6 S2 O12,5
Pb3SO6,mp-22577,Cmcm,0.025004234666679892,False,20,False,Pb6 S2 O12,1
Pb3SO6,mp-559143,P-1,0.004410333666682753,False,20,False,Pb6 S2 O12,1
PbBr2,mp-28077,Pnma,0.027179520833333193,False,12,False,Pb4 Br8,2
PbBr2,mp-862868,P4_2/mnm,0.010890884166665504,False,6,True,Pb2 Br4,0
PbBr2,mp-2456335,Cmce,0.0,True,12,True,Pb4 Br8,0
PbCO3,mp-19893,Pnma,0.0,True,20,False,Pb4 C4 O12,10
PbCO3,mp-1105697,P2_1/c,0.001962893500000895,False,20,False,Pb4 C4 O12,4
PbCl2,mp-23291,Pnma,0.0,True,12,False,Pb4 Cl8,5
PbCl2,mp-619071,P2_1/c,0.06598718083333566,False,24,False,Pb8 Cl16,2
PbCl2,mp-862871,P4_2/mnm,0.04292602583333416,False,6,True,Pb2 Cl4,0
PbCl2,mp-2035237,P2_1/c,0.013686044166671074,False,24,True,Pb8 Cl16,0
PbF2,mp-315,Fm-3m,0.0,True,3,False,Pb1 F2,18
PbF2,mp-2511,Pnma,0.0009281241666672102,False,12,False,Pb4 F8,12
PbF2,mp-685150,Aea2,0.002958663333332723,False,6,True,Pb2 F4,0
PbI2,mp-22883,R-3m,0.0010258233333315658,False,3,False,Pb1 I2,2
PbI2,mp-22893,P-3m1,0.0016431300000006033,False,3,False,Pb1 I2,6
PbI2,mp-540789,R-3m,0.0007709133333313467,False,6,False,Pb2 I4,1
PbI2,mp-567178,P3m1,0.0008542022222273182,False,9,False,Pb3 I6,1
PbI2,mp-567199,P3m1,0.000815894666661432,False,15,False,Pb5 I10,1
PbI2,mp-567246,P3m1,0.0008647304761932872,False,21,False,Pb7 I14,1
PbI2,mp-567503,P6_3mc,0.0,True,6,False,Pb2 I4,1
PbI2,mp-567542,P6_3mc,0.0007863558333318643,False,12,False,Pb4 I8,1
PbI2,mp-569595,R-3m,0.0010332383333304662,False,6,False,Pb2 I4,1
PbI2,mp-574189,R-3m,0.004283574166664916,False,12,True,Pb4 I8,0
PbI2,mp-580202,P3m1,0.0019317889999976856,False,30,False,Pb10 I20,1
PbI2,mp-640058,R-3m,0.005042843888886761,False,9,True,Pb3 I6,0
PbI2,mp-672671,R-3m,0.008445963888886965,False,9,True,Pb3 I6,0
PbI2,mp-680205,P3m1,0.004032811666664582,False,45,False,Pb15 I30,1
PbI2,mp-1203179,P3m1,0.000801730555557878,False,36,False,Pb12 I24,1
PbO,mp-19921,P4/nmm,0.0,True,4,False,Pb2 O2,21
PbO,mp-20878,Pbcm,0.010184306250003772,False,8,False,Pb4 O4,6
PbO,mp-550714,Pca2_1,0.021421529531250982,False,8,False,Pb4 O4,1
PbO,mp-672237,Pbcm,0.0008958550000031096,False,64,True,Pb32 O32,0
PbO,mp-677074,P4_2/mmc,0.40906893203125083,False,4,True,Pb2 O2,0
PbO2,mp-20158,Fm-3m,0.10663278833333312,False,3,False,Pb1 O2,1
PbO2,mp-20633,Pbcn,0.0015283774999987898,False,12,False,Pb4 O8,6
PbO2,mp-20725,P4_2/mnm,0.0,True,6,False,Pb2 O4,7
PbO2,mp-1101843,Pnma,0.0565631608333339,False,12,False,Pb4 O8,9
PbO2,mp-1102359,Pnma,0.13053216000000045,False,12,False,Pb4 O8,9
PbO2,mp-1180019,P2_1/m,0.4416661111111111,False,18,True,Pb6 O12,0
PbO2,mp-1188454,P-1,0.7301539983333329,False,18,False,Pb6 O12,1
PbS,mp-20526,Aem2,0.058458297499999645,False,4,False,Pb2 S2,1
PbS,mp-21039,Pm-3m,0.2587181249999997,False,2,False,Pb1 S1,2
PbS,mp-21276,Fm-3m,0.0,True,8,False,Pb4 S4,33
PbS,mp-557719,Cmce,0.058116138749998214,False,8,True,Pb4 S4,0
PbS,mp-561320,C2,0.05847392749999969,False,4,False,Pb2 S2,1
PbS,mp-726184,C2/m,0.05897291999999865,False,4,False,Pb2 S2,1
PbS,mp-727323,C2/m,0.058041917499998874,False,4,False,Pb2 S2,1
PbS,mp-1009551,P-6m2,0.12381379999999975,False,2,True,Pb1 S1,1
PbS,mp-1012435,P6_3mc,0.056455185000000796,False,4,True,Pb2 S2,1
PbS,mp-1018019,P6_3/mmc,0.061973434999998744,False,4,True,Pb2 S2,1
PbS,mp-1018115,Cmcm,0.038505175000000946,False,4,False,Pb2 S2,3
PbS,mp-1057015,R3m,0.001358554999999484,False,2,True,Pb1 S1,1
PbS,mp-1078500,Pnma,0.03096095999999804,False,8,False,Pb4 S4,2
PbS,mp-1078696,P2_1/m,0.08266963250000003,False,8,True,Pb4 S4,1
PbS,mp-1078944,Pma2,0.16936187124999957,False,8,True,Pb4 S4,3
PbS,mp-1079101,Amm2,0.19461560500000008,False,8,True,Pb4 S4,1
PbS,mp-1079543,Amm2,0.16377571124999957,False,8,True,Pb4 S4,2
PbS,mp-1087486,P2_1/m,0.08189728749999947,False,8,True,Pb4 S4,2
PbS,mp-1091375,Pnma,0.017555328749999433,False,8,True,Pb4 S4,1
PbS,mp-2350391,P4/nmm,0.05909927749999966,False,4,True,Pb2 S2,0
PbSO4,mp-3472,Pnma,0.0,True,24,False,Pb4 S4 O16,9
PbSO4,mp-623984,Pnma,0.04469956124999808,False,24,False,Pb4 S4 O16,1
PbSe,mp-2201,Fm-3m,0.0,True,2,False,Pb1 Se1,34
PbSe,mp-21214,Pm-3m,0.23702112999999514,False,2,False,Pb1 Se1,1
PbSe,mp-22009,Fmm2,0.07310882999999535,False,4,False,Pb2 Se2,1
PbSe,mp-655344,Cm,0.0781568875000005,False,4,True,Pb2 Se2,0
PbSe,mp-1063670,Cmcm,0.03863089499999717,False,4,False,Pb2 Se2,2
PbSe,mp-1079172,Pnma,0.05258041249999934,False,8,False,Pb4 Se4,1
PbSeO3,mp-20716,P2_1/m,0.0008378754999993632,False,10,False,Pb2 Se2 O6,4
PbSeO3,mp-630329,P2_1/c,0.0,True,40,False,Pb8 Se8 O24,1
PbSeO4,mp-22342,P2_1/c,0.0,True,24,False,Pb4 Se4 O16,1
PbWO4,mp-22410,I4_1/a,0.050867328333332296,False,12,False,Pb2 W2 O8,14
PbWO4,mp-504591,P2_1/c,0.0,True,24,False,Pb4 W4 O16,2
PbWO4,mp-558734,P2_1/c,0.03511188208333138,False,24,True,Pb4 W4 O16,1
PbWO4,mp-641365,C2/c,0.0611304016666665,False,12,True,Pb2 W2 O8,1
PbWO4,mp-641415,P2_1/c,0.04428641249999998,False,48,False,Pb8 W8 O32,3
PbWO4,mp-641441,Cmce,0.2489296737499993,False,24,True,Pb4 W4 O16,1
PbWO4,mp-689140,P1,0.05407425666666654,False,12,True,Pb2 W2 O8,0
PbWO4,mp-795689,P-1,5.429755605833332,False,12,True,Pb2 W2 O8,0
PbWO4,mp-1173387,P-1,0.05168618083333243,False,12,True,Pb2 W2 O8,0
PbWO4,mp-1179954,P2_1/c,0.03782750291666659,False,24,True,Pb4 W4 O16,1
Pd,mp-2,Fm-3m,0.0,True,1,False,Pd1,20
Pd,mp-1186427,P6_3/mmc,0.015005062499998445,False,4,True,Pd4,0
Pd,mp-2646977,Im-3m,0.044765070000000406,False,1,True,Pd1,0
Pd,mp-2646997,P6_3/mmc,0.022572985000000045,False,2,True,Pd2,0
Pd4S,mp-7819,P-42_1c,0.0025734079999999437,False,10,False,Pd8 S2,3
PdCl2,mp-29487,R-3,0.0,True,18,False,Pd6 Cl12,1
PdCl2,mp-569008,Pnnm,0.03231388833333293,False,6,False,Pd2 Cl4,6
PdCl2,mp-1018888,P2/m,0.03011483499999823,False,6,False,Pd2 Cl4,1
PdCl2,mp-1018891,P2_1/c,0.0024970566666659977,False,6,False,Pd2 Cl4,1
PdCl2,mp-1180041,P-1,0.2827505183333314,False,18,True,Pd6 Cl12,0
PdF2,mp-1058,P4_2/mnm,0.04022960999999903,False,6,False,Pd2 F4,2
PdF2,mp-20284,Pa-3,0.053994472500000334,False,12,False,Pd4 F8,3
PdI2,mp-27747,P2_1/c,0.0,True,12,False,Pd4 I8,1
PdI2,mp-569017,Pnnm,0.019478943333334886,False,6,False,Pd2 I4,1
PdO,mp-1336,P4_2/mmc,0.0,True,4,False,Pd2 O2,4
PdO,mp-10728,Fm-3m,0.4492849925,False,2,False,Pd1 O1,1
PdO,mp-603251,Pm-3m,0.8191207975000001,False,2,True,Pd1 O1,0
PdS,mp-20250,P4_2/m,0.0,True,16,False,Pd8 S8,4
PdS2,mp-13682,Pbca,0.0,True,12,False,Pd4 S8,4
Pr,mp-38,P6_3/mmc,0.014565703333335733,False,4,False,Pr4,8
Pr,mp-63,Im-3m,0.1260252183333357,False,1,False,Pr1,2
Pr,mp-97,Fm-3m,0.008044545000000625,False,6,False,Pr6,2
Pr,mp-567630,P3_121,0.008282981666663858,False,6,False,Pr6,1
Pr,mp-568938,I4/mmm,0.11243127833333588,False,1,False,Pr1,2
Pr,mp-981544,R-3m,0.022790668333335873,False,3,True,Pr3,0
Pr,mp-1009594,Cmcm,0.046940603333336384,False,2,False,Pr2,2
Pr,mp-1059256,P6_3/mmc,0.04581793833333592,False,2,True,Pr2,0
Pr,mp-1059528,C2/m,0.009701464999999132,False,2,False,Pr2,2
Pr,mp-1179917,P3_221,0.035177221666668146,False,3,True,Pr3,0
Pr2O3,mp-2063,P-3m1,0.0010395002499983264,False,5,False,Pr2 O3,9
Pr2O3,mp-16705,Ia-3,0.0,True,40,False,Pr16 O24,4
Pr2O3,mp-555159,C2/m,0.005527045583335166,False,15,True,Pr6 O9,1
Pr3S4,mp-1449,I-43d,0.03379994107142892,False,14,False,Pr6 S8,3
Pr6O11,mp-8825,P-1,0.06413037139705757,False,68,True,Pr24 O44,1
Pr6O11,mp-559771,P2_1/c,0.05391296933823497,False,68,False,Pr24 O44,1
Pr7O12,mp-22671,R-3,0.03433978648026148,False,19,False,Pr7 O12,2
Pr7O12,mp-991772,P-1,0.8501447754276299,False,19,True,Pr7 O12,0
PrBr3,mp-23221,P6_3/m,0.0,True,8,False,Pr2 Br6,3
PrCl3,mp-23211,P6_3/m,0.0,True,8,False,Pr2 Cl6,12
PrF3,mp-2651,P-3c1,0.0,True,24,False,Pr6 F18,2
PrF3,mp-17906,P6_3/mcm,0.1638652179166682,False,24,True,Pr6 F18,0
PrF3,mp-1190767,P6_322,0.16551720250000113,False,24,False,Pr6 F18,1
PrH2,mp-24095,Fm-3m,0.0,True,3,False,Pr1 H2,6
PrI3,mp-862800,P6_3/mmc,0.0,True,8,True,Pr2 I6,0
PrO2,mp-1302,Fm-3m,0.08690622395833181,False,3,False,Pr1 O2,9
PrO2,mp-1101864,Pnma,0.11307895062499806,False,12,False,Pr4 O8,1
PrS,mp-2495,Fm-3m,0.0,True,2,False,Pr1 S1,12
Pt,mp-126,Fm-3m,0.0,True,1,False,Pt1,22
Pt,mp-2646979,Im-3m,0.10703881999999965,False,1,True,Pt1,0
Pt,mp-2647022,P6_3/mmc,0.06909371500000105,False,2,True,Pt2,0
Pt5Se4,mp-29767,P2_1/c,0.0,True,18,False,Pt10 Se8,1
PtBr3,mp-23165,R-3,0.0,True,48,False,Pt12 Br36,2
PtCl2,mp-23290,R-3m,0.0,True,18,False,Pt6 Cl12,2
PtCl2,mp-567484,Pnnm,0.04601806499999794,False,6,False,Pt2 Cl4,1
PtCl2,mp-684670,P-1,0.2934810472222238,False,6,True,Pt2 Cl4,0
PtCl2,mp-1179938,C2/m,0.5794661905555567,False,18,True,Pt6 Cl12,0
PtCl2,mp-1219748,C2/m,0.04902293166666505,False,6,True,Pt2 Cl4,0
PtCl3,mp-31134,R-3,0.0,True,48,False,Pt12 Cl36,1
PtCl4,mp-680506,Pa-3,0.28835730058333464,False,40,False,Pt8 Cl32,1
PtI4,mp-669496,Pbca,0.0,True,40,False,Pt8 I32,1
PtS,mp-288,P4_2/mmc,0.0,True,4,False,Pt2 S2,4
PtS,mp-1205321,P4_2/m,0.034906468749998254,False,16,False,Pt8 S8,1
PtS2,mp-762,P-3m1,0.0,True,3,False,Pt1 S2,6
Pu,mp-107,Im-3m,0.5457433199999997,False,1,False,Pu1,2
Pu,mp-114,Fm-3m,0.2772170599999981,False,1,False,Pu1,3
Pu,mp-542606,C2/m,0.7908879723529338,False,17,False,Pu17,4
Pu,mp-571261,Fddd,0.4700941512500094,False,2,False,Pu2,1
Pu,mp-582819,P6_3/m,0.0,True,8,False,Pu8,1
Pu,mp-613989,P2_1/m,0.008192166249997967,False,16,False,Pu16,5
Pu,mp-867305,Cmce,0.5872833812500033,False,4,True,Pu4,0
Pu,mp-1055423,P-1,0.08919867500000578,False,4,True,Pu4,0
Pu,mp-1179962,P2_1/c,0.00013866874999735046,False,8,True,Pu8,0
Pu2C3,mp-19891,I-43d,0.0,True,20,False,Pu8 C12,6
Pu2O3,mp-21423,P-3m1,0.09100255000000246,False,5,False,Pu2 O3,5
Pu2O3,mp-33216,Pn-3m,0.14564486700000145,False,10,True,Pu4 O6,0
Pu2O3,mp-637224,Ia-3,0.0,True,40,False,Pu16 O24,1
Pu2O3,mp-1219669,P-4m2,0.1013824240000023,False,5,True,Pu2 O3,0
Pu2S3,mp-33239,I-42d,0.0,True,40,True,Pu16 S24,0
Pu2S3,mp-862796,R-3c,0.04798489600000089,False,10,True,Pu4 S6,0
PuBr3,mp-27974,Cmcm,0.0,True,8,False,Pu2 Br6,1
PuBrO,mp-27982,P4/nmm,0.07857449611110923,False,6,False,Pu2 Br2 O2,1
PuC2,mp-1206675,I4/mmm,0.045933155416669535,False,3,True,Pu1 C2,0
PuCl3,mp-22918,P6_3/m,0.0,True,8,False,Pu2 Cl6,2
PuClO,mp-27981,P4/nmm,0.12366224166666662,False,6,False,Pu2 Cl2 O2,1
PuF3,mp-8033,P6_3/mmc,0.0,True,8,False,Pu2 F6,1
PuF4,mp-1209625,C2/c,0.0,True,30,True,Pu6 F24,0
PuH2,mp-24720,Fm-3m,0.0,True,3,False,Pu1 H2,4
PuH3,mp-23679,P6_3/mmc,0.0,True,8,False,Pu2 H6,2
PuI3,mp-27978,Cmcm,0.0,True,8,False,Pu2 I6,1
PuIO,mp-647604,P4/nmm,0.6657054761111123,False,6,False,Pu2 I2 O2,2
PuN,mp-1719,Fm-3m,0.0,True,2,False,Pu1 N1,7
PuO,mp-806,Fm-3m,0.1876044402083359,False,2,False,Pu1 O1,2
PuO2,mp-1959,Fm-3m,0.0,True,3,False,Pu1 O2,5
PuO2,mp-867166,P4_2/mnm,0.10503024500000002,False,6,True,Pu2 O4,0
PuOF,mp-20230,P4/nmm,0.0,True,6,False,Pu2 O2 F2,1
PuOF,mp-35612,F-43m,0.09438092833334188,False,3,True,Pu1 O1 F1,0
PuS,mp-2086,Fm-3m,0.0,True,2,False,Pu1 S1,4
Rb,mp-70,Im-3m,0.009212472500000013,False,8,False,Rb8,5
Rb,mp-12628,Fm-3m,0.01534120250000004,False,1,True,Rb1,0
Rb,mp-569688,C222_1,0.06207170826923081,False,26,False,Rb26,1
Rb,mp-604321,P6_3/mmc,0.0022357275000000065,False,4,True,Rb4,1
Rb,mp-639736,I4_1/amd,0.07019465250000001,False,2,False,Rb2,1
Rb,mp-639755,I4/mmm,0.007387402500000029,False,1,False,Rb1,1
Rb,mp-640416,P1,0.05672780374999997,False,8,True,Rb8,0
Rb,mp-656615,P1,0.022942533749999994,False,8,True,Rb8,0
Rb,mp-867126,R-3m,0.024408722499999924,False,3,True,Rb3,0
Rb,mp-974620,Pm-3n,0.03639666375000006,False,8,True,Rb8,0
Rb,mp-975129,P6_3/mmc,0.010023252500000024,False,2,True,Rb2,0
Rb,mp-975204,Cmcm,0.011841107500000003,False,2,True,Rb2,0
Rb,mp-975519,I4/mmm,0.016627212499999988,False,1,True,Rb1,0
Rb,mp-1018045,Fddd,0.07453195499999998,False,4,False,Rb4,2
Rb,mp-1063817,Fddd,0.18116350999999997,False,4,False,Rb4,2
Rb,mp-1179656,C2/c,0.0,True,8,True,Rb8,0
Rb,mp-1179802,P1,0.053649282500000006,False,8,True,Rb8,0
Rb,mp-1179832,I4/mmm,0.45252427625,False,8,False,Rb8,1
Rb,mp-1186853,P4_132,0.0074915804999999835,False,20,True,Rb20,0
Rb,mp-1186899,I-43m,0.03910524491379319,False,29,True,Rb29,0
Rb,mp-1525391,C2/c,0.014380673749998962,False,2,True,Rb2,0
Rb,mp-1543931,Ibam,0.00013048499999968044,False,8,True,Rb8,0
Rb,mp-1949616,P-1,0.016102911249999963,False,8,True,Rb8,0
Rb,mp-1949777,Imm2,0.004658701249999453,False,8,True,Rb8,0
Rb,mp-2204861,Ibam,0.008728708750000536,False,8,True,Rb8,0
Rb2CO3,mp-4138,P2_1/c,0.0,True,24,False,Rb8 C4 O12,2
Rb2CO3,mp-555692,Pnma,0.005196600416667252,False,24,False,Rb8 C4 O12,1
Rb2O,mp-1394,Fm-3m,0.0031695866666665573,False,6,False,Rb4 O2,3
Rb2O,mp-753746,R-3m,0.0,True,3,True,Rb2 O1,0
Rb2O,mp-755459,P2_1/c,0.01808626333333363,False,6,True,Rb4 O2,0
Rb2O,mp-755738,Pnma,0.03195165833333391,False,12,True,Rb8 O4,0
Rb2O,mp-776890,Pbca,0.014070498333333514,False,24,True,Rb16 O8,0
Rb2O,mp-776922,P3,0.0025751122222219536,False,9,True,Rb6 O3,0
Rb2O,mp-1101405,Pnnm,0.016209781666666867,False,6,True,Rb4 O2,0
Rb2O,mp-2023482,P-3m1,0.047853428888886995,False,9,True,Rb6 O3,0
Rb2SO4,mp-3372,Pnma,0.0,True,28,False,Rb8 S4 O16,4
Rb2Si2O5,mp-28971,C2/c,0.0,True,36,False,Rb8 Si8 O20,1
Rb2SiO3,mp-16194,P2_1/c,0.0,True,72,False,Rb24 Si12 O36,1
RbBr,mp-22867,Fm-3m,0.0,True,2,False,Rb1 Br1,5
RbBr,mp-23303,Pm-3m,0.03156426500000009,False,2,False,Rb1 Br1,2
RbCl,mp-23295,Fm-3m,0.0,True,2,False,Rb1 Cl1,8
RbCl,mp-23299,Pm-3m,0.02977404000000128,False,2,False,Rb1 Cl1,6
RbF,mp-2064,Pm-3m,0.05158332500000107,False,2,False,Rb1 F1,2
RbF,mp-11718,Fm-3m,0.0,True,2,True,Rb1 F1,1
RbI,mp-22903,Fm-3m,0.0,True,2,False,Rb1 I1,5
RbI,mp-23302,Pm-3m,0.029722924999997957,False,2,False,Rb1 I1,3
RbO2,mp-12105,I4/mmm,0.0,True,3,False,Rb1 O2,3
RbO2,mp-33234,I4_1/amd,1.0350931183333332,False,6,True,Rb2 O4,0
RbO2,mp-1219565,P4/mmm,1.0038897866666665,False,3,True,Rb1 O2,0
Re,mp-8,P6_3/mmc,0.003587022499999648,False,2,False,Re2,14
Re,mp-8642,Fm-3m,0.06841918750000531,False,1,True,Re1,1
Re,mp-975065,R-3m,0.011058360833338554,False,3,True,Re3,0
Re,mp-1186901,P6_3/mmc,0.0,True,4,True,Re4,0
Re,mp-2647037,Im-3m,0.31831210499999685,False,1,True,Re1,0
Re2O7,mp-1016092,P2_12_12_1,0.0,True,72,False,Re16 O56,1
Re2O7,mp-1042110,Cmc2_1,0.03883996458333172,False,18,True,Re4 O14,0
Re2O7,mp-1342139,I4_1md,0.6344749051388874,False,18,True,Re4 O14,0
Re2O7,mp-1368296,Cmcm,0.12130475958333164,False,18,True,Re4 O14,0
Re2Te5,mp-583070,Pbca,0.0,True,84,False,Re24 Te60,4
Re3As7,mp-2473,Im-3m,0.0,True,20,False,Re6 As14,4
Re5Si3,mp-1105959,I4/mcm,0.15830164888392595,False,16,False,Re10 Si6,1
ReCl3,mp-23174,R-3m,0.0,True,24,False,Re6 Cl18,2
ReO2,mp-7228,Pbcn,0.002089776944446342,False,12,False,Re4 O8,2
ReO2,mp-12875,P4_2/mnm,0.12338596361111343,False,6,False,Re2 O4,1
ReO2,mp-1095546,P2_1/c,0.0764806311111137,False,12,False,Re4 O8,1
ReO3,mp-190,Pm-3m,0.0,True,16,False,Re4 O12,6
ReO3,mp-9761,P6_322,0.10682634000000135,False,8,False,Re2 O6,1
ReO3,mp-20741,Im-3,0.0018787706249998593,False,16,False,Re4 O12,18
ReO3,mp-547271,P4/mbm,0.0029523100000012903,False,8,False,Re2 O6,1
ReO3,mp-755021,R-3c,0.0056117100000001585,False,8,True,Re2 O6,0
ReO3,mp-1237229,Im-3,0.005713556875001302,False,16,False,Re4 O12,18
ReO3,mp-2024705,R-3c,0.00832864750000084,False,8,True,Re2 O6,0
ReS2,mp-572758,P-1,0.0,True,24,False,Re8 S16,3
ReS2,mp-666176,P-1,1.3726953833333333,False,24,True,Re8 S16,0
ReS2,mp-1232344,P3m1,0.6216668783333326,False,3,True,Re1 S2,0
ReSi,mp-7948,P2_13,0.031634861428571526,False,8,False,Re4 Si4,3
ReSi2,mp-12605,I4/mmm,0.19829224458333172,False,3,False,Re1 Si2,5
Rh,mp-74,Fm-3m,0.0,True,1,False,Rh1,12
Rh,mp-1186916,P6_3/mmc,0.02195246500000181,False,4,True,Rh4,0
Rh,mp-1239193,Pm-3m,0.7925064200000023,False,2,True,Rh2,0
Rh,mp-2646993,P6_3/mmc,0.05901469500000189,False,2,True,Rh2,0
Rh,mp-2647000,Im-3m,0.3493251000000015,False,1,True,Rh1,0
Rh2O3,mp-1716,Pbcn,0.025638011999998156,False,20,False,Rh8 O12,4
Rh2O3,mp-542734,R-3c,0.029855261499998953,False,10,False,Rh4 O6,4
Rh2O3,mp-613620,Pbca,0.02703401324999888,False,40,False,Rh16 O24,1
Rh2O3,mp-1179690,Pnma,0.15276109349999967,False,20,True,Rh8 O12,1
Rh2O3,mp-1179706,C2/c,0.5677126254999987,False,10,True,Rh4 O6,0
Rh2O3,mp-1189664,Pnma,0.2986145134999987,False,20,True,Rh8 O12,1
RhCl3,mp-27770,C2/m,0.0,True,8,False,Rh2 Cl6,1
Ru,mp-33,P6_3/mmc,0.0,True,2,False,Ru2,17
Ru,mp-8639,Fm-3m,0.13095969499999782,False,1,True,Ru1,1
RuCl3,mp-22850,P6_3/mcm,0.0,True,16,False,Ru4 Cl12,5
RuCl3,mp-570880,Pmmn,0.0005663418750003757,False,16,True,Ru4 Cl12,0
RuCl3,mp-570997,P3_112,0.02901247833333276,False,24,False,Ru6 Cl18,1
RuCl3,mp-2647063,C2/m,0.02946166125000005,False,16,True,Ru4 Cl12,0
RuF5,mp-540829,P2_1/c,0.0,True,48,False,Ru8 F40,3
RuO2,mp-825,P4_2/mnm,0.0,True,6,False,Ru2 O4,15
RuO2,mp-8909,Pa-3,0.06483860250000095,False,12,False,Ru4 O8,5
RuO2,mp-1008785,Fm-3m,0.18805873833333475,False,3,True,Ru1 O2,3
RuS2,mp-2030,Pa-3,0.0,True,12,False,Ru4 S8,11
RuSe2,mp-1922,Pa-3,0.0,True,12,False,Ru4 Se8,7
S,mp-7,R-3,0.051236192187499974,False,6,False,S6,4
S,mp-77,Fddd,0.0,True,32,False,S32,11
S,mp-83,P2_1/c,0.028929664687501244,False,56,False,S56,1
S,mp-96,P2/c,0.0009478456250011646,False,32,False,S32,3
S,mp-10869,Pm-3m,0.626441426875,False,1,True,S1,0
S,mp-555760,P3_221,0.02937982829861241,False,9,False,S9,1
S,mp-555915,P2_12_12_1,0.013625012604167708,False,72,False,S72,1
S,mp-556269,P2_1/c,0.031339838715279456,False,72,False,S72,1
S,mp-557031,C2/c,0.033698483437500926,False,32,False,S32,1
S,mp-557376,C2/c,0.026719425187501145,False,20,False,S20,1
S,mp-557488,P2_1/c,0.01228568496527771,False,36,False,S36,1
S,mp-557559,P2_1/c,0.030134763973215684,False,28,False,S28,1
S,mp-557869,P2_1,0.0003716303125003151,False,48,False,S48,1
S,mp-558014,Pnnm,0.010299026770834274,False,24,False,S24,1
S,mp-558964,Pbcn,0.013946019062501591,False,80,False,S80,1
S,mp-561370,Pca2_1,0.02774043468749987,False,88,False,S88,1
S,mp-561513,P-1,0.018545667901785023,False,28,False,S28,1
S,mp-583072,P2_1/c,0.026070752379808937,False,104,False,S104,1
S,mp-608100,P3,0.4401429440972233,False,18,False,S18,1
S,mp-655141,P3,0.35730872854166673,False,18,False,S18,1
S,mp-666931,C2,0.020726370312500464,False,32,True,S32,0
S,mp-684673,Fm-3m,1.3012827668749996,False,1,False,S1,2
S,mp-994911,P4mm,0.04219668718750036,False,8,True,S8,0
S,mp-1063988,Im-3m,1.1374837868750003,False,4,True,S4,0
S,mp-1064933,P4_2/mnm,0.3496637743750002,False,4,False,S4,4
S,mp-1065250,P2_1/c,0.34762770437500023,False,4,True,S4,0
S,mp-1094073,P2_1/c,0.5708694668750001,False,4,True,S4,0
S,mp-1179639,Cccm,0.3550393543750001,False,4,True,S4,0
S,mp-1179641,Cccm,0.3444249668749997,False,4,True,S4,0
S,mp-1179643,P2_1/c,0.34840703437500053,False,4,True,S4,0
S,mp-1196831,P2,0.010508632000000517,False,80,False,S80,1
S,mp-1977409,P2,0.006323890562500267,False,80,False,S80,1
SCl,mp-28096,Fdd2,0.0,True,16,False,S8 Cl8,1
Sb,mp-80,P6_3/mmc,0.2903318299999995,False,2,False,Sb2,2
Sb,mp-104,R-3m,0.0,True,2,False,Sb2,13
Sb,mp-133,Pm-3m,0.046442370000001176,False,1,False,Sb1,7
Sb,mp-7761,Im-3m,0.2385245700000027,False,1,False,Sb1,1
Sb,mp-10630,Fm-3m,0.328350750000002,False,1,False,Sb1,1
Sb,mp-10631,I4/mmm,0.30193994000000046,False,1,False,Sb1,1
Sb,mp-567144,I4/mcm,0.2705962950000007,False,4,False,Sb4,1
Sb,mp-567409,P2_1/m,0.12089456250000197,False,4,False,Sb4,1
Sb,mp-632286,P2_1/m,0.05888531000000086,False,2,True,Sb2,0
Sb,mp-1104795,P-1,0.333726518571428,False,14,True,Sb14,0
Sb,mp-1179605,P2_1/m,0.05048234499999893,False,2,True,Sb2,0
Sb,mp-1179613,P-1,0.3332933121428603,False,14,True,Sb14,0
Sb,mp-1179618,P-1,0.23456761499999956,False,14,True,Sb14,0
Sb,mp-1236935,P-1,0.2678947942857164,False,14,False,Sb14,1
Sb2(SO4)3,mp-27339,P2_1/c,0.0,True,68,False,Sb8 S12 O48,1
Sb2(SO4)3,mp-768457,P2_1/c,0.019074374411764516,False,68,True,Sb8 S12 O48,0
Sb2(SO4)3,mp-768484,C2/c,0.048639259411763724,False,34,True,Sb4 S6 O24,0
Sb2(SO4)3,mp-768486,R-3,0.0075585117647047895,False,34,True,Sb4 S6 O24,0
Sb2(SO4)3,mp-768500,R-3c,0.014515393529411114,False,34,True,Sb4 S6 O24,0
Sb2(SO4)3,mp-777615,Pbca,0.023639420367646657,False,136,True,Sb16 S24 O96,0
Sb2(SO4)3,mp-2767266,R-3c,0.016257833823529744,False,34,True,Sb4 S6 O24,0
Sb2Au,mp-738,Pa-3,0.0,True,12,False,Sb8 Au4,4
Sb2O3,mp-1999,Fd-3m,0.004735054499999336,False,20,False,Sb8 O12,7
Sb2O3,mp-2136,Pccn,0.0,True,20,False,Sb8 O12,4
Sb2O3,mp-560607,Pmmn,0.17013904899999854,False,10,True,Sb4 O6,0
Sb2O3,mp-1046803,Cmcm,0.26018686449999784,False,20,True,Sb8 O12,0
Sb2O3,mp-1202960,P2_12_12_1,0.03248689499999813,False,40,False,Sb16 O24,1
Sb2O3,mp-1205345,P2_1/c,0.0183938405000017,False,20,True,Sb8 O12,1
Sb2O5,mp-1705,C2/c,0.0,True,14,False,Sb4 O10,2
Sb2O5,mp-647533,Fd-3m,1.0887581410714287,False,28,False,Sb8 O20,1
Sb2O5,mp-771699,P2_1/c,0.07906166749999954,False,28,True,Sb8 O20,0
Sb2O5,mp-1043381,Cmcm,0.08525995714285717,False,14,True,Sb4 O10,0
Sb2O5,mp-1399685,Pbam,0.22357224499999973,False,14,True,Sb4 O10,0
Sb2O5,mp-1402032,Pmmn,0.08580968642857201,False,14,True,Sb4 O10,0
Sb2O5,mp-1974691,Cmmm,0.09026489428571427,False,14,True,Sb4 O10,0
Sb2S3,mp-2809,Pnma,0.0,True,20,False,Sb8 S12,31
Sb2S3,mp-1189633,Pmn2_1,0.0006069709999998452,False,20,False,Sb8 S12,1
Sb2Se3,mp-2160,Pnma,0.0,True,20,False,Sb8 Se12,11
Sb2Se3,mp-672706,Pnma,0.0950938205000007,False,20,True,Sb8 Se12,0
Sb2Se3,mp-1179704,Pnma,0.0751830195000025,False,20,True,Sb8 Se12,0
Sb2Te3,mp-1201,R-3m,0.0,True,5,False,Sb2 Te3,26
Sb2Te3,mp-1078331,C2/m,0.040340252000005794,False,10,False,Sb4 Te6,4
Sb2Te3,mp-1078904,C2/c,0.1323031530000054,False,10,False,Sb4 Te6,3
Sb2Te3,mp-1079094,C2/m,0.46672470000000477,False,10,False,Sb4 Te6,1
Sb2Te3,mp-1080789,Immm,0.12812014400000482,False,10,True,Sb4 Te6,0
Sb2Te3,mp-1172848,P6/mmm,0.38426141800000435,False,5,True,Sb2 Te3,0
SbBr3,mp-27399,P2_12_12_1,0.0058784668750000435,False,16,False,Sb4 Br12,1
SbBr3,mp-570005,Pnma,0.0,True,16,False,Sb4 Br12,1
SbBr3,mp-1545003,Pnma,0.006202569999999241,False,16,True,Sb4 Br12,0
SbCl3,mp-22872,Pnma,0.0,True,16,False,Sb4 Cl12,2
SbClO,mp-504662,P2_1/c,0.16267767999999805,False,36,False,Sb12 Cl12 O12,1
SbClO,mp-989196,P4/nmm,0.20771221666666495,False,6,True,Sb2 Cl2 O2,0
SbF3,mp-1880,Ama2,0.0,True,8,False,Sb2 F6,2
SbI3,mp-23281,R-3,0.0,True,8,False,Sb2 I6,3
SbI3,mp-569224,P2_1/c,0.02754711562500134,False,16,False,Sb4 I12,1
SbO2,mp-230,Pna2_1,0.0015151433333215891,False,24,False,Sb8 O16,6
SbO2,mp-1819,C2/c,0.0,True,12,False,Sb4 O8,4
SbO2,mp-13866,Fd-3m,0.3413206024999784,False,24,False,Sb8 O16,1
SbO2,mp-22071,Fd-3m,0.4614012683333115,False,24,False,Sb8 O16,1
SbO2,mp-560098,Pnna,0.005355817916654182,False,24,False,Sb8 O16,1
SbO2,mp-1041974,P6_3/mmc,0.4021952945833114,False,6,True,Sb2 O4,0
SbO2,mp-1044574,Pmmn,0.09218086041664542,False,24,True,Sb8 O16,0
SbO2,mp-1044716,R3m,0.3174026529166447,False,12,True,Sb4 O8,0
SbO2,mp-1044869,P1,0.17070666819442248,False,36,True,Sb12 O24,0
SbO2,mp-1045682,Imma,0.1386543087499792,False,12,True,Sb4 O8,0
SbO2,mp-1047300,Cmcm,0.2817199904166454,False,12,True,Sb4 O8,0
SbO2,mp-1179587,Pnna,0.10675861124997876,False,24,True,Sb8 O16,0
SbO2,mp-1350908,Cm,0.173427676249978,False,48,True,Sb16 O32,0
SbO2,mp-1356631,P1,0.16228537569442292,False,36,True,Sb12 O24,0
SbO2,mp-1374616,Pnma,0.14709189374997855,False,24,True,Sb8 O16,0
SbO2,mp-1377931,P-1,0.2482516370833121,False,24,True,Sb8 O16,0
SbO2,mp-1388164,Fd-3m,0.4099315845833118,False,12,True,Sb4 O8,0
SbO2,mp-1398749,P6_3/mmc,1.7152846729166447,False,6,True,Sb2 O4,0
SbO2,mp-1400172,Imma,0.27386545708331234,False,12,True,Sb4 O8,0
SbO2,mp-1402558,P-1,0.16267653874997912,False,12,True,Sb4 O8,0
SbO2,mp-1419175,R-3m,0.38828314958331145,False,3,True,Sb1 O2,0
Sc,mp-36,Fm-3m,0.10101746499999997,False,1,False,Sc1,9
Sc,mp-67,P6_3/mmc,0.0,True,2,False,Sc2,19
Sc,mp-10641,Im-3m,0.10223144500000103,False,4,True,Sc4,0
Sc,mp-567308,I4/mcm,0.20573354000000066,False,4,False,Sc4,10
Sc,mp-601273,P6_122,0.12770696500000156,False,6,True,Sc6,0
Sc,mp-1008681,Pm-3m,0.7194539350000007,False,1,True,Sc1,0
Sc,mp-1055932,R-3m,0.05247491500000123,False,1,True,Sc1,0
Sc,mp-1056366,I4/mmm,0.10778921500000038,False,1,False,Sc1,1
Sc,mp-1064244,P4/nmm,0.11248714000000071,False,4,False,Sc4,2
Sc,mp-1179655,Ibam,0.06626405000000091,False,6,True,Sc6,0
Sc,mp-1977495,P6/mmm,0.06532240499999808,False,3,True,Sc3,0
Sc,mp-2018526,P6_222,0.1716095183333337,False,6,True,Sc6,0
Sc2O3,mp-216,Ia-3,0.0,True,40,False,Sc16 O24,12
Sc2O3,mp-13060,P-3m1,0.13188977374999844,False,5,True,Sc2 O3,1
Sc2O3,mp-558748,C2/m,0.06585842708333267,False,15,True,Sc6 O9,1
Sc2O3,mp-754455,R-3,0.09726974075000072,False,10,True,Sc4 O6,0
Sc2O3,mp-755313,R-3c,0.03639289474999963,False,10,True,Sc4 O6,0
Sc2O3,mp-775837,Pna2_1,0.08177998074999948,False,40,True,Sc16 O24,0
ScAsO4,mp-546125,I4_1/amd,0.0,True,12,False,Sc2 As2 O8,1
ScBr3,mp-1186984,P6_3/mmc,0.0,True,8,True,Sc2 Br6,0
ScCl3,mp-23309,R-3,0.0,True,8,False,Sc2 Cl6,2
ScF3,mp-10694,Pm-3m,0.00025103375000057326,False,4,False,Sc1 F3,34
ScF3,mp-559092,R32,0.002206863750000565,False,4,False,Sc1 F3,1
ScF3,mp-634805,C2,0.874982471250001,False,4,True,Sc1 F3,0
ScF3,mp-695817,C222,0.8641494287500002,False,4,True,Sc1 F3,0
ScF3,mp-1078300,R-3c,0.0,True,8,False,Sc2 F6,1
ScF3,mp-1094067,Pnma,0.10873024250000096,False,16,True,Sc4 F12,0
ScF3,mp-1179500,C2,0.2421218762500006,False,4,True,Sc1 F3,0
ScN,mp-2857,Fm-3m,0.0,True,2,False,Sc1 N1,11
ScN,mp-12981,Pm-3m,1.032668319999999,False,2,True,Sc1 N1,5
ScN,mp-1009750,F-43m,0.3033325250000001,False,2,True,Sc1 N1,2
Se,mp-14,P3_121,0.0010810776041676462,False,3,False,Se3,27
Se,mp-119,Im-3m,0.5956268076562505,False,1,False,Se1,2
Se,mp-147,R-3,0.023391177604166202,False,6,False,Se6,2
Se,mp-7755,Pm-3m,0.25408120093750064,False,1,False,Se1,1
Se,mp-12771,Fd-3m,0.5141207026562498,False,2,False,Se2,1
Se,mp-542461,P2_1/c,0.0035756384374998618,False,32,False,Se32,4
Se,mp-542605,P2_1/c,0.001803852812500395,False,32,False,Se32,2
Se,mp-570481,P2_1/c,0.0,True,64,False,Se64,1
Se,mp-1009757,Cmcm,0.20952714093749947,False,2,True,Se2,0
Se,mp-1247808,P2_12_12,0.1475421634374996,False,4,True,Se4,0
SeCl,mp-504825,P2_1/c,0.021642250683594266,False,16,False,Se8 Cl8,1
SeCl4,mp-540675,C2/c,0.0,True,40,False,Se8 Cl32,1
SeCl4,mp-667320,P-43n,0.013799672125000662,False,160,False,Se32 Cl128,1
SeO2,mp-726,P4_2/mbc,0.0,True,24,False,Se8 O16,6
SeO2,mp-559545,Pmc2_1,0.009079646666666719,False,24,False,Se8 O16,1
SeO2,mp-560882,Pmc2_1,0.007679208749999056,False,12,False,Se4 O8,1
SeO2,mp-638005,Pbam,0.0015618591666672899,False,24,False,Se8 O16,2
Si,mp-27,Fm-3m,0.5315660099999988,False,1,False,Si1,2
Si,mp-34,P6/mmm,0.305300729999999,False,1,False,Si1,2
Si,mp-92,I4_1/amd,0.2887398000000001,False,2,False,Si2,2
Si,mp-109,Fmmm,0.29561939749999944,False,4,True,Si4,0
Si,mp-149,Fd-3m,0.0,True,2,False,Si2,30
Si,mp-165,P6_3/mmc,0.01360687000000027,False,4,False,Si4,2
Si,mp-168,Ia-3,0.16002051874999879,False,8,False,Si8,4
Si,mp-10649,P6_3/mmc,0.5129497950000008,False,2,False,Si2,1
Si,mp-16220,Fd-3m,0.39319308941176345,False,34,False,Si34,1
Si,mp-571520,R-3,0.19694103500000004,False,8,False,Si8,1
Si,mp-644693,P1,0.415119279999999,False,8,True,Si8,0
Si,mp-676011,P1,0.44703532249999967,False,8,True,Si8,0
Si,mp-971661,I-43m,0.10747738456521638,False,23,True,Si23,0
Si,mp-971662,Pm-3n,0.09184994826086879,False,46,True,Si46,2
Si,mp-988210,P1,1.9596229937499992,False,8,True,Si8,0
Si,mp-999200,I4/mmm,0.116633199999999,False,4,True,Si4,1
Si,mp-1001113,Cmcm,0.4898279624999997,False,4,True,Si4,0
Si,mp-1014212,Im-3m,0.5254954999999999,False,1,True,Si1,0
Si,mp-1056579,I4/mmm,0.4840721299999995,False,1,False,Si1,1
Si,mp-1072544,Im-3m,0.22239860833333225,False,6,True,Si6,1
Si,mp-1079297,C2/m,0.08220610625000013,False,8,True,Si8,1
Si,mp-1079649,Cmce,0.42791178374999994,False,8,False,Si8,3
Si,mp-1094057,R-3m,0.5177497300000002,False,9,True,Si9,0
Si,mp-1095269,Cmcm,0.11054831833333267,False,12,False,Si12,2
Si,mp-1120447,P1,0.37250966749999925,False,8,True,Si8,0
Si,mp-1120747,P6_3/mmc,0.4537423366666662,False,6,True,Si6,0
Si,mp-1196961,P6/mmm,0.11045900649999929,False,40,True,Si40,1
Si,mp-1199894,C2/c,0.12887432573170798,False,82,True,Si82,1
Si,mp-1200830,I-43m,0.143261035243901,False,41,True,Si41,1
Si,mp-1201492,Pa-3,0.12115314543103395,False,232,True,Si232,1
Si,mp-1202745,P-3m1,0.14423974724137878,False,58,True,Si58,1
Si,mp-1203790,P6_3/mmc,0.08439319661764699,False,68,True,Si68,1
Si,mp-1204046,P4_2/nmc,0.17888546537735728,False,106,True,Si106,1
Si,mp-1204627,Cmcm,0.12913409456521663,False,46,True,Si46,1
Si,mp-1244933,P1,0.34929145859999977,False,100,True,Si100,0
Si,mp-1244971,P1,0.3167515176000002,False,100,True,Si100,0
Si,mp-1244990,P1,0.3662740677000009,False,100,True,Si100,0
Si,mp-1245041,P1,0.3103144008999994,False,100,True,Si100,0
Si,mp-1245242,P1,0.31691021610000014,False,100,True,Si100,0
Si,mp-1268191,P6/m,0.3600444750000005,False,6,True,Si6,0
Si,mp-1403870,P1,1.2507520099999994,False,8,True,Si8,0
Si,mp-1524805,Fmmm,0.6645676274999985,False,4,True,Si4,0
Si,mp-2351841,Cmcm,0.44883388250000067,False,4,True,Si4,0
Si(NiO2)2,mp-18766,Fd-3m,0.026806860714286174,False,14,False,Si2 Ni4 O8,16
Si(NiO2)2,mp-19072,Pnma,0.0,True,28,False,Si4 Ni8 O16,8
Si(PbO2)2,mp-555786,C2/c,0.0067720367782859725,False,56,True,Si8 Pb16 O32,0
Si(PbO2)2,mp-1197095,C2,0.008033984456856658,False,56,False,Si8 Pb16 O32,1
Si2Mo,mp-2592,I4/mmm,0.0,True,3,False,Si2 Mo1,14
Si2Mo,mp-8938,P6_222,0.03144123777777885,False,9,False,Si6 Mo3,4
Si2W,mp-1620,I4/mmm,0.0,True,3,False,Si2 W1,9
Si2W,mp-8939,P6_222,0.067845325555556,False,9,False,Si6 W3,2
Si3Mo5,mp-1332,I4/mcm,0.0,True,16,False,Si6 Mo10,5
Si3Mo5,mp-1188373,P6_3/mcm,0.09450023250000328,False,16,False,Si6 Mo10,1
Si3N4,mp-988,P6_3/m,0.0,True,14,False,Si6 N8,24
Si3N4,mp-2075,Fd-3m,0.1471396700000014,False,14,True,Si6 N8,4
Si3N4,mp-2245,P31c,0.003539623571429118,False,28,False,Si12 N16,19
Si3N4,mp-11607,I-43d,0.09949754000000155,False,14,True,Si6 N8,1
Si3N4,mp-40793,P6_3/mmc,0.49511214214285815,False,14,True,Si6 N8,0
Si3N4,mp-568867,P31c,0.7068889746428564,False,28,False,Si12 N16,1
Si3N4,mp-583712,P6_3/m,0.6348834228571434,False,42,False,Si18 N24,1
Si3N4,mp-603694,P31c,0.7437415928571447,False,28,True,Si12 N16,2
Si3N4,mp-641539,Pnma,0.2877060364285722,False,28,True,Si12 N16,1
Si3N4,mp-1244914,P1,0.6416110814761922,False,105,True,Si45 N60,0
Si3N4,mp-1244972,P1,0.6525968523333354,False,105,True,Si45 N60,0
Si3N4,mp-1245123,P1,0.7458383981428582,False,105,True,Si45 N60,0
Si3N4,mp-1245229,P1,0.36439846319047753,False,105,True,Si45 N60,0
Si3N4,mp-1245249,P1,0.5863529750952399,False,105,True,Si45 N60,0
Si3N4,mp-1245263,P1,0.3865726003333343,False,105,True,Si45 N60,0
Si3N4,mp-1245287,P1,0.6257231337619054,False,105,True,Si45 N60,0
Si3W5,mp-31219,I4/mcm,0.025065460000000428,False,16,False,Si6 W10,2
SiBr4,mp-570285,Pa-3,0.0,True,40,False,Si8 Br32,2
SiBr4,mp-574086,P2_1/c,5.66962500014867e-05,False,20,False,Si4 Br16,2
SiC,mp-7140,P6_3mc,0.004145862368421405,False,4,False,Si2 C2,6
SiC,mp-7631,P6_3mc,7.649035088874712e-06,False,12,False,Si6 C6,7
SiC,mp-8062,F-43m,0.00016855236842161503,False,2,False,Si1 C1,10
SiC,mp-9947,R3m,1.6330939850206505e-05,False,14,False,Si7 C7,1
SiC,mp-11713,R3m,9.136636842121959e-05,False,10,False,Si5 C5,1
SiC,mp-11714,P6_3mc,0.0003009711184223107,False,8,True,Si4 C4,1
SiC,mp-567505,P6_3mc,6.303174342114914e-05,False,16,False,Si8 C8,1
SiC,mp-567551,P6_3mc,5.227018092135438e-05,False,32,False,Si16 C16,1
SiC,mp-568619,P3m1,0.0010180313684227116,False,10,False,Si5 C5,1
SiC,mp-568656,P3m1,0.0001059673684213891,False,20,False,Si10 C10,1
SiC,mp-568696,P3m1,2.0732011277502238e-05,False,28,False,Si14 C14,1
SiC,mp-568735,P3m1,0.00015112403508688033,False,36,False,Si18 C18,1
SiC,mp-570641,R3m,0.009269019250000454,False,16,False,Si8 C8,1
SiC,mp-570690,R3m,0.008367561055555583,False,18,False,Si9 C9,1
SiC,mp-570791,P3m1,0.00012081763157922865,False,38,False,Si19 C19,1
SiC,mp-570804,R3m,0.031695728576924154,False,26,True,Si13 C13,0
SiC,mp-570985,P3m1,5.0489035087863954e-05,False,54,False,Si27 C27,1
SiC,mp-571286,P3m1,0.00028339133333510347,False,72,False,Si36 C36,2
SiC,mp-571298,P3m1,0.00043198793589738216,False,78,False,Si39 C39,1
SiC,mp-582034,P3m1,2.8426654136382012e-05,False,42,False,Si21 C21,1
SiC,mp-624397,R3m,0.03176295504545479,False,22,False,Si11 C11,1
SiC,mp-1002206,Fm-3m,0.742744805500001,False,2,True,Si1 C1,1
SiC,mp-1197730,R3m,0.00017536472136292502,False,34,False,Si17 C17,1
SiC,mp-1199063,R3m,0.03186745960714177,False,56,False,Si28 C28,1
SiC,mp-1200168,R3m,0.031712704810345826,False,58,False,Si29 C29,1
SiC,mp-1200692,R3m,2.1850897834241323e-05,False,34,False,Si17 C17,1
SiC,mp-1200848,R3m,0.03204011050000055,False,50,False,Si25 C25,1
SiC,mp-1204356,R3m,0.0,True,38,False,Si19 C19,1
SiI4,mp-635441,Pa-3,0.0,True,40,False,Si8 I32,2
SiMo3,mp-1275,Pm-3n,0.0,True,8,False,Si2 Mo6,9
SiNi,mp-351,Pnma,0.0,True,8,False,Si4 Ni4,11
SiNi,mp-999192,Pmmn,0.06185977125000086,False,4,False,Si2 Ni2,2
SiNi,mp-1095177,P2_13,0.09659877750000057,False,8,False,Si4 Ni4,1
SiO2,mp-6922,P6_222,0.00907650222222145,False,9,False,Si3 O6,16
SiO2,mp-6930,P3_221,0.0006257044444453186,False,9,False,Si3 O6,98
SiO2,mp-6945,P4_12_12,0.005370743055555849,False,12,False,Si4 O8,47
SiO2,mp-6947,P4_2/mnm,0.20171111388889074,False,6,False,Si2 O4,60
SiO2,mp-7000,P3_121,0.0,True,9,False,Si3 O6,37
SiO2,mp-7029,P4_32_12,0.005306136388890437,False,12,True,Si4 O8,1
SiO2,mp-7087,P6_3/mmc,0.019207063888890374,False,12,False,Si4 O8,9
SiO2,mp-7648,C222_1,0.012010786388890082,False,12,False,Si4 O8,8
SiO2,mp-7905,Ibam,0.42252382888889084,False,6,False,Si2 O4,1
SiO2,mp-8059,P2_13,0.009373027638890363,False,24,False,Si8 O16,4
SiO2,mp-8352,Fd-3m,0.02055120055555726,False,6,False,Si2 O4,5
SiO2,mp-8602,P6/mmm,0.016311825751634146,False,102,False,Si34 O68,1
SiO2,mp-9258,Pa-3,0.5770440263888901,False,12,False,Si4 O8,6
SiO2,mp-10064,Fm-3m,1.27794353388889,False,3,True,Si1 O2,1
SiO2,mp-10851,P6_422,0.009073353333333145,False,9,False,Si3 O6,1
SiO2,mp-10948,Pbcn,0.2598391105555571,False,12,False,Si4 O8,3
SiO2,mp-11684,C2/c,0.013725869722224004,False,24,False,Si8 O16,43
SiO2,mp-12350,Fd-3m,0.13966345388889145,False,24,True,Si8 O16,1
SiO2,mp-12787,C2/c,0.0027721855555569164,False,18,False,Si6 O12,2
SiO2,mp-15078,Immm,0.01758040759259316,False,54,False,Si18 O36,8
SiO2,mp-16964,Cmc2_1,0.012128847222223627,False,36,False,Si12 O24,5
SiO2,mp-17279,C2/m,0.020339974513889914,False,48,False,Si16 O32,5
SiO2,mp-17909,R-3m,0.02138735666666669,False,36,False,Si12 O24,1
SiO2,mp-18280,C2/m,0.015797593611113214,False,36,False,Si12 O24,2
SiO2,mp-32667,P2_1/c,0.24687856722222357,False,18,True,Si6 O12,0
SiO2,mp-32895,Fd-3m,0.02191978819444529,False,144,False,Si48 O96,7
SiO2,mp-34150,C2/m,0.3469739465972239,False,48,True,Si16 O32,0
SiO2,mp-530546,P6/m,0.017224509691358136,False,162,True,Si54 O108,0
SiO2,mp-532105,P6/mmm,0.017351781790125642,False,162,True,Si54 O108,0
SiO2,mp-542814,P2_12_12_1,0.007484036388891724,False,72,False,Si24 O48,3
SiO2,mp-545488,P2/c,0.7031620197222237,False,12,True,Si4 O8,1
SiO2,mp-545719,I4_122,0.15526574805555704,False,12,True,Si4 O8,1
SiO2,mp-546546,R32,0.04150344222222557,False,9,True,Si3 O6,0
SiO2,mp-546794,I-42d,0.005647450555557043,False,6,False,Si2 O4,5
SiO2,mp-553881,Pc,0.3658674980555574,False,12,True,Si4 O8,1
SiO2,mp-553945,Pmn2_1,0.01706623482638925,False,96,False,Si32 O64,1
SiO2,mp-553993,I4_1/amd,0.046632540138888956,False,48,True,Si16 O32,1
SiO2,mp-554089,Pna2_1,0.006757618888888928,False,12,True,Si4 O8,1
SiO2,mp-554151,I-4,0.011899476388888885,False,12,True,Si4 O8,1
SiO2,mp-554175,I4/mcm,0.10395017097222414,False,48,True,Si16 O32,1
SiO2,mp-554243,P6_522,0.016906312222221942,False,18,True,Si6 O12,0
SiO2,mp-554258,I4/mcm,0.017633480138890434,False,48,True,Si16 O32,1
SiO2,mp-554267,I4_1/amd,0.021642432222224173,False,48,False,Si16 O32,1
SiO2,mp-554397,Pcca,0.6632534934722232,False,24,True,Si8 O16,1
SiO2,mp-554498,P622,0.890916148055557,False,36,True,Si12 O24,1
SiO2,mp-554543,I4/mcm,0.021344328472222784,False,24,True,Si8 O16,1
SiO2,mp-554573,Ama2,0.0074662172222232925,False,12,True,Si4 O8,1
SiO2,mp-554665,P4_2/mcm,0.2049174684722228,False,24,True,Si8 O16,1
SiO2,mp-554682,I-4,0.016516703125001087,False,144,True,Si48 O96,1
SiO2,mp-554755,P4_2/mmc,0.023352432951389446,False,96,False,Si32 O64,2
SiO2,mp-554946,Imm2,0.01706450111111124,False,144,True,Si48 O96,1
SiO2,mp-555147,Cc,0.08140921222222275,False,12,True,Si4 O8,1
SiO2,mp-555165,I4_1/acd,0.022974082013890396,False,48,True,Si16 O32,1
SiO2,mp-555211,I4/mmm,0.019635544097223345,False,48,True,Si16 O32,0
SiO2,mp-555235,Cc,0.0069087930555564725,False,12,False,Si4 O8,2
SiO2,mp-555251,Ima2,0.017512269722223195,False,12,True,Si4 O8,1
SiO2,mp-555355,P622,0.7983532308333343,False,36,True,Si12 O24,1
SiO2,mp-555394,Imma,4.788949200138889,False,48,True,Si16 O32,0
SiO2,mp-555411,Fddd,0.5571483005555571,False,24,True,Si8 O16,1
SiO2,mp-555483,Fddd,0.013546909722222722,False,12,True,Si4 O8,1
SiO2,mp-555497,Ia-3,0.2556047815277793,False,72,True,Si24 O48,1
SiO2,mp-555521,I4_1/amd,0.015517270138889927,False,96,False,Si32 O64,3
SiO2,mp-555544,Fddd,0.18274748347222314,False,24,True,Si8 O16,1
SiO2,mp-555556,P4_2/mbc,0.015909832013889513,False,48,True,Si16 O32,1
SiO2,mp-555676,Pnnn,0.25457416763889107,False,24,True,Si8 O16,1
SiO2,mp-555700,I4_1/amd,0.017485710138890553,False,48,True,Si16 O32,1
SiO2,mp-555740,Ia-3,0.022304727222222098,False,24,True,Si8 O16,1
SiO2,mp-555791,Im-3m,0.04628992215277883,False,144,True,Si48 O96,1
SiO2,mp-555823,P622,0.791139003055557,False,36,True,Si12 O24,1
SiO2,mp-555891,P2_1,0.007662029722222741,False,12,False,Si4 O8,4
SiO2,mp-555960,P-1,0.26218029201388937,False,48,True,Si16 O32,1
SiO2,mp-556027,R-3c,0.5291903327777794,False,18,True,Si6 O12,0
SiO2,mp-556044,P-31c,1.4573660394444454,False,36,True,Si12 O24,1
SiO2,mp-556068,Im-3m,0.14053453319444564,False,72,True,Si24 O48,1
SiO2,mp-556088,Ccce,0.10710827680555646,False,48,True,Si16 O32,0
SiO2,mp-556132,Pcca,0.19678332555555755,False,24,True,Si8 O16,1
SiO2,mp-556218,Cmc2_1,0.012897781944445796,False,36,False,Si12 O24,3
SiO2,mp-556257,Fd-3c,0.41891649138889075,False,144,True,Si48 O96,1
SiO2,mp-556262,P-1,0.018816912013889464,False,48,False,Si16 O32,2
SiO2,mp-556319,P1,0.12777344305555793,False,12,True,Si4 O8,1
SiO2,mp-556376,P2,0.42902559138889007,False,12,True,Si4 O8,1
SiO2,mp-556454,C222,0.011794062638889713,False,48,False,Si16 O32,1
SiO2,mp-556464,P-31c,0.24593878250000145,False,36,True,Si12 O24,1
SiO2,mp-556469,P-1,0.01592845680555577,False,48,False,Si16 O32,1
SiO2,mp-556537,I2_13,0.2521043602777784,False,36,True,Si12 O24,1
SiO2,mp-556553,C2,0.08570167388888983,False,12,True,Si4 O8,1
SiO2,mp-556564,P4/nnc,1.0900002363888897,False,48,True,Si16 O32,1
SiO2,mp-556588,P1,0.3088518388888897,False,12,True,Si4 O8,1
SiO2,mp-556591,Fmmm,0.020681107777779317,False,54,False,Si18 O36,1
SiO2,mp-556654,P2_1/c,0.01205457222222428,False,72,False,Si24 O48,1
SiO2,mp-556662,C2,0.06785603305555732,False,12,True,Si4 O8,1
SiO2,mp-556788,P1,0.2470484547222238,False,12,True,Si4 O8,1
SiO2,mp-556812,R-3c,0.29528525444444575,False,18,True,Si6 O12,0
SiO2,mp-556880,P1,0.15159475722222382,False,12,True,Si4 O8,1
SiO2,mp-556882,P2_1/c,0.010804162430556374,False,48,True,Si16 O32,1
SiO2,mp-556961,P2_12_12_1,0.008716009305556938,False,24,False,Si8 O16,1
SiO2,mp-556963,P-31m,0.14960477583333365,False,36,True,Si12 O24,1
SiO2,mp-556985,P1,0.05308426722222315,False,12,True,Si4 O8,1
SiO2,mp-556994,P1,0.08827776805555665,False,12,True,Si4 O8,1
SiO2,mp-557004,P1,0.020841848333333246,False,36,True,Si12 O24,1
SiO2,mp-557017,P4/nnc,0.5266905968055573,False,48,True,Si16 O32,1
SiO2,mp-557024,Pm-3n,0.07088209569444537,False,144,True,Si48 O96,1
SiO2,mp-557076,R-3c,0.2907667494444457,False,36,True,Si12 O24,0
SiO2,mp-557118,C222_1,0.019075217222223273,False,12,True,Si4 O8,1
SiO2,mp-557134,C2,0.09504292055555652,False,12,True,Si4 O8,1
SiO2,mp-557194,P-31m,1.262009241666668,False,18,True,Si6 O12,1
SiO2,mp-557211,P6_3/mcm,0.018907765972221213,False,72,True,Si24 O48,1
SiO2,mp-557244,I2_12_12_1,0.18253721388889055,False,12,True,Si4 O8,1
SiO2,mp-557264,Cmc2_1,0.011199296805557424,False,48,True,Si16 O32,1
SiO2,mp-557465,Pccn,0.013800840138889825,False,24,True,Si8 O16,1
SiO2,mp-557591,Pm-3n,0.0713996712500009,False,72,True,Si24 O48,1
SiO2,mp-557653,Pm,0.3026401547222246,False,12,True,Si4 O8,1
SiO2,mp-557723,P6_422,0.28061812833333377,False,36,True,Si12 O24,1
SiO2,mp-557771,R-3c,0.6158921225000009,False,36,True,Si12 O24,1
SiO2,mp-557814,Pm-3n,0.7114226436111117,False,144,True,Si48 O96,1
SiO2,mp-557837,C2/c,0.008337957222222414,False,12,True,Si4 O8,1
SiO2,mp-557873,P1,0.06552297888889136,False,12,True,Si4 O8,1
SiO2,mp-557881,Cm,0.020218251944445598,False,36,False,Si12 O24,1
SiO2,mp-557894,P2_1/m,0.021515728680556734,False,96,False,Si32 O64,1
SiO2,mp-557930,I-42m,0.03198936263889074,False,24,True,Si8 O16,1
SiO2,mp-557933,Imma,0.013428656111111437,False,72,False,Si24 O48,1
SiO2,mp-558025,Pnnm,0.016457801296297703,False,108,False,Si36 O72,10
SiO2,mp-558115,R-3,0.014243696222223434,False,120,False,Si40 O80,1
SiO2,mp-558200,P-4n2,0.07261927013889036,False,24,True,Si8 O16,1
SiO2,mp-558203,P4/mbm,0.08890391388889007,False,96,True,Si32 O64,1
SiO2,mp-558301,C2/m,0.2125344803472231,False,48,True,Si16 O32,1
SiO2,mp-558326,Imma,0.016734580740740412,False,108,False,Si36 O72,1
SiO2,mp-558351,C2/m,0.02017136722222368,False,36,False,Si12 O24,1
SiO2,mp-558366,Pban,0.7916428568055567,False,24,True,Si8 O16,1
SiO2,mp-558374,Pa-3,0.03975507972222303,False,72,True,Si24 O48,1
SiO2,mp-558564,C2/m,0.06549976777777822,False,36,True,Si12 O24,1
SiO2,mp-558569,R-3,0.07861341916666831,False,72,True,Si24 O48,1
SiO2,mp-558598,I432,1.8185765902777788,False,36,True,Si12 O24,1
SiO2,mp-558733,C2/c,0.2636914027777788,False,18,True,Si6 O12,1
SiO2,mp-558891,Ia-3d,0.01316330638888985,False,36,True,Si12 O24,1
SiO2,mp-558931,Fm-3c,0.2685371482638903,False,144,True,Si48 O96,1
SiO2,mp-558947,P4/nmm,0.015424627569446514,False,144,True,Si48 O96,1
SiO2,mp-559091,P6_322,0.011257474722222938,False,12,False,Si4 O8,1
SiO2,mp-559273,P6_222,0.2152896354166689,False,72,True,Si24 O48,1
SiO2,mp-559313,Cmce,0.017870901805556727,False,24,True,Si8 O16,1
SiO2,mp-559347,P4_2/nbc,0.01864310368055655,False,48,True,Si16 O32,1
SiO2,mp-559360,P2_1/m,0.017097599722223578,False,72,True,Si24 O48,1
SiO2,mp-559389,R-3,0.2577077061111108,False,18,True,Si6 O12,0
SiO2,mp-559550,R-3,0.015880222222222073,False,18,False,Si6 O12,1
SiO2,mp-559605,R-3m,0.23896170833333485,False,18,True,Si6 O12,1
SiO2,mp-559740,P6_3/mmc,0.05859891305555465,False,36,True,Si12 O24,1
SiO2,mp-559829,Ia-3d,0.14231362736111208,False,144,True,Si48 O96,1
SiO2,mp-559860,Ccce,0.1660292118055562,False,24,True,Si8 O16,1
SiO2,mp-559872,P4_32_12,0.00940804222222269,False,36,False,Si12 O24,1
SiO2,mp-559928,P6_3/mmc,0.04192282000000169,False,18,True,Si6 O12,1
SiO2,mp-559962,Fm-3m,0.04177927666666825,False,72,True,Si24 O48,1
SiO2,mp-560064,C2/c,0.020003701909724114,False,96,False,Si32 O64,2
SiO2,mp-560131,I-42m,0.09742052680555702,False,24,True,Si8 O16,0
SiO2,mp-560152,P-42_1c,0.10362578284722268,False,48,True,Si16 O32,1
SiO2,mp-560155,P2/c,0.027114811666667293,False,54,False,Si18 O36,2
SiO2,mp-560203,Pbcn,0.029665876944445557,False,36,True,Si12 O24,1
SiO2,mp-560336,Imma,0.01842973180555596,False,96,False,Si32 O64,1
SiO2,mp-560527,Cmcm,0.01902866722222285,False,24,True,Si8 O16,1
SiO2,mp-560708,P2/m,0.015350694722222613,False,84,True,Si28 O56,1
SiO2,mp-560754,P4/nbm,0.5346393895138908,False,48,True,Si16 O32,1
SiO2,mp-560809,Cmcm,0.016937440694444916,False,72,False,Si24 O48,1
SiO2,mp-560826,Cmcm,0.01783695416666653,False,36,False,Si12 O24,1
SiO2,mp-560836,P23,0.22851612861111192,False,36,True,Si12 O24,1
SiO2,mp-560920,Cmcm,0.01725330326389063,False,96,False,Si32 O64,1
SiO2,mp-560941,Cmcm,0.01689390159722315,False,96,False,Si32 O64,1
SiO2,mp-560954,I4_122,0.17485644555555702,False,24,True,Si8 O16,1
SiO2,mp-560973,Cmcm,0.03480365000000063,False,54,False,Si18 O36,2
SiO2,mp-560998,Cmmm,0.01830412037037199,False,54,False,Si18 O36,2
SiO2,mp-561090,Fd-3m,0.020893830163400295,False,102,False,Si34 O68,4
SiO2,mp-561181,Amm2,0.021043170912699694,False,84,False,Si28 O56,1
SiO2,mp-561291,P-4c2,0.15175354222222381,False,24,True,Si8 O16,1
SiO2,mp-561301,Pn-3m,0.49893297548611315,False,144,True,Si48 O96,1
SiO2,mp-561351,Pmmn,0.017940285000001666,False,72,False,Si24 O48,1
SiO2,mp-561488,R-3m,0.5127608688888907,False,36,True,Si12 O24,1
SiO2,mp-562490,C2/c,0.0201590305555559,False,12,True,Si4 O8,1
SiO2,mp-572283,P4/n,0.1652455180555581,False,48,True,Si16 O32,1
SiO2,mp-600000,Imma,0.01592443388888931,False,24,True,Si8 O16,0
SiO2,mp-600001,P-4m2,0.03662215022222348,False,15,True,Si5 O10,0
SiO2,mp-600002,P4_2/mmc,0.022233876388890295,False,24,True,Si8 O16,0
SiO2,mp-600003,I4/mmm,0.01445370430555748,False,48,True,Si16 O32,0
SiO2,mp-600004,Cmcm,0.017297762222222346,False,36,True,Si12 O24,0
SiO2,mp-600005,Im-3m,0.021162028472224037,False,48,True,Si16 O32,0
SiO2,mp-600006,P4/mcc,0.0341524587222235,False,60,True,Si20 O40,0
SiO2,mp-600007,Pmma,0.020936226111112788,False,36,True,Si12 O24,0
SiO2,mp-600014,Pnma,0.01737583277777688,False,72,True,Si24 O48,0
SiO2,mp-600015,P4/nmm,0.019213315000001785,False,72,True,Si24 O48,0
SiO2,mp-600016,I4_1/amd,0.016476795972224068,False,48,True,Si16 O32,0
SiO2,mp-600018,Cmme,0.017224412777778753,False,72,True,Si24 O48,0
SiO2,mp-600022,Pmmn,0.021769523055557016,False,96,True,Si32 O64,0
SiO2,mp-600023,Fm-3m,0.022853508888889706,False,30,True,Si10 O20,0
SiO2,mp-600024,Pnma,0.024050721805556563,False,96,True,Si32 O64,0
SiO2,mp-600026,Pnnm,0.05490552750000077,False,36,True,Si12 O24,0
SiO2,mp-600027,Cmcm,0.0171428422222224,False,72,True,Si24 O48,0
SiO2,mp-600028,Ia-3d,0.022316529861111434,False,72,True,Si24 O48,0
SiO2,mp-600029,Cmcm,0.01678431527777846,False,72,True,Si24 O48,0
SiO2,mp-600031,Imma,0.01695202672222429,False,60,True,Si20 O40,0
SiO2,mp-600032,Cmcm,0.021556782777780725,False,72,True,Si24 O48,0
SiO2,mp-600033,Im-3m,0.01410180777777903,False,36,True,Si12 O24,0
SiO2,mp-600037,Imma,0.022893965555557116,False,48,False,Si16 O32,1
SiO2,mp-600038,Pmma,0.03660870155555784,False,30,True,Si10 O20,0
SiO2,mp-600039,Cmcm,0.040176569444444254,False,72,True,Si24 O48,0
SiO2,mp-600041,Cmce,0.02109452034722281,False,48,True,Si16 O32,0
SiO2,mp-600045,Cmce,0.02250931597222383,False,48,True,Si16 O32,0
SiO2,mp-600049,C222_1,0.036158083680556174,False,48,True,Si16 O32,0
SiO2,mp-600050,Pmna,0.07009344763888947,False,72,True,Si24 O48,0
SiO2,mp-600051,Cmce,0.02167299763889119,False,72,True,Si24 O48,0
SiO2,mp-600052,Cmcm,0.015849241555557114,False,60,True,Si20 O40,0
SiO2,mp-600053,Pmmn,0.02291211460317477,False,84,True,Si28 O56,0
SiO2,mp-600054,P4_122,0.023943286545140552,False,192,False,Si64 O128,1
SiO2,mp-600055,Amm2,0.019012594841269603,False,84,True,Si28 O56,0
SiO2,mp-600057,Imma,0.024472877638890722,False,72,True,Si24 O48,0
SiO2,mp-600059,P-4,0.013408811241831131,False,51,True,Si17 O34,0
SiO2,mp-600060,Pnma,0.017455431875001537,False,144,True,Si48 O96,0
SiO2,mp-600061,Pmma,0.021514937222223196,False,72,True,Si24 O48,0
SiO2,mp-600063,Cmcm,0.017435030138887697,False,72,True,Si24 O48,0
SiO2,mp-600065,Cmce,0.0251340437500005,False,72,True,Si24 O48,0
SiO2,mp-600067,I-4m2,0.03344089210317591,False,84,True,Si28 O56,0
SiO2,mp-600068,Cccm,0.03913069922222334,False,60,True,Si20 O40,0
SiO2,mp-600070,Pbcm,0.023050382743056375,False,96,True,Si32 O64,0
SiO2,mp-600071,Fmm2,0.021457802499998735,False,36,True,Si12 O24,0
SiO2,mp-600072,P4/nmm,0.019608898263889785,False,144,True,Si48 O96,0
SiO2,mp-600076,P4/nnc,0.03381385063888942,False,120,True,Si40 O80,0
SiO2,mp-600078,I4_1/amd,0.02925390592592514,False,54,True,Si18 O36,0
SiO2,mp-600080,P4_2/mmc,0.02810116946180763,False,192,False,Si64 O128,1
SiO2,mp-600083,Pmmn,0.020298499611111964,False,180,True,Si60 O120,0
SiO2,mp-600084,Ibam,0.01955025347222339,False,96,True,Si32 O64,0
SiO2,mp-600085,I4/mmm,0.023797548888889963,False,96,True,Si32 O64,0
SiO2,mp-600091,Imm2,0.018708470370370378,False,54,True,Si18 O36,0
SiO2,mp-600096,I-43m,0.14443482736111335,False,72,True,Si24 O48,0
SiO2,mp-600098,Cmcm,0.017944371701391404,False,96,True,Si32 O64,0
SiO2,mp-600109,P4_2/ncm,0.03030702500000082,False,180,True,Si60 O120,0
SiO2,mp-600111,Cmcm,0.024706345763890525,False,96,True,Si32 O64,0
SiO2,mp-604717,P4_12_12,0.18102254416666597,False,36,True,Si12 O24,3
SiO2,mp-615993,C2/m,0.017484032222222723,False,42,False,Si14 O28,1
SiO2,mp-638033,P4_322,0.7058472147222234,False,24,True,Si8 O16,1
SiO2,mp-638035,R-3c,1.8303443916666682,False,18,True,Si6 O12,0
SiO2,mp-638038,P4/nbm,1.2521492422222238,False,24,True,Si8 O16,1
SiO2,mp-638049,F4_132,1.7447606447222235,False,36,True,Si12 O24,1
SiO2,mp-639463,Pmma,0.017680253888890718,False,18,True,Si6 O12,0
SiO2,mp-639478,Pm-3m,0.02465921972222418,False,72,True,Si24 O48,0
SiO2,mp-639480,P4_2/mmc,0.03600793333333385,False,54,True,Si18 O36,0
SiO2,mp-639506,I2_12_12_1,0.0189062063888894,False,72,True,Si24 O48,0
SiO2,mp-639511,I4/mmm,0.021093187638889788,False,48,True,Si16 O32,0
SiO2,mp-639512,Pm-3n,0.015216320990340648,False,138,True,Si46 O92,0
SiO2,mp-639558,Cmmm,0.02228758257936647,False,84,True,Si28 O56,0
SiO2,mp-639682,I-4m2,0.03476136255555673,False,30,True,Si10 O20,0
SiO2,mp-639695,Pmma,0.02258278388888968,False,48,True,Si16 O32,0
SiO2,mp-639705,I4_1/amd,0.031036298222222314,False,60,True,Si20 O40,0
SiO2,mp-639724,Cmcm,0.020764634097224288,False,48,True,Si16 O32,0
SiO2,mp-639733,Pca2_1,0.024183770416666306,False,72,True,Si24 O48,0
SiO2,mp-639734,I4/mmm,0.021206486388889445,False,48,True,Si16 O32,0
SiO2,mp-639741,Im-3m,0.022140206250002237,False,72,True,Si24 O48,0
SiO2,mp-639748,Pbcn,0.03726351842592557,False,108,True,Si36 O72,0
SiO2,mp-640556,Cc,0.006745714583335172,False,72,False,Si24 O48,6
SiO2,mp-640917,P3_221,2.4280851250000017,False,9,False,Si3 O6,1
SiO2,mp-644923,I-4m2,0.01684910243055704,False,144,False,Si48 O96,4
SiO2,mp-646895,C2/c,0.01990272607639021,False,96,False,Si32 O64,1
SiO2,mp-651707,C2/c,0.011859404365079484,False,84,False,Si28 O56,5
SiO2,mp-653763,Cmme,0.02296421853174735,False,168,False,Si56 O112,2
SiO2,mp-662706,C2/m,0.014375648769842542,False,84,True,Si28 O56,1
SiO2,mp-663422,P1,0.21593307305555776,False,24,True,Si8 O16,0
SiO2,mp-667368,Immm,0.01773852545139043,False,96,False,Si32 O64,1
SiO2,mp-667371,Pbcm,0.01765650418650999,False,168,True,Si56 O112,1
SiO2,mp-667373,Pmna,0.01668126454365293,False,168,True,Si56 O112,1
SiO2,mp-667376,Cmce,0.017726821448414753,False,168,True,Si56 O112,1
SiO2,mp-667377,Cmce,0.0197272375198434,False,168,True,Si56 O112,1
SiO2,mp-667383,C2/m,0.014114933531747198,False,84,True,Si28 O56,1
SiO2,mp-667448,I-4,0.24359842104166773,False,144,False,Si48 O96,1
SiO2,mp-669426,P2_1/c,0.007127133888889858,False,24,False,Si8 O16,5
SiO2,mp-673168,C2,0.6863850216666671,False,9,True,Si3 O6,0
SiO2,mp-680204,C2/m,0.013950562373739928,False,66,False,Si22 O44,1
SiO2,mp-680222,P6/mmm,0.03720148923611255,False,144,True,Si48 O96,1
SiO2,mp-683947,P-1,0.14225809680555734,False,24,True,Si8 O16,0
SiO2,mp-683952,Pm-3n,0.7316326965277788,False,144,True,Si48 O96,1
SiO2,mp-683953,Ia-3d,0.8818287054861127,False,144,True,Si48 O96,1
SiO2,mp-683970,Pmmm,0.13655510690972328,False,192,True,Si64 O128,1
SiO2,mp-685184,P1,0.4053661213333335,False,90,True,Si30 O60,0
SiO2,mp-733790,P1,0.006573497500003356,False,72,False,Si24 O48,1
SiO2,mp-972808,P2_1,0.016306131666667056,False,12,False,Si4 O8,3
SiO2,mp-985570,P2_1/c,0.008480523472224277,False,24,True,Si8 O16,0
SiO2,mp-985590,Pnnm,0.009721104722222762,False,24,True,Si8 O16,0
SiO2,mp-1021503,Pn-3m,0.39713604888889,False,6,True,Si2 O4,0
SiO2,mp-1071820,Ibam,0.44245167555555653,False,6,False,Si2 O4,1
SiO2,mp-1179447,I4_1/amd,0.023373383055556474,False,24,True,Si8 O16,0
SiO2,mp-1179454,I4/mmm,0.0188390738888895,False,12,True,Si4 O8,0
SiO2,mp-1179488,C2/m,1.1003952762698423,False,84,True,Si28 O56,0
SiO2,mp-1179508,P3_221,0.3360200883333331,False,9,True,Si3 O6,0
SiO2,mp-1179529,P4_12_12,0.1726827241666662,False,36,True,Si12 O24,0
SiO2,mp-1188220,I-43m,0.016530015555556332,False,18,False,Si6 O12,1
SiO2,mp-1195265,Pnma,0.017651827291667033,False,288,False,Si96 O192,8
SiO2,mp-1199998,C2/m,0.026448057397661984,False,114,False,Si38 O76,1
SiO2,mp-1200292,P2_1/c,0.015922946006945438,False,288,False,Si96 O192,4
SiO2,mp-1200685,C222,0.1066161790972231,False,48,True,Si16 O32,1
SiO2,mp-1201738,P2_1/c,0.051552902638890785,False,96,True,Si32 O64,0
SiO2,mp-1201887,P6/mcc,0.01813383125000101,False,72,False,Si24 O48,1
SiO2,mp-1203655,P4/mbm,0.030771927847222713,False,144,False,Si48 O96,1
SiO2,mp-1204026,Ia-3d,0.3112314279166686,False,144,True,Si48 O96,0
SiO2,mp-1204057,P6/mmm,0.02258345675925888,False,216,False,Si72 O144,1
SiO2,mp-1204070,P-1,0.2994745629629634,False,54,True,Si18 O36,0
SiO2,mp-1205213,Pmmm,0.07738906148148139,False,216,False,Si72 O144,1
SiO2,mp-1244945,P1,0.12089077388889002,False,90,True,Si30 O60,0
SiO2,mp-1244965,P1,0.18337266741830227,False,102,True,Si34 O68,0
SiO2,mp-1244968,P1,0.25209764633986964,False,102,True,Si34 O68,0
SiO2,mp-1245026,P1,0.16427933006536044,False,102,True,Si34 O68,0
SiO2,mp-1248957,C2/m,0.02157992868055736,False,96,True,Si32 O64,0
SiO2,mp-1249090,P6_3/m,0.02289785114379228,False,102,True,Si34 O68,0
SiO2,mp-1249332,P6_3/mmc,0.01839271240740814,False,108,True,Si36 O72,0
SiO2,mp-1249637,C2/m,0.020061214662700166,False,168,True,Si56 O112,0
SiO2,mp-1249969,P-1,0.023595856722224084,False,60,True,Si20 O40,0
SiO2,mp-1250261,P-6m2,0.02140472166666818,False,54,True,Si18 O36,0
SiO2,mp-1250551,Cmce,0.018172296686508105,False,336,True,Si112 O224,0
SiO2,mp-1250639,R-3,0.014886152749999937,False,360,True,Si120 O240,0
SiO2,mp-1256499,Ia-3d,0.06214882972222213,False,144,True,Si48 O96,0
SiO2,mp-1256614,P6_3/mmc,0.02071808666666719,False,108,True,Si36 O72,0
SiO2,mp-1257168,P6_122,0.02873003033333532,False,180,True,Si60 O120,0
SiO2,mp-1258196,P2,0.012352554771242197,False,102,True,Si34 O68,0
SiO2,mp-1265115,I4/m,0.13149961888889017,False,24,True,Si8 O16,0
SiO2,mp-1268079,P2_1/c,0.020523518524306894,False,192,True,Si64 O128,0
SiO2,mp-1353259,P4_32_12,0.17021746500000035,False,36,True,Si12 O24,0
SiO2,mp-1365799,I4_1/amd,0.20447306013888955,False,48,True,Si16 O32,0
SiO2,mp-1398433,P1,4.667274877222223,False,12,True,Si4 O8,0
SiO2,mp-2374583,P4/nbm,0.1596483763888905,False,48,True,Si16 O32,0
SiP,mp-2798,Cmc2_1,0.0,True,24,False,Si12 P12,2
SiP,mp-8097,F-43m,0.36630106750000024,False,2,False,Si1 P1,1
SiPbO3,mp-21723,P2/c,0.0,True,60,False,Si12 Pb12 O36,2
SiPbO3,mp-978489,Pm-3m,0.42395193916669616,False,5,True,Si1 Pb1 O3,0
SiPbO3,mp-aaaieisu,R-3,0.11601893533334806,False,10,True,Si2 Pb2 O6,0
SiS2,mp-1602,Ibam,0.0,True,6,False,Si2 S4,7
SiS2,mp-7583,I-42d,0.0195370300000004,False,6,False,Si2 S4,5
SiS2,mp-1095294,P2_1/c,0.003013171666665926,False,12,False,Si4 S8,1
SiS2,mp-1194773,P2_1/c,0.04442881111111063,False,36,False,Si12 S24,1
Sm,mp-68,P6_3/mmc,0.019146124999998904,False,2,False,Sm2,2
Sm,mp-69,P6_3/mmc,0.0,True,4,False,Sm4,3
Sm,mp-86,R-3m,0.0046739333333292166,False,3,False,Sm3,4
Sm,mp-21377,Fm-3m,0.018011249999997148,False,1,True,Sm1,0
Sm2O3,mp-218,Ia-3,0.0,True,40,False,Sm16 O24,7
Sm2O3,mp-1745,C2/m,0.013724095749999776,False,15,False,Sm6 O9,7
Sm2O3,mp-10733,P-3m1,0.01703721774999778,False,5,False,Sm2 O3,3
Sm2O3,mp-684768,Pn-3m,0.4492388302499979,False,10,True,Sm4 O6,0
Sm2O3,mp-1219167,P-4m2,0.21581814824999945,False,5,True,Sm2 O3,0
Sm2Zr2O7,mp-4408,Fd-3m,0.0,True,22,False,Sm4 Zr4 O14,4
Sm2Zr2O7,mp-530294,C2/m,0.015423137272726706,False,88,True,Sm16 Zr16 O56,0
Sm2Zr2O7,mp-675436,Pmma,0.18980363499999875,False,22,True,Sm4 Zr4 O14,0
Sm2Zr2O7,mp-771253,P2_1/c,0.09249112068181731,False,44,True,Sm8 Zr8 O28,0
Sm2Zr2O7,mp-772758,P2_1,0.021630961136363425,False,44,True,Sm8 Zr8 O28,0
SmC2,mp-12764,I4/mmm,0.0,True,3,False,Sm1 C2,3
SmCl2,mp-29453,Pnma,0.07576974722222207,False,12,False,Sm4 Cl8,1
SmCl2,mp-867134,P4_2/mnm,0.02955342555555429,False,6,True,Sm2 Cl4,0
SmCl3,mp-863026,P6_3/mmc,0.0,True,8,True,Sm2 Cl6,0
SmOF,mp-9488,R-3m,0.0,True,6,False,Sm2 O2 F2,1
SmOF,mp-37381,F-43m,0.05504529500000288,False,3,True,Sm1 O1 F1,0
Sn,mp-55,I4/mmm,0.22838304000000065,False,1,False,Sn1,34
Sn,mp-84,I4_1/amd,0.12017831000000001,False,2,False,Sn2,39
Sn,mp-117,Fd-3m,0.0,True,2,False,Sn2,5
Sn,mp-7162,Im-3m,0.24906495999999834,False,1,False,Sn1,41
Sn,mp-623511,I4/mmm,0.061407004999999515,False,1,False,Sn1,35
Sn,mp-949028,Pm-3n,0.041698340652171595,False,46,True,Sn46,0
Sn,mp-1022725,Fm-3m,0.23677220000000077,False,1,True,Sn1,0
Sn,mp-1056308,Immm,0.06596810499999961,False,1,True,Sn1,0
Sn,mp-1179414,Immm,0.09648671749999949,False,8,True,Sn8,0
Sn(SO4)2,mp-759223,Pbca,0.0,True,88,True,Sn8 S16 O64,0
Sn2Au,mp-1462,Pbca,0.00021170416666649317,False,24,False,Sn16 Au8,2
Sn2S3,mp-1509,Pnma,0.0,True,20,False,Sn8 S12,6
Sn4Au,mp-1393,Ccce,0.07716986600000197,False,10,False,Sn8 Au2,2
SnAu,mp-1775,P6_3/mmc,0.0,True,4,False,Sn2 Au2,3
SnAu,mp-1147651,P2_13,0.14868538500000028,False,8,True,Sn4 Au4,0
SnBr2,mp-29862,Pnma,0.0,True,12,False,Sn4 Br8,2
SnBr2,mp-978985,P4_2/mnm,0.040465399999999985,False,6,True,Sn2 Br4,0
SnBr2,mp-1105170,P6_3/m,0.0019086244444448397,False,18,False,Sn6 Br12,1
SnBr2,mp-1272139,P-3m1,0.037404726666667276,False,3,True,Sn1 Br2,0
SnBr4,mp-23216,P2_1/c,0.0,True,20,False,Sn4 Br16,2
SnCl2,mp-29179,P2_1/c,0.0,True,24,False,Sn8 Cl16,1
SnCl2,mp-569152,Pnma,0.00045985916666557713,False,12,False,Sn4 Cl8,2
SnCl4,mp-29866,P2_1/c,0.0,True,20,False,Sn4 Cl16,1
SnF2,mp-2843,C2/c,0.0,True,24,False,Sn8 F16,3
SnF2,mp-7456,P2_12_12_1,0.005286595416667872,False,12,False,Sn4 F8,1
SnF2,mp-7457,P4_12_12,0.005851616250001079,False,12,False,Sn4 F8,1
SnI2,mp-27194,C2/m,0.0,True,9,False,Sn3 I6,1
SnI2,mp-978846,P4_2/mnm,0.02481924444443928,False,6,True,Sn2 I4,0
SnI4,mp-23182,Pa-3,0.0,True,40,False,Sn8 I32,6
SnI4,mp-571436,P-43m,0.02799583925000171,False,5,False,Sn1 I4,1
SnO,mp-2097,P4/nmm,0.0,True,4,False,Sn2 O2,5
SnO,mp-545552,Pmn2_1,0.07143616499999972,False,4,False,Sn2 O2,1
SnO,mp-545820,Cmce,0.0008266587500003197,False,8,True,Sn4 O4,0
SnO,mp-999142,P4/nmm,0.4454948475,False,4,True,Sn2 O2,1
SnO,mp-1065811,P4/mmm,0.4444397775000004,False,2,True,Sn1 O1,0
SnO,mp-1078644,Cmc2_1,0.12544961249999975,False,8,False,Sn4 O4,1
SnO,mp-1245076,P1,0.18973529299999914,False,80,True,Sn40 O40,0
SnO,mp-1245115,P1,0.2249947638749994,False,80,True,Sn40 O40,0
SnO,mp-1245133,P1,0.23882966487499946,False,80,True,Sn40 O40,0
SnO,mp-1245329,P1,0.1973104661249998,False,80,True,Sn40 O40,0
SnO2,mp-697,Pa-3,0.10055290916666682,False,12,False,Sn4 O8,7
SnO2,mp-856,P4_2/mnm,0.0,True,6,False,Sn2 O4,42
SnO2,mp-12978,Pbcn,0.01697146833333285,False,12,True,Sn4 O8,3
SnO2,mp-12979,Fm-3m,0.24565806333333384,False,3,True,Sn1 O2,4
SnO2,mp-550172,Pnnm,0.0022508566666674668,False,6,False,Sn2 O4,3
SnO2,mp-555487,Pbcn,0.011379991388888122,False,36,False,Sn12 O24,1
SnO2,mp-560417,Pbca,0.1341012012500009,False,24,True,Sn8 O16,5
SnO2,mp-562610,Pnma,0.2864180599999999,False,12,True,Sn4 O8,5
SnO2,mp-755071,I4_1/amd,0.08744720333333333,False,6,True,Sn2 O4,0
SnO2,mp-1041584,Imma,0.0003643058333340221,False,12,True,Sn4 O8,0
SnO2,mp-1041984,P6_3/mmc,0.16202648666666697,False,6,True,Sn2 O4,0
SnO2,mp-1044721,R3m,0.1574258041666674,False,12,True,Sn4 O8,0
SnO2,mp-1047381,Cmcm,0.30487844833333355,False,12,True,Sn4 O8,0
SnO2,mp-1244894,P1,0.7819318761764711,False,102,True,Sn34 O68,0
SnO2,mp-1244935,P1,0.6843623856666667,False,90,True,Sn30 O60,0
SnO2,mp-1244941,P1,0.7444118906862744,False,102,True,Sn34 O68,0
SnO2,mp-1245027,P1,0.6414146706666664,False,90,True,Sn30 O60,0
SnO2,mp-1245116,P1,0.6652319134444449,False,90,True,Sn30 O60,0
SnO2,mp-1245126,P1,0.7333367874509813,False,102,True,Sn34 O68,0
SnO2,mp-1245178,P1,0.27420090299999966,False,90,True,Sn30 O60,0
SnO2,mp-1245203,P1,0.6490582484444456,False,90,True,Sn30 O60,0
SnO2,mp-1245282,P1,0.5030360640196081,False,102,True,Sn34 O68,0
SnO2,mp-1352191,Cm,0.22290935104166643,False,48,True,Sn16 O32,0
SnO2,mp-1356217,P3m1,0.2981138444444449,False,36,True,Sn12 O24,0
SnO2,mp-1359814,P3m1,0.2565594408333336,False,36,True,Sn12 O24,0
SnO2,mp-1374892,Pnma,0.08549872375000067,False,24,True,Sn8 O16,0
SnO2,mp-1384340,I4/m,0.06859096666666709,False,12,True,Sn4 O8,0
SnO2,mp-1390618,R-3m,0.15327647333333339,False,3,True,Sn1 O2,0
SnO2,mp-1392145,P6_3/mmc,1.8530803466666663,False,6,True,Sn2 O4,0
SnO2,mp-1401382,Fd-3m,0.19147152166666714,False,12,True,Sn4 O8,0
SnS,mp-1379,Cmcm,0.07615808625000042,False,4,False,Sn2 S2,2
SnS,mp-1876,Fm-3m,0.0916259837499993,False,2,False,Sn1 S1,2
SnS,mp-2231,Pnma,0.0,True,8,False,Sn4 S4,19
SnS,mp-8781,Aem2,0.07821957875000152,False,4,False,Sn2 S2,2
SnS,mp-10013,F-43m,0.27838637125000076,False,2,False,Sn1 S1,1
SnS,mp-554134,Aem2,0.07869257624999904,False,4,False,Sn2 S2,1
SnS,mp-559676,Cmcm,0.028504053749998093,False,4,False,Sn2 S2,2
SnS,mp-727322,P-1,0.08517406874999978,False,4,False,Sn2 S2,1
SnS2,mp-1170,P-3m1,0.0,True,3,False,Sn1 S2,25
SnS2,mp-9984,P6_3mc,0.00030166500000028407,False,6,False,Sn2 S4,1
SnS2,mp-1002063,I-42d,0.07665884333333395,False,6,True,Sn2 S4,0
SnS2,mp-1095397,Fd-3m,0.0032224066666692863,False,12,False,Sn4 S8,1
SnSO4,mp-542967,Pnma,0.002477539166665821,False,24,False,Sn4 S4 O16,4
SnSO4,mp-645709,P2_1/c,0.0067743091666647715,False,24,False,Sn4 S4 O16,1
SnSO4,mp-645740,P-1,0.026611056666665966,False,24,False,Sn4 S4 O16,1
SnSO4,mp-645774,P-1,0.0047533566666659866,False,24,False,Sn4 S4 O16,1
SnSe,mp-691,Pnma,0.0,True,8,False,Sn4 Se4,32
SnSe,mp-2168,Cmcm,0.02414671374999955,False,4,False,Sn2 Se2,11
SnSe,mp-2693,Fm-3m,0.04118599874999873,False,2,False,Sn1 Se1,2
SnSe,mp-8936,P4/nmm,0.08763922374999922,False,4,False,Sn2 Se2,1
SnSe,mp-628773,Cmcm,0.07587804124999664,False,4,True,Sn2 Se2,0
SnSe,mp-1179336,Pnma,0.011674828749999477,False,8,True,Sn4 Se4,0
SnSe,mp-1205370,Pmmn,0.3002342387499972,False,8,False,Sn4 Se4,1
SnSe,mp-1205455,Cmcm,0.6337524912500001,False,8,False,Sn4 Se4,1
SnSe2,mp-665,P-3m1,0.0,True,3,False,Sn1 Se2,6
SnTe,mp-1481,Pm-3m,0.22759072499999888,False,2,False,Sn1 Te1,2
SnTe,mp-1883,Fm-3m,0.0,True,2,False,Sn1 Te1,23
SnTe,mp-16364,F-43m,0.2524984349999997,False,2,False,Sn1 Te1,1
Sr,mp-76,Fm-3m,0.044811709999999394,False,1,False,Sr1,5
Sr,mp-95,Im-3m,0.061362349999999566,False,1,False,Sr1,4
Sr,mp-139,P6_3/mmc,0.0,True,2,False,Sr2,3
Sr,mp-10617,I4_1/amd,0.25864887833333405,False,2,False,Sr2,2
Sr,mp-19858,P6/mmm,0.23638998333333383,False,6,False,Sr6,4
Sr,mp-567826,I4/mcm,0.18178500749999849,False,4,False,Sr4,1
Sr,mp-639774,Pm-3m,0.3970542633333345,False,2,True,Sr2,0
Sr,mp-867202,P6_3/mmc,0.02695565249999987,False,4,True,Sr4,0
Sr,mp-1056418,P6/mmm,1.3997281333333333,False,1,False,Sr1,3
Sr,mp-1179325,P4/mmm,0.3997205033333344,False,1,True,Sr1,0
Sr,mp-1187073,R-3m,0.0029346366666676005,False,3,True,Sr3,0
Sr(HO)2,mp-27425,Pnma,0.0,True,20,False,Sr4 H8 O8,3
Sr(HO)2,mp-625184,Pmc2_1,0.0016603344999985836,False,20,True,Sr4 H8 O8,0
Sr2SiO4,mp-17825,Pnma,0.006158313214282174,False,28,False,Sr8 Si4 O16,1
Sr2SiO4,mp-18510,P2_1/c,0.0,True,28,False,Sr8 Si4 O16,1
Sr2TiO4,mp-5532,I4/mmm,0.0,True,7,False,Sr2 Ti1 O4,9
Sr3(AsO4)2,mp-755082,R-3m,0.0,True,13,True,Sr3 As2 O8,0
Sr3(AsO4)2,mp-755771,P2_1/c,0.07342295423076983,False,26,True,Sr6 As4 O16,0
Sr3(AsO4)2,mp-771216,P2_1/c,0.0633500248076917,False,52,True,Sr12 As8 O32,0
Sr3(AsO4)2,mp-771256,P2_1/c,0.0020357138461539748,False,52,True,Sr12 As8 O32,0
Sr3N2,mp-986716,Ia-3,0.031059600000000742,False,40,True,Sr24 N16,0
Sr3N2,mp-1013529,Pm-3m,0.5582295490000018,False,5,True,Sr3 N2,0
Sr4Ti3O10,mp-31213,I4/mmm,0.001254131176450457,False,17,False,Sr4 Ti3 O10,1
SrAl2O4,mp-3094,P2_1,0.0,True,28,False,Sr4 Al8 O16,5
SrAl2O4,mp-5492,P6_3,0.005956748690476132,False,42,False,Sr6 Al12 O24,3
SrAl2O4,mp-36775,P6_122,0.011835552261905136,False,42,True,Sr6 Al12 O24,0
SrAl2O4,mp-1218520,C2,0.014334559642858125,False,14,True,Sr2 Al4 O8,0
SrBr2,mp-32711,P4/n,0.0,True,30,False,Sr10 Br20,3
SrBr2,mp-567744,Pnma,0.0012161111666664226,False,12,False,Sr4 Br8,1
SrBr2,mp-1187158,P4_2/mnm,0.030541065333332007,False,6,True,Sr2 Br4,0
SrC2,mp-2630,I4/mmm,0.0033057683333339583,False,3,False,Sr1 C2,6
SrC2,mp-10497,C2/c,0.0,True,6,False,Sr2 C4,1
SrC2,mp-1008776,R-3m,0.20150194296296142,False,3,True,Sr1 C2,1
SrC2,mp-1218401,R-3m,2.6539519962962963,False,3,True,Sr1 C2,0
SrCO3,mp-3822,Pnma,0.0,True,20,False,Sr4 C4 O12,5
SrCO3,mp-33746,C2/m,0.03615764550000655,False,10,True,Sr2 C2 O6,0
SrCO3,mp-38035,R-3c,0.023224607500006655,False,10,True,Sr2 C2 O6,0
SrCO3,mp-1218370,R32,0.03170497750000667,False,5,True,Sr1 C1 O3,0
SrCl2,mp-23209,Fm-3m,0.0,True,3,False,Sr1 Cl2,3
SrF2,mp-981,Fm-3m,0.0,True,3,False,Sr1 F2,8
SrF2,mp-1019258,P6_3/mmc,0.17096475333333316,False,6,False,Sr2 F4,2
SrF2,mp-1102240,Pnma,0.06457278833333291,False,12,False,Sr4 F8,1
SrF2,mp-1102911,Pnma,0.02665916666666579,False,12,True,Sr4 F8,2
SrH2,mp-23714,Pnma,0.0,True,12,False,Sr4 H8,4
SrH2,mp-23759,P6_3/mmc,0.04591648916666635,False,6,False,Sr2 H4,7
SrH2,mp-1179094,Cmcm,0.04413269916666618,False,6,False,Sr2 H4,1
SrHfO3,mp-3378,Pnma,0.0,True,20,False,Sr4 Hf4 O12,9
SrHfO3,mp-3721,I4/mcm,0.004090566999998657,False,10,False,Sr2 Hf2 O6,3
SrHfO3,mp-4551,Pm-3m,0.03295755899999975,False,5,False,Sr1 Hf1 O3,5
SrHfO3,mp-4673,Cmcm,0.0037482720000010517,False,20,False,Sr4 Hf4 O12,3
SrHfO3,mp-13108,P4mm,0.0328964169999999,False,5,True,Sr1 Hf1 O3,1
SrHfO3,mp-13109,Imma,0.0019199860000007618,False,10,True,Sr2 Hf2 O6,1
SrHfO3,mp-550908,P4/mbm,0.011285950000001321,False,10,True,Sr2 Hf2 O6,1
SrI2,mp-23181,Pbca,0.00957660791667081,False,24,False,Sr8 I16,4
SrI2,mp-568284,Pnma,0.0,True,12,False,Sr4 I8,1
SrI2,mp-1187178,P4_2/mnm,0.020952065000003017,False,6,True,Sr2 I4,0
SrMoO4,mp-18834,I4_1/a,0.0,True,12,False,Sr2 Mo2 O8,14
SrMoO4,mp-1179149,C2/c,0.0009096275000004539,False,12,False,Sr2 Mo2 O8,1
SrO,mp-2472,Fm-3m,0.0,True,2,False,Sr1 O1,12
SrO,mp-754282,P6_3/mmc,0.09260482999999908,False,4,True,Sr2 O2,0
SrO,mp-754824,P6_3/mmc,0.08798647749999944,False,4,True,Sr2 O2,0
SrO,mp-1009819,Pm-3m,0.4153788699999996,False,2,True,Sr1 O1,3
SrO2,mp-2697,I4/mmm,0.0,True,3,False,Sr1 O2,2
SrO2,mp-726705,Pnma,0.009602360833331325,False,12,False,Sr4 O8,2
SrO2,mp-1545805,Pnma,0.010419155833335303,False,12,True,Sr4 O8,0
SrO2,mp-2763179,Pnma,0.011030372499999608,False,12,True,Sr4 O8,0
SrS,mp-1087,Fm-3m,0.0,True,2,False,Sr1 S1,17
SrS,mp-10627,Pm-3m,0.2996298049999986,False,2,False,Sr1 S1,2
SrSO4,mp-5285,Pnma,0.0,True,24,False,Sr4 S4 O16,10
SrSO4,mp-7811,F-43m,0.21705138624999964,False,6,False,Sr1 S1 O4,1
SrSO4,mp-1192310,Pnma,0.02651074125000008,False,24,True,Sr4 S4 O16,0
SrSiO3,mp-3978,C2/c,0.0,True,30,False,Sr6 Si6 O18,3
SrSiO3,mp-18313,P-1,0.01701943633333336,False,30,False,Sr6 Si6 O18,1
SrSiO3,mp-561547,P2_1/c,0.036027445500000255,False,40,False,Sr8 Si8 O24,1
SrSiO3,mp-1017439,Pm-3m,0.32427592999999977,False,5,False,Sr1 Si1 O3,1
SrSiO3,mp-1173151,Pc,0.9030404455000003,False,20,True,Sr4 Si4 O12,0
SrSiO3,mp-aaaieitl,R-3,0.3800162260000013,False,10,True,Sr2 Si2 O6,0
SrTiO3,mp-4651,I4/mcm,0.0,True,10,True,Sr2 Ti2 O6,2
SrTiO3,mp-5229,Pm-3m,0.00047005399999910935,False,5,False,Sr1 Ti1 O3,35
SrTiO3,mp-551830,I4/mcm,8.474800000080052e-05,False,10,True,Sr2 Ti2 O6,0
SrTiO3,mp-776018,P6_3/mmc,0.039102471333333,False,30,True,Sr6 Ti6 O18,0
SrTiO3,mp-aaaieiuj,R-3,0.1297235489999995,False,10,True,Sr2 Ti2 O6,0
SrWO4,mp-19163,I4_1/a,0.0,True,12,False,Sr2 W2 O8,10
SrZrO3,mp-3323,Pm-3m,0.0549089115000001,False,5,False,Sr1 Zr1 O3,10
SrZrO3,mp-3626,Cmcm,0.007183756499999916,False,20,False,Sr4 Zr4 O12,2
SrZrO3,mp-4387,Pnma,0.0,True,20,False,Sr4 Zr4 O12,6
SrZrO3,mp-5076,I4/mcm,0.009295327000000242,False,10,False,Sr2 Zr2 O6,10
SrZrO3,mp-557203,P2_13,0.05472995925000035,False,40,False,Sr8 Zr8 O24,1
SrZrO3,mp-613402,Pm-3m,2.5172406795000004,False,5,False,Sr1 Zr1 O3,1
SrZrO3,mp-1020622,P4/mbm,0.017242587000000142,False,10,True,Sr2 Zr2 O6,1
SrZrO3,mp-1068742,P4mm,0.048340725500001014,False,5,True,Sr1 Zr1 O3,1
SrZrO3,mp-1080575,Imma,0.004592438999999615,False,10,True,Sr2 Zr2 O6,1
SrZrO3,mp-aaaieivn,R-3,0.07124196500000046,False,10,True,Sr2 Zr2 O6,0
Ta,mp-42,P-42_1m,7.669666665321984e-06,False,30,False,Ta30,5
Ta,mp-50,Im-3m,0.009149912666664761,False,1,False,Ta1,11
Ta,mp-6986,Fm-3m,0.2448808299999996,False,1,False,Ta1,2
Ta,mp-569794,P4_2/mnm,0.0,True,30,False,Ta30,2
Ta,mp-697196,P4_2/mnm,1.2112375200000116,False,22,True,Ta22,0
Ta,mp-1076923,P4/mbm,5.146382562500001,False,4,False,Ta4,1
Ta,mp-1095086,P6_322,1.3293143162499987,False,8,False,Ta8,1
Ta,mp-1217756,Pm-3m,1.0991434800000022,False,4,True,Ta4,0
Ta,mp-1217805,Cmmm,5.145464995000005,False,2,True,Ta2,0
Ta,mp-2647044,P6_3/mmc,0.28514745000000374,False,2,True,Ta2,0
Ta2C,mp-7088,P-3m1,0.0,True,3,False,Ta2 C1,2
Ta2C,mp-1217774,P6/mmm,2.322597976666671,False,3,True,Ta2 C1,0
Ta2Cl5,mp-23274,Ia-3d,0.0,True,168,False,Ta48 Cl120,2
Ta2N,mp-10196,P-3m1,0.113252150000001,False,3,False,Ta2 N1,2
Ta2N,mp-1079438,P-31m,0.0,True,9,False,Ta6 N3,2
Ta2O5,mp-10390,C2/c,0.0,True,14,False,Ta4 O10,3
Ta2O5,mp-554867,Pmmm,0.33225909142857013,False,7,False,Ta2 O5,2
Ta2O5,mp-624688,C2,0.41728983428571276,False,7,False,Ta2 O5,1
Ta2O5,mp-676422,Cm,0.32404830999999845,False,7,True,Ta2 O5,0
Ta2O5,mp-684897,P1,0.07915488999999987,False,21,True,Ta6 O15,0
Ta2O5,mp-780772,Cm,0.057661953095237806,False,21,True,Ta6 O15,0
Ta2O5,mp-1043362,Cmcm,0.22704038714285701,False,14,True,Ta4 O10,0
Ta2O5,mp-1104837,Pmma,0.05809587714285769,False,14,True,Ta4 O10,0
Ta2O5,mp-1179062,C2,0.10495908428571354,False,7,True,Ta2 O5,0
Ta2O5,mp-1218001,I4/mmm,0.12368325428571225,False,7,True,Ta2 O5,0
Ta2O5,mp-1218141,P1,0.1552107171428574,False,7,True,Ta2 O5,0
Ta2O5,mp-1218160,C2/m,0.17327177571428543,False,21,True,Ta6 O15,0
Ta2O5,mp-1218194,C2,0.06162584999999865,False,21,True,Ta6 O15,0
Ta2O5,mp-1218312,Pm,0.052022642727273194,False,77,True,Ta22 O55,0
Ta2O5,mp-1238961,P2/m,0.01392719357142802,False,7,True,Ta2 O5,0
Ta2O5,mp-1245264,P1,0.20117252190476087,False,105,True,Ta30 O75,0
Ta2O5,mp-1245285,P1,0.17927416961904719,False,105,True,Ta30 O75,0
Ta2O5,mp-1245299,P1,0.18276826047618933,False,105,True,Ta30 O75,0
Ta2O5,mp-1372329,P1,2.9672127261904766,False,21,True,Ta6 O15,0
Ta2O5,mp-1392387,Pmmn,0.01471408214285752,False,14,True,Ta4 O10,0
Ta2O5,mp-1405465,Pbam,0.09110151285714352,False,14,True,Ta4 O10,0
Ta2O5,mp-1539317,Pmmn,0.013605430714287436,False,14,True,Ta4 O10,0
Ta2O5,mp-1974719,C2/m,0.15588251357142902,False,7,True,Ta2 O5,0
Ta2O5,mp-1974734,Pbam,0.11646023714285647,False,14,True,Ta4 O10,0
Ta2Si,mp-2783,I4/mcm,0.0,True,6,False,Ta4 Si2,3
Ta5Si3,mp-1989,I4/mcm,0.0,True,16,False,Ta10 Si6,4
Ta5Si3,mp-10203,P6_3/mcm,0.11418724312499506,False,16,False,Ta10 Si6,3
Ta5Si3,mp-570287,I4/mcm,0.05680052125000401,False,16,False,Ta10 Si6,3
TaB2,mp-1108,P6/mmm,0.0,True,3,False,Ta1 B2,16
TaBr5,mp-568846,Pnma,0.0,True,48,False,Ta8 Br40,1
TaBr5,mp-1203015,C2/m,0.00018329256944493721,False,36,False,Ta6 Br30,1
TaC,mp-1086,Fm-3m,0.0,True,2,False,Ta1 C1,37
TaC,mp-1009817,P-6m2,0.41246863499999975,False,2,True,Ta1 C1,1
TaC,mp-1009832,F-43m,0.5182955350000036,False,2,True,Ta1 C1,1
TaC,mp-1009835,Pm-3m,1.0325644500000024,False,2,True,Ta1 C1,1
TaCl3,mp-727406,Fd-3m,0.12349492741666701,False,48,False,Ta12 Cl36,1
TaCl3O,mp-1208583,P4_2/mnm,0.35843435600000273,False,20,True,Ta4 Cl12 O4,0
TaCl4,mp-29465,C2/m,0.02510799429999988,False,10,False,Ta2 Cl8,1
TaCl5,mp-29831,C2/m,0.0,True,36,False,Ta6 Cl30,1
TaCr2,mp-2385,Fd-3m,0.05987628922222399,False,6,False,Ta2 Cr4,6
TaCr2,mp-570963,P6_3/mmc,0.07452002505555555,False,12,False,Ta4 Cr8,3
TaF5,mp-561197,C2/m,0.0,True,24,False,Ta4 F20,1
TaF5,mp-1047356,Cmcm,0.2611349966666685,False,12,True,Ta2 F10,0
TaF5,mp-1339908,P2_1/c,0.07543845291666784,False,24,True,Ta4 F20,0
TaF5,mp-1393434,P-1,1.7594168175000027,False,12,True,Ta2 F10,0
TaF5,mp-1400588,Immm,0.35715508166666865,False,6,True,Ta1 F5,0
TaF5,mp-1830474,P-1,0.07692538500000179,False,12,True,Ta2 F10,0
TaFe2,mp-568077,P6_3/mmc,0.0,True,12,False,Ta4 Fe8,9
TaI5,mp-570679,Pnma,0.0,True,48,False,Ta8 I40,1
TaN,mp-251,Fm-3m,0.32894977333333486,False,2,False,Ta1 N1,13
TaN,mp-1279,P-62m,0.0,True,6,False,Ta3 N3,6
TaN,mp-1459,P-6m2,0.020641824999998448,False,2,False,Ta1 N1,6
TaN,mp-1497,P6/mmm,0.4515790083333364,False,6,False,Ta3 N3,4
TaN,mp-570454,P6/mmm,1.3071597399999995,False,6,False,Ta3 N3,1
TaN,mp-570604,P6_3/mmc,0.2424908083333328,False,4,False,Ta2 N2,2
TaN,mp-1009831,Pm-3m,0.8162796533333321,False,2,True,Ta1 N1,1
TaN,mp-1009833,F-43m,0.49169759333333474,False,2,True,Ta1 N1,1
TaN,mp-1244870,P1,0.4633129509333287,False,100,True,Ta50 N50,0
TaN,mp-1244946,P1,0.5187522014333332,False,100,True,Ta50 N50,0
TaN,mp-1244977,P1,0.5043980246333319,False,100,True,Ta50 N50,0
TaN,mp-1245149,P1,0.5014809898333326,False,100,True,Ta50 N50,0
TaN,mp-1245175,P1,0.5160936390333326,False,100,True,Ta50 N50,0
TaS2,mp-1411,Fmm2,0.013469236666665552,False,3,False,Ta1 S2,8
TaS2,mp-1690,P-3m1,0.016096433333331106,False,3,False,Ta1 S2,5
TaS2,mp-1984,P6_3/mmc,0.0009596616666645019,False,6,False,Ta2 S4,6
TaS2,mp-10014,R3m,0.0,True,3,False,Ta1 S2,2
TaS2,mp-16226,R3m,0.0024364383333335127,False,6,False,Ta2 S4,1
TaS2,mp-555037,R-3m,0.01776825999999687,False,3,False,Ta1 S2,1
TaS2,mp-755523,R-3m,0.01669282166666619,False,6,False,Ta2 S4,1
TaS2,mp-1072086,P6_3/mmc,0.016381053333333284,False,6,False,Ta2 S4,1
TaS2,mp-1179413,P6/mmm,1.604501544999998,False,3,True,Ta1 S2,0
TaS2,mp-1217915,Cmcm,0.01753310333332969,False,6,True,Ta2 S4,0
TaSi2,mp-517,P6_222,5.754444440952966e-06,False,9,False,Ta3 Si6,10
TaSi2,mp-11192,P6_422,0.0,True,9,False,Ta3 Si6,1
Tb,mp-18,P6_3/mmc,0.0,True,2,False,Tb2,5
Tb,mp-7163,Fm-3m,0.03153014999999826,False,1,False,Tb1,1
Tb,mp-11446,Im-3m,0.12420621999999781,False,1,False,Tb1,1
Tb,mp-11698,R-3m,0.003497523333333419,False,3,False,Tb3,3
Tb,mp-571249,P6_3/mmc,0.0015717250000015781,False,6,False,Tb6,1
Tb2O3,mp-1056,Ia-3,0.0,True,40,False,Tb16 O24,5
Tb2O3,mp-2457,C2/m,0.02493232233333309,False,15,False,Tb6 O9,2
Tb2O3,mp-13063,P-3m1,0.03920931099999869,False,5,True,Tb2 O3,1
Tb2O3,mp-32927,Pn-3m,0.4803517437500009,False,10,True,Tb4 O6,0
Tb2O3,mp-1217673,P-4m2,0.24456095975000203,False,5,True,Tb2 O3,0
TbCl3,mp-23293,Cmcm,0.0,True,8,False,Tb2 Cl6,5
TbCl3,mp-568170,P6_3/m,0.007308905000000365,False,8,False,Tb2 Cl6,1
TbCl3,mp-570232,P4_2/mnm,0.016494364374999293,False,16,False,Tb4 Cl12,1
TbO2,mp-2458,Fm-3m,0.1313572956250013,False,3,False,Tb1 O2,3
Tc,mp-113,P6_3/mmc,0.0,True,2,False,Tc2,7
Tc,mp-8638,Fm-3m,0.07344225000000293,False,1,True,Tc1,1
Tc,mp-867351,P6_3/mmc,0.004149037499999508,False,4,True,Tc4,0
Tc2O7,mp-27485,Pbca,0.0,True,36,False,Tc8 O28,1
TcO2,mp-33137,P2_1/c,0.0,True,12,False,Tc4 O8,2
TcO2,mp-1205302,P4_2/mnm,0.07857578833333356,False,6,True,Tc2 O4,1
Te,mp-19,P3_121,0.0,True,3,False,Te3,20
Te,mp-105,Pmma,0.07849671499999644,False,4,True,Te4,0
Te,mp-9924,Cmmm,0.12740670333333526,False,2,True,Te2,0
Te,mp-10654,Pm-3m,0.04655158333333276,False,4,True,Te4,0
Te,mp-567313,P3_221,0.0009816100000001882,False,3,True,Te3,1
Te,mp-570459,C2/m,0.07254629999999906,False,3,False,Te3,1
Te,mp-1064307,P2_12_12,0.0958017474999977,False,4,True,Te4,0
Te,mp-1178932,R-3m,0.05409545333333554,False,2,True,Te2,0
Te,mp-1178952,Pmc2_1,0.04913567833333232,False,4,True,Te4,0
Te2Au,mp-1662,P-3m1,0.018199156249998794,False,12,False,Te8 Au4,5
Te2Au,mp-20123,Pma2,0.0,True,24,False,Te16 Au8,2
Te2Au,mp-567525,C2/m,0.027432493333336083,False,3,False,Te2 Au1,18
Te2Au,mp-571547,Pc,0.009720004583329,False,12,False,Te8 Au4,1
Te2Au,mp-2022276,P2/c,0.0036796791666660056,False,12,True,Te8 Au4,0
Te3As2,mp-484,C2/m,0.0,True,10,False,Te6 As4,4
Te3As2,mp-9897,R-3m,0.009403691999999353,False,40,False,Te24 As16,2
Te3As2,mp-1195735,P2_1/m,0.012624892750000782,False,40,False,Te24 As16,1
TeBr4,mp-1208424,C2/c,0.0,True,40,True,Te8 Br32,0
TeCl4,mp-569561,C2/c,0.0,True,40,False,Te8 Cl32,2
TeO2,mp-557,P4_12_12,0.0004988908333318776,False,12,False,Te4 O8,10
TeO2,mp-2125,Pbca,0.00035735458333086,False,24,False,Te8 O16,2
TeO2,mp-2237,P4_2/mnm,0.22551471833333103,False,6,False,Te2 O4,3
TeO2,mp-2739,P4_32_12,0.0005973924999977953,False,12,False,Te4 O8,3
TeO2,mp-8377,P2_12_12_1,0.0,True,12,False,Te4 O8,2
TeO2,mp-561224,P2_12_12_1,0.0008392999999973227,False,12,False,Te4 O8,1
TeO2,mp-1077823,Cmcm,0.6345713016666652,False,6,True,Te2 O4,1
TeO2,mp-1102087,Pnma,0.118599859999998,False,12,True,Te4 O8,1
TeO2,mp-1103475,P2_1/m,0.1646306608333319,False,12,True,Te4 O8,1
TeO2,mp-1190021,P-1,0.02684457444444277,False,18,True,Te6 O12,1
TePb,mp-19717,Fm-3m,0.0,True,2,False,Te1 Pb1,50
TePb,mp-20943,Pm-3m,0.22790395499999505,False,2,False,Te1 Pb1,4
TePb,mp-685022,Pnma,0.05491841249999396,False,8,False,Te4 Pb4,1
TePb,mp-1079574,Pnma,0.05548009874999593,False,8,False,Te4 Pb4,2
TePb,mp-2517816,P6_3/mmc,0.03559258499999629,False,8,True,Te4 Pb4,0
TePd,mp-564,P6_3/mmc,0.0,True,4,False,Te2 Pd2,5
Th,mp-37,Fm-3m,0.0,True,1,False,Th1,8
Th,mp-11343,Im-3m,0.15152667000000974,False,1,False,Th1,1
Th(SO4)2,mp-1202893,Pbca,0.0,True,88,False,Th8 S16 O64,1
Th2N2O,mp-1206128,P-3m1,0.16391345099999555,False,5,True,Th2 N2 O1,0
Th2S3,mp-20163,Pnma,0.0010413760000034245,False,20,False,Th8 S12,2
Th3N4,mp-467,R-3m,0.0,True,7,False,Th3 N4,5
Th3P4,mp-1347,I-43d,0.0,True,14,False,Th6 P8,3
Th3Si2,mp-20617,P4/mbm,1.1337224950000007,False,10,False,Th6 Si4,1
Th3Si2,mp-1079146,P4/mbm,0.0,True,10,False,Th6 Si4,2
ThAl3,mp-1306,P6_3/mmc,0.0,True,8,False,Th2 Al6,4
ThBr4,mp-23160,I4_1/amd,0.009874311000004354,False,10,False,Th2 Br8,6
ThBr4,mp-570229,I4_1/a,0.0,True,10,False,Th2 Br8,1
ThCl4,mp-23215,I4_1/amd,0.010386849999999725,False,10,False,Th2 Cl8,3
ThCl4,mp-567431,I4_1/a,0.0,True,10,False,Th2 Cl8,1
ThF4,mp-31034,C2/c,0.0,True,30,False,Th6 F24,1
ThF4,mp-862671,C2/c,0.09458646899999756,False,30,True,Th6 F24,0
ThH2,mp-24291,I4/mmm,0.0,True,3,False,Th1 H2,4
ThH2,mp-1008734,Fm-3m,0.009469673333327933,False,3,True,Th1 H2,1
ThI4,mp-27697,P2_1/c,0.0,True,20,False,Th4 I16,1
ThMg2,mp-745,Fd-3m,0.027712816666669138,False,6,False,Th2 Mg4,2
ThMg2,mp-570571,P6_3/mmc,0.040943546250001184,False,24,False,Th8 Mg16,1
ThN,mp-834,Fm-3m,0.0,True,2,False,Th1 N1,24
ThO2,mp-643,Fm-3m,0.0,True,3,False,Th1 O2,19
ThO2,mp-1102569,Pnma,0.1497007274999973,False,12,False,Th4 O8,1
ThP,mp-931,Fm-3m,0.0,True,2,False,Th1 P1,6
ThRe2,mp-1659,P6_3/mmc,0.0,True,12,False,Th4 Re8,5
ThS,mp-503,Fm-3m,0.0,True,2,False,Th1 S1,5
ThS2,mp-1146,Pnma,0.0,True,12,False,Th4 S8,5
ThSi,mp-21238,Pnma,0.0,True,8,False,Th4 Si4,4
ThSi2,mp-2844,I4_1/amd,0.018352853333329477,False,6,False,Th2 Si4,4
ThSi2,mp-7497,P6/mmm,0.0,True,3,False,Th1 Si2,2
Ti,mp-46,P6_3/mmc,0.015169603333331949,False,2,False,Ti2,31
Ti,mp-72,P6/mmm,0.0,True,3,False,Ti3,2
Ti,mp-73,Im-3m,0.15142837333333148,False,1,False,Ti1,5
Ti,mp-6985,Fm-3m,0.0872652333333317,False,1,True,Ti1,2
Ti,mp-1238818,P-3m1,0.3103078066666658,False,6,True,Ti6,0
Ti,mp-1244924,P1,0.18328686316666598,False,100,True,Ti100,0
Ti,mp-1245006,P1,0.1413839838666675,False,100,True,Ti100,0
Ti,mp-1245164,P1,0.13833188526666618,False,100,True,Ti100,0
Ti,mp-1245170,P1,0.16961428866666672,False,100,True,Ti100,0
Ti,mp-1245320,P1,0.15510200356666637,False,100,True,Ti100,0
Ti(CoO2)2,mp-36765,Imma,0.009232247142854533,False,14,True,Ti2 Co4 O8,0
Ti(FeO2)2,mp-33684,Imma,0.020496222857142143,False,14,True,Ti2 Fe4 O8,0
Ti(FeO2)2,mp-531655,Cm,0.022275934464285996,False,56,True,Ti8 Fe16 O32,0
Ti(FeO2)2,mp-780585,C2/c,0.005839537499999992,False,28,True,Ti4 Fe8 O16,0
Ti(FeO2)2,mp-1193065,Pmma,0.1661524339285716,False,28,False,Ti4 Fe8 O16,1
Ti(FeO2)2,mp-1217399,Cmc2_1,0.07202296785714246,False,14,True,Ti2 Fe4 O8,0
Ti2Ni,mp-1808,Fd-3m,0.0,True,24,False,Ti16 Ni8,7
Ti2O3,mp-458,R-3c,0.0,True,10,False,Ti4 O6,20
Ti2O3,mp-776456,P2_1/m,0.047594817333333594,False,30,True,Ti12 O18,0
Ti2O3,mp-776655,P-31c,0.08461525250000079,False,20,True,Ti8 O12,0
Ti2O3,mp-1046793,Cmcm,0.12978890900000195,False,20,True,Ti8 O12,0
Ti2O3,mp-1101295,P2_1/m,0.11726125800000098,False,10,True,Ti4 O6,0
Ti2O3,mp-1179268,C2/c,0.37828709800000127,False,10,True,Ti4 O6,0
Ti2O3,mp-1188323,Pnma,0.001529219000000026,False,20,False,Ti8 O12,1
Ti3O5,mp-1147,C2/m,0.0021907462499992647,False,16,False,Ti6 O10,3
Ti3O5,mp-8057,Cmcm,0.0,True,16,False,Ti6 O10,2
Ti3O5,mp-556480,C2/m,0.008188011249998794,False,16,False,Ti6 O10,1
Ti3O5,mp-556754,C2/c,0.001519018749998935,False,16,False,Ti6 O10,3
Ti3O5,mp-1245031,P1,0.2126794617307688,False,104,True,Ti39 O65,0
Ti3O5,mp-1245051,P1,0.19498026134615287,False,104,True,Ti39 O65,0
Ti3O5,mp-1245086,P1,0.19619822750000004,False,104,True,Ti39 O65,0
Ti3O5,mp-1245135,P1,0.19723261076923038,False,104,True,Ti39 O65,0
Ti3O5,mp-1245292,P1,0.20142790413461498,False,104,True,Ti39 O65,0
Ti4O7,mp-12205,P-1,0.007957332499998415,False,44,False,Ti16 O28,11
Ti4O7,mp-778663,P-1,0.09385985681818099,False,44,True,Ti16 O28,0
Ti5Si3,mp-2108,P6_3/mcm,0.0,True,16,False,Ti10 Si6,6
TiAl,mp-1953,P4/mmm,0.0,True,2,False,Ti1 Al1,14
TiAl,mp-1061123,Pm-3m,0.14089630500000005,False,2,False,Ti1 Al1,3
TiAl,mp-1217008,P-6m2,0.15545930999999946,False,2,True,Ti1 Al1,0
TiAl2O5,mp-4930,Cmcm,0.01562817343749856,False,16,False,Ti2 Al4 O10,2
TiAl2O5,mp-1101043,Cmc2_1,0.027113133437499215,False,16,True,Ti2 Al4 O10,0
TiAl3,mp-542915,I4/mmm,0.0,True,4,False,Ti1 Al3,12
TiAl3,mp-998981,Pm-3m,0.023057415000000248,False,4,True,Ti1 Al3,1
TiAl3,mp-1217027,Pmm2,0.15520199499999876,False,4,True,Ti1 Al3,0
TiB,mp-7857,Pnma,0.0,True,8,False,Ti4 B4,4
TiB,mp-10143,F-43m,1.5527823012499997,False,2,False,Ti1 B1,1
TiB2,mp-1145,P6/mmm,0.0,True,3,False,Ti1 B2,16
TiBr2,mp-27785,P-3m1,0.07344290319444635,False,3,False,Ti1 Br2,1
TiBr3,mp-28214,P-1,0.0,True,8,False,Ti2 Br6,1
TiBr3,mp-571065,R-3,0.004856990000000394,False,8,False,Ti2 Br6,1
TiBr4,mp-27634,P2_1/c,0.00032362899999860417,False,20,False,Ti4 Br16,1
TiBr4,mp-569814,Pa-3,0.0,True,40,False,Ti8 Br32,1
TiC,mp-631,Fm-3m,0.0,True,2,False,Ti1 C1,37
TiCdO3,mp-5052,Pna2_1,0.03874457400000075,False,20,False,Ti4 Cd4 O12,3
TiCdO3,mp-13641,R-3,0.0,True,10,False,Ti2 Cd2 O6,3
TiCdO3,mp-14550,Pnma,0.04254262900000061,False,20,False,Ti4 Cd4 O12,2
TiCdO3,mp-20940,Pmc2_1,0.039568167499999696,False,20,False,Ti4 Cd4 O12,1
TiCdO3,mp-22345,Pm-3m,2.008286217,False,5,False,Ti1 Cd1 O3,1
TiCdO3,mp-1016846,Pm-3m,0.19823604300000053,False,5,True,Ti1 Cd1 O3,0
TiCdO3,mp-1101047,P1,1.1145351800000007,False,10,True,Ti2 Cd2 O6,0
TiCdO3,mp-1179263,Pmc2_1,0.22006614350000042,False,20,True,Ti4 Cd4 O12,0
TiCdO3,mp-1179551,P-1,0.16593305600000008,False,10,True,Ti2 Cd2 O6,0
TiCl2,mp-28116,P-3m1,0.05023911629629474,False,3,False,Ti1 Cl2,2
TiCl3,mp-23275,R-3,0.043871161249999346,False,8,False,Ti2 Cl6,3
TiCl3,mp-567330,P-31c,0.04408246937499882,False,16,False,Ti4 Cl12,1
TiCl3,mp-567354,P-31m,0.04442032499999904,False,8,False,Ti2 Cl6,1
TiCl3,mp-568230,P312,0.04357510749999882,False,24,True,Ti6 Cl18,0
TiCl3,mp-569756,P3_112,0.00012165333333236106,False,24,False,Ti6 Cl18,1
TiCl3,mp-571143,P6_3/mcm,0.016052324999998646,False,8,False,Ti2 Cl6,1
TiCl3,mp-571377,C2/m,0.04137889541666517,False,24,False,Ti6 Cl18,1
TiCl3,mp-571424,C2/c,0.00030608249999986015,False,16,False,Ti4 Cl12,1
TiCl3,mp-2017901,Cc,0.0,True,16,True,Ti4 Cl12,0
TiCl3,mp-2036706,C2/m,0.0023905724999995215,False,8,True,Ti2 Cl6,0
TiCl4,mp-30092,P2_1/c,0.0,True,20,False,Ti4 Cl16,1
TiCoO3,mp-19424,R-3,0.003154707999996731,False,10,False,Ti2 Co2 O6,3
TiCoO3,mp-1179381,P-1,0.12934219249999757,False,10,True,Ti2 Co2 O6,0
TiF3,mp-246,Pm-3m,0.0,True,8,False,Ti2 F6,1
TiF3,mp-562468,R-3c,0.002355126250000339,False,8,False,Ti2 F6,10
TiF3,mp-634867,C2/m,1.2667766975,False,4,True,Ti1 F3,0
TiF3,mp-1178963,R-3m,0.5961254050000004,False,4,True,Ti1 F3,0
TiF3,mp-1179375,C2/c,0.22884974750000087,False,8,True,Ti2 F6,0
TiF3,mp-2901880,R-3m,0.2458534312499996,False,4,True,Ti1 F3,0
TiF4,mp-28974,Pnma,0.0,True,60,False,Ti12 F48,1
TiF4,mp-1383199,P1,0.07489259699999984,False,10,True,Ti2 F8,0
TiFe,mp-305,Pm-3m,0.0,True,2,False,Ti1 Fe1,14
TiFe,mp-1216834,Cmmm,0.3071813349999992,False,2,True,Ti1 Fe1,0
TiFeO3,mp-19074,Cmcm,0.12311842599999956,False,10,True,Ti2 Fe2 O6,1
TiFeO3,mp-19270,R3c,0.03177374999999927,False,10,False,Ti2 Fe2 O6,2
TiFeO3,mp-19417,R-3,0.012041214999998218,False,10,False,Ti2 Fe2 O6,23
TiFeO3,mp-20073,Pnma,0.07182635300000051,False,20,True,Ti4 Fe4 O12,1
TiFeO3,mp-694948,P1,0.7153614753749995,False,80,True,Ti16 Fe16 O48,0
TiFeO3,mp-1179354,P-1,0.07524877899999893,False,10,True,Ti2 Fe2 O6,0
TiFeO3,mp-1277107,P-1,0.0,True,20,True,Ti4 Fe4 O12,0
TiH2,mp-24161,Fm-3m,0.0043394133333327645,False,3,False,Ti1 H2,14
TiH2,mp-24726,I4/mmm,0.0,True,3,False,Ti1 H2,9
TiH2,mp-1077353,P4_2/mnm,0.21860726166666655,False,6,True,Ti2 H4,1
TiH2,mp-1077482,P4/nmm,0.08593720999999999,False,6,True,Ti2 H4,1
TiI2,mp-1207060,P-3m1,0.10515892074074085,False,3,True,Ti1 I2,0
TiI3,mp-23223,P6_3/mcm,0.011040206249997908,False,8,False,Ti2 I6,4
TiI3,mp-23264,Pmmn,0.0,True,16,False,Ti4 I12,4
TiI4,mp-541013,C2/c,0.0,True,10,False,Ti2 I8,1
TiMn2O4,mp-530557,P1,0.07269689685715086,False,70,True,Ti10 Mn20 O40,0
TiMn2O4,mp-540763,P4_322,0.0154709414285783,False,28,False,Ti4 Mn8 O16,1
TiMnO3,mp-19082,R-3,0.0,True,10,False,Ti2 Mn2 O6,5
TiMnO3,mp-19376,R3c,0.036319112499999306,False,10,False,Ti2 Mn2 O6,3
TiMnO3,mp-556925,Pnma,0.05998980200000048,False,20,False,Ti4 Mn4 O12,2
TiMnO3,mp-697089,P-1,0.8632776140000011,False,10,True,Ti2 Mn2 O6,0
TiMnO3,mp-743867,P-1,0.20041239499999897,False,10,True,Ti2 Mn2 O6,0
TiMnO3,mp-2234285,C2/m,0.19947064199999964,False,10,True,Ti2 Mn2 O6,0
TiN,mp-492,Fm-3m,0.0,True,2,False,Ti1 N1,34
TiN,mp-33046,R3m,0.07448175613636465,False,44,True,Ti22 N22,0
TiN,mp-998903,Pm-3m,0.8902708449999999,False,2,True,Ti1 N1,3
TiN,mp-998908,F-43m,0.3018746200000013,False,2,True,Ti1 N1,2
TiNi,mp-571,Pm-3m,0.048494374999999756,False,2,False,Ti1 Ni1,20
TiNi,mp-597,P31m,0.022700761666666125,False,18,True,Ti9 Ni9,2
TiNi,mp-1048,P2_1/m,0.0,True,4,False,Ti2 Ni2,21
TiNi,mp-2716,P-3,0.02476340944444555,False,18,False,Ti9 Ni9,8
TiNi,mp-603347,Pmma,0.017404175000000244,False,4,True,Ti2 Ni2,2
TiNi,mp-640189,P-1,0.01896827916666677,False,12,False,Ti6 Ni6,1
TiNi,mp-998945,P4/mmm,0.06664096999999991,False,2,True,Ti1 Ni1,0
TiNi,mp-1067248,Cmcm,0.0020067824999996375,False,4,True,Ti2 Ni2,1
TiNi,mp-1067475,P4/nmm,0.07174623499999999,False,4,True,Ti2 Ni2,0
TiNi,mp-1179013,P2_1/m,0.010050409999999843,False,4,False,Ti2 Ni2,20
TiNi,mp-1189328,P3,0.022365216111110975,False,18,False,Ti9 Ni9,4
TiNi,mp-1190013,I4/mmm,0.03457125624999957,False,16,False,Ti8 Ni8,1
TiNi,mp-1216890,P6mm,0.2964604583333337,False,6,True,Ti3 Ni3,0
TiNi3,mp-1409,P6_3/mmc,0.0,True,16,False,Ti4 Ni12,7
TiNiO3,mp-18732,R-3,0.0,True,10,False,Ti2 Ni2 O6,6
TiNiO3,mp-531689,P1,0.01594010916666555,False,60,True,Ti12 Ni12 O36,0
TiNiO3,mp-675030,P1,0.020319030499999613,False,40,True,Ti8 Ni8 O24,0
TiNiO3,mp-690546,P1,0.018407698333332334,False,30,True,Ti6 Ni6 O18,0
TiNiO3,mp-698587,P1,0.020012813999999324,False,50,True,Ti10 Ni10 O30,0
TiNiO3,mp-850194,R3c,0.013952144999999305,False,10,True,Ti2 Ni2 O6,0
TiO,mp-1203,C2/m,0.05257314800000046,False,10,False,Ti5 O5,2
TiO,mp-2664,Fm-3m,0.27244401999999823,False,2,False,Ti1 O1,10
TiO,mp-673667,P-1,0.19609487571428552,False,42,True,Ti21 O21,0
TiO,mp-685151,I4/mmm,0.18207250999999935,False,12,True,Ti6 O6,0
TiO,mp-754333,P6_3/mmc,0.13233054499999852,False,4,True,Ti2 O2,0
TiO,mp-755264,P-6m2,0.08086595500000016,False,2,True,Ti1 O1,0
TiO,mp-755300,Pm-3m,0.11257661333333324,False,6,True,Ti3 O3,0
TiO,mp-1071163,P-62m,0.0,True,6,False,Ti3 O3,1
TiO,mp-1244926,P1,0.3250927093999998,False,100,True,Ti50 O50,0
TiO,mp-1244944,P1,0.3019487548999997,False,100,True,Ti50 O50,0
TiO,mp-1245141,P1,0.31170507659999913,False,100,True,Ti50 O50,0
TiO,mp-1245294,P1,0.3154325332999992,False,100,True,Ti50 O50,0
TiO,mp-1245324,P1,0.33528765519999837,False,100,True,Ti50 O50,0
TiO2,mp-390,I4_1/amd,0.0,True,6,False,Ti2 O4,38
TiO2,mp-430,P2_1/c,0.03948350083333452,False,12,False,Ti4 O8,3
TiO2,mp-1439,Pbcn,0.004523600833332253,False,12,False,Ti4 O8,7
TiO2,mp-1840,Pbca,0.0030413275000000795,False,24,False,Ti8 O16,14
TiO2,mp-2657,P4_2/mnm,0.04363870416666593,False,12,False,Ti4 O8,131
TiO2,mp-9173,Pnma,0.05749979000000138,False,12,False,Ti4 O8,1
TiO2,mp-25262,Fd-3m,0.18523163333333237,False,12,True,Ti4 O8,0
TiO2,mp-25433,R-3m,0.15901846083333382,False,3,True,Ti1 O2,0
TiO2,mp-34688,C2/c,0.014502442499999546,False,6,True,Ti2 O4,0
TiO2,mp-553432,P3_121,0.14966203888888785,False,9,True,Ti3 O6,1
TiO2,mp-554278,C2/m,0.006417397499999922,False,12,False,Ti4 O8,4
TiO2,mp-572822,P2_1/m,0.5324322366666667,False,12,True,Ti4 O8,1
TiO2,mp-636827,Pmm2,0.3085766891666655,False,6,True,Ti2 O4,0
TiO2,mp-655656,Cmm2,0.3115951783333326,False,12,False,Ti4 O8,1
TiO2,mp-754672,Pnma,0.08033827000000038,False,12,True,Ti4 O8,2
TiO2,mp-754769,Pnma,0.03629339750000149,False,24,True,Ti8 O16,0
TiO2,mp-756587,P6_3mc,0.11795843624999947,False,24,True,Ti8 O16,0
TiO2,mp-756655,Pnma,0.07446254041666656,False,24,True,Ti8 O16,0
TiO2,mp-766454,C2/m,0.045939138888888564,False,9,True,Ti3 O6,0
TiO2,mp-775938,Pbcn,0.012246891111111324,False,36,True,Ti12 O24,0
TiO2,mp-777129,P1,0.05382831916666575,False,54,True,Ti18 O36,0
TiO2,mp-849533,Pnma,0.09669845874999972,False,24,True,Ti8 O16,0
TiO2,mp-1008677,Fm-3m,0.30832484416666617,False,3,True,Ti1 O2,1
TiO2,mp-1041565,Imma,0.043648089999999584,False,12,True,Ti4 O8,0
TiO2,mp-1044853,P3m1,0.17778468527777846,False,36,True,Ti12 O24,0
TiO2,mp-1079207,P-62m,0.3328169297222221,False,9,True,Ti3 O6,1
TiO2,mp-1101022,I4/m,0.04738792250000046,False,12,True,Ti4 O8,0
TiO2,mp-1102255,Pnma,0.2975914725000006,False,12,True,Ti4 O8,1
TiO2,mp-1102591,Pa-3,0.2565837774999995,False,12,True,Ti4 O8,1
TiO2,mp-1190753,Pbca,0.12391927458333285,False,24,True,Ti8 O16,1
TiO2,mp-1201727,Pnma,0.06658862770833451,False,48,False,Ti16 O32,1
TiO2,mp-1245098,P1,0.1666125406111103,False,90,True,Ti30 O60,0
TiO2,mp-1245134,P1,0.17943490027777642,False,90,True,Ti30 O60,0
TiO2,mp-1245308,P1,0.1702281409444435,False,90,True,Ti30 O60,0
TiO2,mp-1245321,P1,0.18929802127777684,False,90,True,Ti30 O60,0
TiO2,mp-1341203,Pmmn,0.15739947291666745,False,24,True,Ti8 O16,0
TiO2,mp-1350429,Cm,0.18555024145833343,False,48,True,Ti16 O32,0
TiO2,mp-1380335,P3m1,0.17749046333333318,False,36,True,Ti12 O24,0
TiO2,mp-1386640,Cmcm,0.1532654124999997,False,12,True,Ti4 O8,0
TiO2,mp-1400963,I4/m,0.06530322750000117,False,12,True,Ti4 O8,0
TiO2,mp-1408285,R3m,0.18747046999999917,False,12,True,Ti4 O8,0
TiO2,mp-1426806,R-3m,0.15821946750000038,False,3,True,Ti1 O2,0
TiO2,mp-1445035,P6_3/mmc,2.7445488075,False,6,True,Ti2 O4,0
TiO2,mp-2420244,Pnma,0.016494126666666276,False,12,True,Ti4 O8,0
TiO2,mp-2739239,Pnma,0.09153499666666676,False,24,True,Ti8 O16,0
TiO2,mp-2901430,Pmmn,0.17854586291666585,False,24,True,Ti8 O16,0
TiPbO3,mp-19845,Pm-3m,0.04122174599999795,False,5,False,Ti1 Pb1 O3,7
TiPbO3,mp-20459,P4mm,0.0,True,5,False,Ti1 Pb1 O3,30
TiPbO3,mp-1106215,I4/m,0.005552316500001098,False,20,False,Ti4 Pb4 O12,3
TiPbO3,mp-aaaieiqu,R-3,0.02873914300000102,False,10,True,Ti2 Pb2 O6,0
TiS,mp-545,P6_3/mmc,0.2715041349999998,False,4,True,Ti2 S2,0
TiS,mp-554462,P6_3/mmc,0.06516763999999853,False,4,False,Ti2 S2,4
TiS,mp-557762,R-3m,0.13942175166666715,False,6,False,Ti3 S3,3
TiS,mp-1018028,P-6m2,0.0,True,2,False,Ti1 S1,1
TiS,mp-1101023,Pmmn,2.8513979649999994,False,4,True,Ti2 S2,0
TiS2,mp-2156,P-3m1,0.0,True,9,False,Ti3 S6,18
TiS2,mp-9027,Fd-3m,0.020230631666667165,False,12,False,Ti4 S8,1
TiS2,mp-558110,R-3m,0.0019210499999999797,False,3,False,Ti1 S2,3
TiS2,mp-685013,P-1,0.3987559525000002,False,12,True,Ti4 S8,0
TiS2,mp-936075,P-1,1.9579946325000002,False,12,True,Ti4 S8,0
TiS2,mp-1008676,P6/mmm,1.2835681833333332,False,3,True,Ti1 S2,1
TiS2,mp-1008682,I4/mmm,0.44416815333333304,False,3,True,Ti1 S2,1
TiS2,mp-1042098,I-42d,0.2272730816666666,False,6,True,Ti2 S4,0
TiS2,mp-1062030,C2/m,0.0035409266666670547,False,3,False,Ti1 S2,1
TiS2,mp-1072088,Pnnm,0.11800770500000013,False,6,True,Ti2 S4,1
TiS2,mp-1072192,P6_3/mmc,0.7445469833333336,False,6,True,Ti2 S4,1
TiS2,mp-1077021,P6_3/mmc,0.14174012000000058,False,6,True,Ti2 S4,1
TiS2,mp-1077263,C2/m,0.004457463333333855,False,6,False,Ti2 S4,2
TiS2,mp-1101258,P-3m1,0.002321645555555918,False,9,True,Ti3 S6,0
TiS2,mp-1101969,Pnma,0.28351951916666707,False,12,True,Ti4 S8,2
TiS2,mp-1102845,Pa-3,0.32103733750000085,False,12,True,Ti4 S8,1
TiS2,mp-1216778,R3m,0.1681566383333335,False,12,True,Ti4 S8,0
TiS2,mp-1386900,P-1,1.3837119141666676,False,12,True,Ti4 S8,0
TiSi,mp-7092,Pnma,0.0,True,8,False,Ti4 Si4,3
TiSi,mp-22558,Cmmm,0.2402995524999998,False,2,True,Ti1 Si1,0
TiSi,mp-1065146,Amm2,0.2411147575000001,False,2,True,Ti1 Si1,0
TiSi2,mp-2582,Fddd,0.027358638333332408,False,6,False,Ti2 Si4,6
TiSi2,mp-570991,Immm,0.17960538666666537,False,3,True,Ti1 Si2,0
TiSi2,mp-1077503,Cmcm,0.0,True,6,False,Ti2 Si4,2
TiSi2,mp-1179092,I4_1/amd,0.7371724966666662,False,6,True,Ti2 Si4,0
TiZn2O4,mp-33631,Imma,0.04711246321428586,False,14,True,Ti2 Zn4 O8,0
TiZn2O4,mp-532524,C2,0.033858190535714705,False,56,True,Ti8 Zn16 O32,0
TiZn2O4,mp-542737,P4_122,0.02998854035714338,False,28,False,Ti4 Zn8 O16,2
TiZn2O4,mp-1101018,P4_322,0.030114085714285643,False,28,True,Ti4 Zn8 O16,0
TiZn2O4,mp-1101024,P4_322,0.2895310639285711,False,28,True,Ti4 Zn8 O16,0
Tl,mp-39,Im-3m,0.009790289999997981,False,1,False,Tl1,2
Tl,mp-82,P6_3/mmc,0.0,True,2,False,Tl2,9
Tl,mp-151,Fm-3m,0.029167420000000277,False,1,False,Tl1,3
Tl,mp-972351,R-3m,0.008828969999996161,False,3,True,Tl3,0
Tl,mp-972373,P6_3/mmc,0.008595309999996914,False,4,True,Tl4,0
Tl,mp-1187790,I-43m,0.011458308620689195,False,29,True,Tl29,0
Tl2O,mp-27484,R-3m,0.0,True,6,False,Tl4 O2,1
Tl2O,mp-551470,C2/m,4.31333333352768e-05,False,6,False,Tl4 O2,1
Tl2O3,mp-1658,Ia-3,0.0,True,40,False,Tl16 O24,6
Tl2O3,mp-684956,R-3m,0.13360865499999797,False,10,True,Tl4 O6,0
Tl2O3,mp-1216564,P-3m1,0.11613278099999835,False,5,True,Tl2 O3,0
Tl2S,mp-667,R3,0.0010959529629612774,False,27,True,Tl18 S9,0
Tl2S,mp-556516,R3,0.0,True,27,False,Tl18 S9,4
Tl2S,mp-1187792,P3,0.0015306029629629236,False,27,True,Tl18 S9,0
Tl2S,mp-2025375,P31m,0.0002219496296262946,False,9,True,Tl6 S3,0
Tl2SO4,mp-4112,Pnma,0.0,True,28,False,Tl8 S4 O16,3
Tl2Te,mp-582753,C2/c,0.0,True,66,False,Tl44 Te22,1
TlAsO4,mp-731920,P2_1/c,0.028892791666665474,False,24,False,Tl4 As4 O16,2
TlAsO4,mp-754214,I4_1/a,0.0,True,12,True,Tl2 As2 O8,0
TlBr,mp-22875,Pm-3m,0.0046403124999940815,False,2,False,Tl1 Br1,4
TlBr,mp-568560,Fm-3m,0.004668182499997897,False,2,False,Tl1 Br1,1
TlBr,mp-568949,Cmcm,0.0,True,4,False,Tl2 Br2,1
TlCl,mp-23167,Pm-3m,0.0013070874999989712,False,2,False,Tl1 Cl1,6
TlCl,mp-569639,Fm-3m,0.006233657499997491,False,2,False,Tl1 Cl1,1
TlCl,mp-571079,Cmcm,0.0,True,4,False,Tl2 Cl2,1
TlCl3,mp-726693,Pnma,0.13796437562499975,False,16,False,Tl4 Cl12,1
TlCl3,mp-1206058,C2/m,0.0,True,8,True,Tl2 Cl6,0
TlF,mp-720,Pbcm,0.0,True,8,False,Tl4 F4,7
TlF,mp-2175,Fm-3m,0.057131171250002666,False,2,True,Tl1 F1,0
TlF,mp-557835,P4/nmm,0.0030339337500002728,False,4,False,Tl2 F2,1
TlF,mp-558134,Aem2,0.00606492624999877,False,4,True,Tl2 F2,0
TlI,mp-22858,Cmcm,0.0007962224999999989,False,4,False,Tl2 I2,8
TlI,mp-23197,Pm-3m,0.020759689999998443,False,2,False,Tl1 I1,2
TlI,mp-571102,Fm-3m,0.0,True,2,False,Tl1 I1,1
TlSe,mp-1836,I4/mcm,0.0,True,8,False,Tl4 Se4,6
TlSe,mp-10647,Pm-3m,0.19623518124999606,False,2,False,Tl1 Se1,1
Tm,mp-143,P6_3/mmc,0.0,True,2,False,Tm2,7
Tm,mp-10660,Fm-3m,0.057614779999994425,False,1,False,Tm1,1
Tm,mp-10661,Im-3m,0.11705402999999848,False,1,False,Tm1,1
Tm,mp-971769,P6_3/mmc,0.0295789924999994,False,4,True,Tm4,0
Tm,mp-1018122,R-3m,0.00666605666665987,False,3,False,Tm3,1
Tm2O3,mp-1767,Ia-3,0.0,True,40,False,Tm16 O24,6
Tm2O3,mp-13067,P-3m1,0.06832114524999788,False,5,True,Tm2 O3,1
Tm2O3,mp-556253,C2/m,0.038599018583330036,False,15,True,Tm6 O9,1
TmCl3,mp-28044,R-3c,0.0,True,8,False,Tm2 Cl6,1
TmF3,mp-865194,I4/mmm,0.0,True,4,True,Tm1 F3,0
TmF3,mp-1187558,Fm-3m,0.01820531749999965,False,4,True,Tm1 F3,0
U,mp-43,P4_2nm,0.08967122466667377,False,30,False,U30,4
U,mp-44,Cmcm,0.0,True,2,False,U2,21
U,mp-93,P4_2/mnm,0.09751105433332441,False,30,False,U30,4
U,mp-108,Im-3m,0.2685483800000128,False,1,False,U1,6
U,mp-1008669,Fm-3m,0.3715773500000097,False,1,True,U1,2
U,mp-1056699,Pm-3m,0.16646344000000113,False,4,True,U4,0
U,mp-1076920,P6/mmm,0.38525128999999936,False,3,True,U3,0
U,mp-1077335,C2/c,0.2814404816666638,False,6,False,U6,1
U,mp-1178958,Pnma,0.02066840999999897,False,8,True,U8,0
U,mp-1197206,Pmma,0.3553889350000077,False,32,False,U32,2
U,mp-1200324,Pmma,0.3608129434375087,False,32,False,U32,2
U,mp-1981700,Cmmm,0.359552800000003,False,8,True,U8,0
U,mp-1983234,Pmmm,0.3545425912500093,False,16,True,U16,0
U,mp-1987603,Cmce,1.6651529475000046,False,16,True,U16,0
U(ClO)2,mp-23013,Pnma,0.22670337855555278,False,20,False,U4 Cl8 O8,2
U(HO2)2,mp-510128,Pbca,0.03655225428571818,False,28,False,U4 H8 O16,2
U(HO2)2,mp-625087,Pbca,0.1271017975000026,False,28,True,U4 H8 O16,0
U(HO2)2,mp-625281,Fmm2,0.11829449035714656,False,7,True,U1 H2 O4,0
U(HO2)2,mp-626169,P2_1/c,0.12252570821428854,False,14,True,U2 H4 O8,0
U(HO2)2,mp-626864,Cmce,0.07417973178571735,False,14,False,U2 H4 O8,1
U(HO2)2,mp-626885,Cmc2_1,0.0772015232142893,False,14,True,U2 H4 O8,0
U(HO2)2,mp-673319,P1,1.1503825003571455,False,7,True,U1 H2 O4,0
U(HO2)2,mp-673954,Cm,2.847982616071432,False,7,True,U1 H2 O4,0
U(NO4)2,mp-1103907,P-1,0.5699283898295473,False,11,True,U1 N2 O8,0
U(OF)2,mp-27980,R-3m,0.0,True,5,False,U1 O2 F2,1
U(OF)2,mp-634809,C2/m,0.3220164879999956,False,5,True,U1 O2 F2,0
U(OF)2,mp-697832,C2/m,0.1382119799999959,False,5,True,U1 O2 F2,0
U(SO4)2,mp-1200785,Pbca,0.047986881136363735,False,88,False,U8 S16 O64,1
U2C3,mp-2625,I-43d,0.0,True,20,False,U8 C12,9
U2F9,mp-20276,I-43m,0.014859617424241023,False,22,False,U4 F18,5
U2S3,mp-22126,Pnma,0.0,True,20,False,U8 S12,5
U2S3,mp-672690,Pnma,0.17339322250001032,False,20,True,U8 S12,0
U3Bi4,mp-23196,I-43d,0.07538046857142433,False,14,False,U6 Bi8,3
U3O8,mp-308,P-62m,0.0028851386363673015,False,11,False,U3 O8,3
U3O8,mp-698,Cmmm,0.0031060777272742257,False,11,True,U3 O8,0
U3O8,mp-548170,P-31m,0.24835829500000806,False,11,False,U3 O8,1
U3O8,mp-559906,Cmcm,0.003075063181819715,False,22,False,U6 O16,1
U3O8,mp-560402,Cmcm,0.0,True,22,False,U6 O16,1
U3O8,mp-1102356,Amm2,0.00344824409091693,False,11,False,U3 O8,5
U3Si,mp-956,I4/mcm,0.002126097499996149,False,8,False,U6 Si2,6
U3Si,mp-570637,Pm-3m,0.03222136874999393,False,4,False,U3 Si1,2
U3Si,mp-1078858,I4/mmm,0.0,True,8,True,U6 Si2,0
U3Si2,mp-21346,P4/mbm,0.15117765650000337,False,10,False,U6 Si4,6
U5Ge3,mp-622345,P6_3/mcm,0.22756171062499675,False,16,False,U10 Ge6,3
UAl2,mp-472,Fd-3m,0.039401270833337776,False,6,False,U2 Al4,19
UAl2,mp-569744,P6_3/mmc,0.0,True,24,False,U8 Al16,1
UAl3,mp-1723,Pm-3m,0.0,True,4,False,U1 Al3,12
UAl3,mp-1187755,P6_3/mmc,0.05457637874999932,False,8,True,U2 Al6,0
UAl4,mp-574122,Imma,0.0015938559999959523,False,10,False,U2 Al8,6
UB12,mp-22319,Fm-3m,0.0,True,13,False,U1 B12,8
UB2,mp-1514,P6/mmm,0.0,True,3,False,U1 B2,9
UB4,mp-619,P4/mbm,0.0,True,20,False,U4 B16,8
UBi,mp-22886,Fm-3m,0.19096578500000305,False,2,False,U1 Bi1,3
UBi,mp-1018042,Pm-3m,0.1116842299999945,False,2,True,U1 Bi1,1
UBi2,mp-569858,P4/nmm,0.0,True,6,False,U2 Bi4,2
UBr3,mp-23255,P6_3/m,0.0,True,8,False,U2 Br6,2
UBr4,mp-27153,C2/m,0.0,True,10,False,U2 Br8,1
UBr5,mp-29263,P-1,0.0,True,12,False,U2 Br10,1
UBr5,mp-1420476,P-1,3.472552129166668,False,12,True,U2 Br10,0
UC,mp-2489,Fm-3m,0.0,True,2,False,U1 C1,23
UCl2O,mp-640563,Pbam,0.28799214562500364,False,48,False,U12 Cl24 O12,1
UCl3,mp-23208,P6_3/m,0.0,True,8,False,U2 Cl6,5
UCl4,mp-23235,I4_1/amd,0.0,True,10,False,U2 Cl8,6
UCl5,mp-27240,P-1,0.0006667091666683334,False,12,False,U2 Cl10,1
UCl5,mp-570989,P2_1/c,0.0,True,24,False,U4 Cl20,1
UCl5,mp-1419122,P-1,3.0400784950000004,False,12,True,U2 Cl10,0
UCl6,mp-23250,P-3m1,0.0,True,21,False,U3 Cl18,3
UF3,mp-18299,P6_3cm,0.0,True,24,False,U6 F18,1
UF3,mp-865239,I4/mmm,0.14293435125000098,False,4,True,U1 F3,0
UF3,mp-1187747,Fm-3m,0.15149179125000156,False,4,True,U1 F3,0
UF3,mp-1216702,P-3m1,0.10534959333333482,False,4,True,U1 F3,0
UF4,mp-287,C2/c,0.0,True,30,False,U6 F24,2
UF5,mp-1759,I-42d,0.07214455958333144,False,24,False,U4 F20,5
UF5,mp-1760,I-42d,0.045090782083330616,False,24,False,U4 F20,2
UF5,mp-1852,I4/m,0.0,True,6,False,U1 F5,3
UF6,mp-2275,Pnma,0.0,True,28,False,U4 F24,5
UF6,mp-672341,Pnma,0.002770663571427079,False,28,True,U4 F24,0
UFe2,mp-21050,Fd-3m,0.0,True,6,False,U2 Fe4,14
UGe2,mp-1237,Cmmm,0.0,True,6,False,U2 Ge4,3
UGe2,mp-16373,Cmcm,0.11071562041666283,False,6,False,U2 Ge4,2
UGe3,mp-2607,Pm-3m,0.0,True,4,False,U1 Ge3,5
UH3,mp-24659,Pm-3n,0.011184126562497454,False,8,False,U2 H6,3
UH3,mp-504970,Pm-3n,0.0,True,32,False,U8 H24,8
UI3,mp-23244,Cmcm,0.0,True,8,False,U2 I6,4
UI4,mp-612520,C2/c,0.05014384200000155,False,10,True,U2 I8,0
UI4,mp-655360,C2/c,0.0,True,10,False,U2 I8,3
UN,mp-1865,Fm-3m,0.0,True,2,False,U1 N1,24
UO2,mp-1597,Fm-3m,0.0,True,3,False,U1 O2,27
UO2,mp-865305,P4_2/mnm,0.1258230933333344,False,6,True,U2 O4,0
UO3,mp-233,Cmmm,0.19707343500000007,False,4,True,U1 O3,0
UO3,mp-294,I4_1/amd,0.08219406593750023,False,32,False,U8 O24,2
UO3,mp-375,Pm-3m,0.0,True,4,False,U1 O3,2
UO3,mp-8134,P-3m1,0.11389847500000094,False,4,False,U1 O3,1
UO3,mp-21858,P2_12_12_1,0.08297791937500065,False,16,False,U4 O12,1
UO3,mp-616580,P2_1,0.1342439604999992,False,40,False,U10 O30,1
UO3,mp-684639,Pm,0.781636069000001,False,20,True,U5 O15,0
UO3,mp-1198490,Fddd,0.08282075218749974,False,32,False,U8 O24,4
URh3,mp-1150,Pm-3m,0.0,True,4,False,U1 Rh3,8
URu3,mp-1263,Pm-3m,0.0,True,4,False,U1 Ru3,5
US,mp-2423,Fm-3m,0.0,True,2,False,U1 S1,22
US2,mp-639,Pnma,0.00973305444445316,False,12,False,U4 S8,5
US2,mp-2849,P-62m,0.0,True,9,False,U3 S6,2
US2,mp-685066,C2,0.0054226880000030064,False,15,True,U5 S10,0
US2,mp-1216920,I422,0.04345118977778384,False,15,True,U5 S10,0
US2,mp-2749854,P31m,0.009144095555562615,False,9,True,U3 S6,0
USO6,mp-17637,P2_1/c,0.0,True,32,False,U4 S4 O24,1
USO6,mp-1203072,Pnma,0.12693767187499994,False,32,False,U4 S4 O24,1
USe,mp-2143,Fm-3m,0.0,True,2,False,U1 Se1,12
USi,mp-19715,Pnma,0.10045248499999815,False,8,False,U4 Si4,2
USi2,mp-980,P6/mmm,0.0,True,3,False,U1 Si2,5
USi2,mp-7284,I4_1/amd,0.11240789666666728,False,6,False,U2 Si4,4
USi3,mp-2800,Pm-3m,0.0,True,4,False,U1 Si3,7
V,mp-146,Im-3m,0.0,True,1,False,V1,20
V,mp-8632,Fm-3m,0.24714039999999926,False,1,True,V1,1
V,mp-2647074,P6_3/mmc,0.25378471999999874,False,2,True,V2,0
V2C,mp-20648,Pbcn,0.0,True,12,False,V8 C4,4
V2C,mp-1008632,P-3m1,0.0018388041666668187,False,3,False,V2 C1,1
V2C,mp-1094023,P6_3/mmc,0.3020393041666676,False,6,True,V4 C2,0
V2FeO4,mp-20167,Fd-3m,0.04888785446428656,False,14,False,V4 Fe2 O8,2
V2FeO4,mp-1274527,R-3m,0.08442927660714261,False,14,True,V4 Fe2 O8,0
V2FeO4,mp-1274785,C2/c,0.02521397589285712,False,14,True,V4 Fe2 O8,0
V2FeO4,mp-1276134,Imma,0.08271116160714342,False,14,True,V4 Fe2 O8,0
V2FeO4,mp-1286870,C2,0.047817604464286845,False,14,True,V4 Fe2 O8,0
V2FeO6,mp-757078,C2/c,0.03365027305555657,False,18,True,V4 Fe2 O12,0
V2FeO6,mp-1312206,P-1,0.033035179722219254,False,18,True,V4 Fe2 O12,0
V2O3,mp-18937,R-3c,0.008657174250000566,False,10,False,V4 O6,21
V2O3,mp-21579,Ia-3,0.0,True,40,False,V16 O24,1
V2O3,mp-552113,R-3c,0.7345710332500008,False,10,False,V4 O6,1
V2O3,mp-553955,Cc,0.70299591725,False,10,True,V4 O6,0
V2O3,mp-715514,C2/c,0.01943602725000204,False,10,False,V4 O6,4
V2O3,mp-776630,P2_1/m,0.060644026250001204,False,30,True,V12 O18,0
V2O3,mp-776688,P2_1/c,0.09538210775000167,False,20,True,V8 O12,0
V2O3,mp-777698,C2/m,0.08340323824999984,False,15,True,V6 O9,0
V2O3,mp-780654,Pbca,0.030721300500001547,False,40,True,V16 O24,0
V2O3,mp-796380,P-1,2.9138703707500015,False,40,True,V16 O24,0
V2O3,mp-1043388,Cmcm,0.23553653125000018,False,20,True,V8 O12,0
V2O3,mp-1178852,C2/c,0.3085267142500001,False,10,True,V4 O6,0
V2O3,mp-1178873,C2/c,0.24583111625000242,False,10,True,V4 O6,0
V2O3,mp-1272087,P1,0.08587433358333385,False,15,True,V6 O9,0
V2O5,mp-25207,C2/m,0.025131394285715203,False,21,True,V6 O15,0
V2O5,mp-25233,Cmcm,0.0328132278571438,False,14,True,V4 O10,0
V2O5,mp-25279,Pmmn,0.0,True,14,False,V4 O10,11
V2O5,mp-25280,Pnma,0.008959156071428609,False,28,True,V8 O20,0
V2O5,mp-25288,Pnma,0.013959122857142958,False,28,False,V8 O20,1
V2O5,mp-510568,P2_1/m,0.010596257142857723,False,14,False,V4 O10,3
V2O5,mp-542844,C2/c,0.06063356928571473,False,14,False,V4 O10,4
V2O5,mp-624689,Pmmn,0.13321924428571563,False,14,False,V4 O10,1
V2O5,mp-720166,C2/m,0.12754432214285671,False,7,False,V2 O5,2
V2O5,mp-729713,P-1,0.039591794285714244,False,14,False,V4 O10,1
V2O5,mp-754585,Fdd2,0.04754535928571535,False,14,True,V4 O10,0
V2O5,mp-754670,Pmmn,0.009122270000000654,False,14,False,V4 O10,11
V2O5,mp-755235,Pnma,0.031493540357143246,False,28,True,V8 O20,0
V2O5,mp-776041,P2_1/c,0.0341744300000002,False,28,True,V8 O20,0
V2O5,mp-776152,Pnma,0.004515061428572054,False,28,True,V8 O20,0
V2O5,mp-831269,P2/c,0.025970106530612824,False,98,True,V28 O70,0
V2O5,mp-1216596,Immm,0.6399303721428575,False,7,True,V2 O5,0
V2O5,mp-1244889,P1,0.10811866204761955,False,105,True,V30 O75,0
V2O5,mp-1244901,P1,0.5287774096666675,False,105,True,V30 O75,0
V2O5,mp-1244904,P1,0.4836083087142864,False,105,True,V30 O75,0
V2O5,mp-1244920,P1,0.48085739385714277,False,105,True,V30 O75,0
V2O5,mp-1244925,P1,0.49800979452381,False,105,True,V30 O75,0
V2O5,mp-1244942,P1,0.5193274397619057,False,105,True,V30 O75,0
V2O5,mp-1244961,P1,0.5137720441428568,False,105,True,V30 O75,0
V2O5,mp-1244978,P1,0.5109156893809521,False,105,True,V30 O75,0
V2O5,mp-1244985,P1,0.5245966268095241,False,105,True,V30 O75,0
V2O5,mp-1244996,P1,0.11805215347619225,False,105,True,V30 O75,0
V2O5,mp-1245000,P1,0.10457888471428589,False,105,True,V30 O75,0
V2O5,mp-1245005,P1,0.510205219285714,False,105,True,V30 O75,0
V2O5,mp-1245040,P1,0.5244888929047615,False,105,True,V30 O75,0
V2O5,mp-1245049,P1,0.5043798856666672,False,105,True,V30 O75,0
V2O5,mp-1245058,P1,0.5128488651904766,False,105,True,V30 O75,0
V2O5,mp-1245061,P1,0.5289310595714287,False,105,True,V30 O75,0
V2O5,mp-1245096,P1,0.5078517630000006,False,105,True,V30 O75,0
V2O5,mp-1245097,P1,0.4907752030952377,False,105,True,V30 O75,0
V2O5,mp-1245101,P1,0.48308046328571397,False,105,True,V30 O75,0
V2O5,mp-1245118,P1,0.519167017380953,False,105,True,V30 O75,0
V2O5,mp-1245120,P1,0.06754916214285878,False,105,True,V30 O75,0
V2O5,mp-1245137,P1,0.10782839709523984,False,105,True,V30 O75,0
V2O5,mp-1245142,P1,0.5046449463333333,False,105,True,V30 O75,0
V2O5,mp-1245153,P1,0.5180777089047623,False,105,True,V30 O75,0
V2O5,mp-1245156,P1,0.08997369814285783,False,105,True,V30 O75,0
V2O5,mp-1245160,P1,0.4835439819523817,False,105,True,V30 O75,0
V2O5,mp-1245162,P1,0.08705916919047674,False,105,True,V30 O75,0
V2O5,mp-1245171,P1,0.5109458078571434,False,105,True,V30 O75,0
V2O5,mp-1245174,P1,0.4878899736666664,False,105,True,V30 O75,0
V2O5,mp-1245198,P1,0.5187974480476196,False,105,True,V30 O75,0
V2O5,mp-1245219,P1,0.12571148080952455,False,105,True,V30 O75,0
V2O5,mp-1245221,P1,0.4798911814761917,False,105,True,V30 O75,0
V2O5,mp-1245240,P1,0.5070591328095242,False,105,True,V30 O75,0
V2O5,mp-1245272,P1,0.5204448286190475,False,105,True,V30 O75,0
V2O5,mp-1245275,P1,0.4905113399523815,False,105,True,V30 O75,0
V2O5,mp-1245283,P1,0.5373992362380955,False,105,True,V30 O75,0
V2O5,mp-1245284,P1,0.50298275147619,False,105,True,V30 O75,0
V2O5,mp-1245312,P1,0.517882279857143,False,105,True,V30 O75,0
V2O5,mp-1245315,P1,0.47425848890476185,False,105,True,V30 O75,0
V2O5,mp-1245325,P1,0.5119399029047624,False,105,True,V30 O75,0
V2O5,mp-1410508,Pbam,0.05595671285714232,False,14,True,V4 O10,0
V3B2,mp-2091,P4/mbm,0.0,True,10,False,V6 B4,4
V3B4,mp-569270,Immm,0.0,True,7,False,V3 B4,4
V3Si,mp-2567,Pm-3n,0.0,True,8,False,V6 Si2,32
V3Si,mp-571211,Im-3m,1.1180484812499998,False,4,False,V3 Si1,1
V5Si3,mp-568671,I4/mcm,0.0,True,16,False,V10 Si6,4
V5Si3,mp-570483,P6_3/mcm,0.0448894762499954,False,16,False,V10 Si6,3
V5Si3,mp-1188102,I4/mcm,0.034149754999994286,False,16,True,V10 Si6,1
VB,mp-9973,Cmcm,0.0,True,4,False,V2 B2,2
VB2,mp-1491,P6/mmm,0.0,True,3,False,V1 B2,17
VBr2,mp-971787,P-3m1,0.0,True,3,False,V1 Br2,1
VBr3,mp-865473,P6_3/mmc,0.0,True,8,True,V2 Br6,0
VBr3,mp-1546306,Cmcm,0.00013755750000044031,False,8,True,V2 Br6,0
VBr3,mp-2757308,Ama2,0.0,True,8,True,V2 Br6,0
VCl2,mp-22877,P-3m1,0.0,True,3,False,V1 Cl2,2
VCl3,mp-28117,R-3,0.0,True,8,False,V2 Cl6,1
VCl3O,mp-22938,Pnma,0.44982675299997776,False,20,False,V4 Cl12 O4,2
VCl4,mp-570763,P2/c,0.020173166000001075,False,20,True,V4 Cl16,0
VCl4,mp-865511,P2/c,0.05469629000000076,False,20,True,V4 Cl16,0
VCl4,mp-1205372,P2_1/c,0.0,True,20,False,V4 Cl16,1
VCl4,mp-2051057,P2_1,0.00039802100000141394,False,20,True,V4 Cl16,0
VF3,mp-559931,R-3c,0.0,True,8,False,V2 F6,2
VF3,mp-759097,Pnma,0.0013429462500003098,False,16,True,V4 F12,0
VF3,mp-765663,P4_2/mnm,0.05142429500000034,False,16,True,V4 F12,0
VF3,mp-1178903,C2/c,0.002986252500001285,False,8,True,V2 F6,0
VF4,mp-554799,P2_1/c,0.0,True,10,False,V2 F8,1
VF4,mp-752887,Pbam,0.05216529900000033,False,10,True,V2 F8,0
VF4,mp-753759,Cmmm,0.0527523409999997,False,5,True,V1 F4,0
VF4,mp-757234,Pmna,0.01238562900000062,False,10,True,V2 F8,0
VF4,mp-757410,C2/c,0.05822530200000031,False,10,True,V2 F8,0
VF4,mp-759340,Pnma,0.019531001000000714,False,40,True,V8 F32,0
VF4,mp-759867,C2/c,0.015846661999999512,False,10,True,V2 F8,0
VF4,mp-759937,Pna2_1,0.054853660000000026,False,40,True,V8 F32,0
VF4,mp-759972,Pc,0.04457343200000086,False,10,True,V2 F8,0
VF4,mp-760249,Pnma,0.01979552524999928,False,40,True,V8 F32,0
VF4,mp-765724,R-3,0.04621914266666671,False,30,True,V6 F24,0
VF4,mp-850937,P2_1/c,0.01636209349999973,False,20,True,V4 F16,0
VF4,mp-863400,P2_1/c,0.033686780000000915,False,20,True,V4 F16,0
VF4,mp-1101190,P2_1/c,0.045181423999999915,False,20,True,V4 F16,0
VF4,mp-1101193,P2_1/c,0.05865326250000091,False,20,True,V4 F16,0
VF4,mp-1388402,Ima2,0.3505334290000004,False,10,True,V2 F8,0
VF4,mp-1873967,Cc,0.3497281129999994,False,10,True,V2 F8,0
VF4,mp-2030706,P2_1/c,0.0531900925000004,False,20,True,V4 F16,0
VF4,mp-2039668,C2/m,0.05545393999999959,False,10,True,V2 F8,0
VF4,mp-2765625,Pnma,0.02493923574999979,False,40,True,V8 F32,0
VI2,mp-1018138,P-3m1,0.0,True,3,False,V1 I2,1
VI3,mp-865493,P6_3/mmc,0.0,True,8,True,V2 I6,0
VI3,mp-1052892,Cmcm,0.004893821250000485,False,8,True,V2 I6,0
VI3,mp-2050200,P2_1/m,0.07460935812499869,False,8,True,V2 I6,0
VN,mp-925,Fm-3m,0.1901050299999998,False,2,False,V1 N1,28
VN,mp-1001826,F-43m,0.32525225500000055,False,2,True,V1 N1,2
VN,mp-1002105,Pm-3m,0.6783686049999993,False,2,True,V1 N1,5
VN,mp-1017532,P6_3/mmc,0.10796184249999996,False,4,True,V2 N2,1
VN,mp-1018027,P-6m2,0.0,True,2,True,V1 N1,5
VN,mp-1048410,P2_1/m,0.18301387250000012,False,4,True,V2 N2,0
VN,mp-2394167,P4/nmm,0.17530909499999936,False,4,True,V2 N2,0
VO,mp-19184,Fm-3m,0.02183531770833369,False,4,False,V2 O2,10
VO,mp-714885,R-3m,0.022484775208333474,False,4,True,V2 O2,0
VO,mp-1273331,P4/nmm,0.06256706520833255,False,8,True,V4 O4,0
VO,mp-1276506,R-3m,0.07573368020833371,False,8,True,V4 O4,0
VO,mp-1287184,C2/m,0.0268012489583338,False,8,True,V4 O4,0
VO2,mp-18248,Fmmm,0.08920678166665219,False,24,True,V8 O16,0
VO2,mp-19094,P4_2/mnm,0.04219247833331785,False,6,False,V2 O4,13
VO2,mp-20593,I4/mmm,0.016829682083317365,False,48,True,V16 O32,0
VO2,mp-20974,Pnma,0.09751762916665108,False,12,False,V4 O8,2
VO2,mp-25199,R-3m,0.30768409666665164,False,3,True,V1 O2,0
VO2,mp-25283,Fd-3m,0.2050067741666517,False,12,True,V4 O8,0
VO2,mp-541404,C2/m,0.0,True,12,False,V4 O8,5
VO2,mp-547074,Pnnm,0.043842408333317096,False,6,False,V2 O4,3
VO2,mp-559445,P2/m,0.5386801266666517,False,12,False,V4 O8,1
VO2,mp-566801,P2/m,0.5461485149999863,False,12,True,V4 O8,0
VO2,mp-634430,I4_1/a,0.4199102874999845,False,12,True,V4 O8,0
VO2,mp-636746,P-1,0.5400631891666503,False,12,False,V4 O8,2
VO2,mp-714931,P-1,0.5287876691666522,False,12,False,V4 O8,2
VO2,mp-714944,C2/m,0.18032304999998594,False,3,True,V1 O2,0
VO2,mp-714960,I4_1/amd,0.20357808833331958,False,12,True,V4 O8,0
VO2,mp-715035,Pma2,0.09988106395831764,False,48,True,V16 O32,0
VO2,mp-715517,P1,0.09784675020831735,False,48,True,V16 O32,0
VO2,mp-715553,P1,0.11369748666665025,False,12,True,V4 O8,0
VO2,mp-755394,Imma,0.09434424333333524,False,12,True,V4 O8,0
VO2,mp-755411,C2/m,0.10468552666665154,False,18,True,V6 O12,0
VO2,mp-777469,Cmcm,0.04778530166665185,False,12,True,V4 O8,0
VO2,mp-777479,Pnma,0.025922825833333718,False,12,True,V4 O8,0
VO2,mp-849511,P-1,0.0636305126666521,False,15,True,V5 O10,0
VO2,mp-1021522,P2_1/c,0.07541255291665117,False,24,True,V8 O16,0
VO2,mp-1040910,P1,0.20525769916665304,False,36,True,V12 O24,0
VO2,mp-1047618,Cmcm,0.19594946499998578,False,12,True,V4 O8,0
VO2,mp-1094031,Pbca,0.01189598708331907,False,24,True,V8 O16,0
VO2,mp-1100908,C2/m,0.0670967316666502,False,12,False,V4 O8,2
VO2,mp-1102963,P2_1/c,0.04295680666665369,False,12,False,V4 O8,6
VO2,mp-1178787,P4/ncc,0.08270646541665272,False,48,False,V16 O32,1
VO2,mp-1190609,Pnma,0.07950119249998622,False,24,False,V8 O16,2
VO2,mp-1245012,P1,0.2780215729411619,False,102,True,V34 O68,0
VO2,mp-1245047,P1,0.6171246159803765,False,102,True,V34 O68,0
VO2,mp-1245059,P1,0.2575241569607698,False,102,True,V34 O68,0
VO2,mp-1271755,I4/m,0.06703879583331762,False,12,True,V4 O8,0
VO2,mp-1271757,P-1,0.1047800324999848,False,12,True,V4 O8,0
VO2,mp-1271792,Imma,0.13405975333331988,False,12,True,V4 O8,0
VO2,mp-1272932,C2,0.10104096722220746,False,18,True,V6 O12,0
VO2,mp-1273390,P2_1,0.10830711041665175,False,24,True,V8 O16,0
VO2,mp-1273559,P-1,0.10161260888887469,False,18,True,V6 O12,0
VO2,mp-1274771,Pc,0.11378287249998564,False,24,True,V8 O16,0
VO2,mp-1277117,Cc,0.10984065166665147,False,18,True,V6 O12,0
VO2,mp-1277428,P-1,0.1023089566666524,False,18,True,V6 O12,0
VO2,mp-1284510,Pmc2_1,0.11682202624998617,False,24,True,V8 O16,0
VO2,mp-1285335,Pmn2_1,0.11296970249998495,False,24,True,V8 O16,0
VO2,mp-1289705,P1,0.11369570041665256,False,24,True,V8 O16,0
VO2,mp-1314858,C2,0.13013058499998564,False,18,True,V6 O12,0
VO2,mp-1342978,Pmmn,0.1996590074999851,False,24,True,V8 O16,0
VO2,mp-1353031,P1,0.18183643562498553,False,48,True,V16 O32,0
VO2,mp-1361684,Cm,0.20528562888887514,False,36,True,V12 O24,0
VO2,mp-1393040,P6_3/mmc,0.308777364999985,False,6,True,V2 O4,0
VO2,mp-1396942,P6_3/mmc,2.3335177499999853,False,6,True,V2 O4,0
VO2,mp-1412582,R3m,0.2571462266666522,False,12,True,V4 O8,0
VO2,mp-1420871,R-3m,0.3075938899999837,False,3,True,V1 O2,0
VO2,mp-1446045,P2_1/m,0.179299856249985,False,24,True,V8 O16,0
VO2,mp-1780502,C2/c,0.2045719916666524,False,12,True,V4 O8,0
VO2,mp-1974654,Cm,0.08909730166665142,False,18,True,V6 O12,0
VO2,mp-1975157,C2/c,0.07735430888887507,False,18,True,V6 O12,0
VO2,mp-1975342,C2/c,0.0784407205555393,False,18,True,V6 O12,0
VO2,mp-2214678,Cmc2_1,0.24038341416665254,False,12,True,V4 O8,0
VO2,mp-2214803,Cmcm,0.18648045999998608,False,24,True,V8 O16,0
VO2,mp-2506972,P2_1/c,0.10211660666665168,False,12,True,V4 O8,0
VO2,mp-2739064,Pnma,0.03972867083331799,False,12,True,V4 O8,0
VSi2,mp-10711,P6_222,0.0,True,9,False,V3 Si6,6
VSi2,mp-11190,P6_422,3.1622222227412067e-06,False,9,False,V3 Si6,1
W,mp-91,Im-3m,0.0,True,1,False,W1,14
W,mp-8641,Fm-3m,0.47142784000000404,False,1,True,W1,1
W,mp-11334,Pm-3n,0.1268655900000013,False,8,True,W8,0
W,mp-1065340,Pbcm,0.49139236250000096,False,4,False,W4,1
W,mp-1178801,P2/m,1.1981392065000023,False,20,False,W20,1
W,mp-1191581,P2/m,1.1811169156000005,False,25,False,W25,1
W,mp-1216274,I4_1/amd,0.8041297800000038,False,4,True,W4,0
W,mp-2646990,P6_3/mmc,0.4960446600000026,False,2,True,W2,0
W(CO)6,mp-541695,Pnma,0.4663801597115409,False,52,False,W4 C24 O24,1
W(ClO)2,mp-27937,Pmc2_1,0.33558926983334825,False,10,False,W2 Cl4 O4,1
W(ClO)2,mp-32539,Pmc2_1,0.3200517748333489,False,10,False,W2 Cl4 O4,1
W(ClO)2,mp-2278932,Pmm2,0.32212130083334856,False,5,True,W1 Cl2 O2,0
W10O29,mp-27732,P2/m,0.012997972467950092,False,78,False,W20 O58,1
W18O49,mp-907,P2/m,0.0030684913619403176,False,67,False,W18 O49,3
W2C,mp-2034,Pbcn,0.06544971916666498,False,12,False,W8 C4,3
W2C,mp-33065,Pnnm,0.07076890666666458,False,6,True,W4 C2,0
W2C,mp-567397,P-31m,0.08328427666666727,False,9,True,W6 C3,2
W2C,mp-1008625,P-3m1,0.13689717666666468,False,3,False,W2 C1,2
WBr5,mp-29554,C2/m,0.011807493888889908,False,36,False,W6 Br30,1
WBr5,mp-1095321,P-1,0.011451318888888729,False,12,False,W2 Br10,1
WBr5,mp-1436789,P-1,0.9777983063888893,False,12,True,W2 Br10,0
WBr6,mp-28483,R-3,0.0,True,7,False,W1 Br6,1
WC,mp-1894,P-6m2,0.0,True,2,False,W1 C1,20
WC,mp-13136,Fm-3m,0.4476605100000022,False,2,False,W1 C1,4
WC,mp-1008630,Pm-3m,0.8989987500000005,False,2,True,W1 C1,1
WC,mp-1008635,F-43m,0.6728768300000034,False,2,True,W1 C1,1
WCl2,mp-1207828,Cmce,0.0,True,36,True,W12 Cl24,0
WCl4,mp-980949,C2/m,0.0,True,10,False,W2 Cl8,1
WCl4O,mp-27754,I4,0.5653194528472136,False,6,False,W1 Cl4 O1,2
WCl5,mp-27160,C2/m,0.01687638041666517,False,36,False,W6 Cl30,1
WCl6,mp-23178,P-3m1,0.00036721619047774823,False,21,False,W3 Cl18,3
WCl6,mp-571518,R-3,0.0,True,7,False,W1 Cl6,2
WO2,mp-19372,P4_2/mnm,0.0,True,6,False,W2 O4,2
WO2,mp-25375,R-3m,0.26923212500000027,False,3,True,W1 O2,0
WO2,mp-504110,Fd-3m,0.487710444166666,False,12,True,W4 O8,0
WO2,mp-616585,Pnma,0.2579823041666671,False,36,False,W12 O24,1
WO2,mp-1040834,R3m,0.5343070500000007,False,12,True,W4 O8,0
WO2,mp-1041282,Cm,0.34065360083333474,False,36,True,W12 O24,0
WO2,mp-1042291,Cmcm,0.23490696833333224,False,6,True,W2 O4,0
WO2,mp-1047232,Pnma,0.10858941583333426,False,24,True,W8 O16,0
WO2,mp-1047616,Cmcm,0.3931042500000004,False,12,True,W4 O8,0
WO2,mp-1244880,P1,0.5300086210784318,False,102,True,W34 O68,0
WO2,mp-1245020,P1,0.5088658490196085,False,102,True,W34 O68,0
WO2,mp-1245077,P1,0.5145031942156866,False,102,True,W34 O68,0
WO2,mp-1245102,P1,0.4902334353921578,False,102,True,W34 O68,0
WO2,mp-1245227,P1,0.4810470748039215,False,102,True,W34 O68,0
WO2,mp-1245271,P1,0.5206931116666667,False,102,True,W34 O68,0
WO2,mp-1350563,P1,0.1315739118749999,False,48,True,W16 O32,0
WO2,mp-1380432,P1,0.31306271250000073,False,36,True,W12 O24,0
WO2,mp-1403606,P6_3/mmc,2.119973101666667,False,6,True,W2 O4,0
WO2,mp-1445593,I4/m,0.10586824666666672,False,12,True,W4 O8,0
WO2,mp-1524394,P2_1/c,0.0,True,12,False,W4 O8,1
WO3,mp-18773,P4/ncc,0.006001734687499649,False,16,False,W4 O12,3
WO3,mp-19033,P2_1/c,0.007246704062499276,False,16,False,W4 O12,10
WO3,mp-19342,Pbcn,0.006192068437499643,False,32,True,W8 O24,0
WO3,mp-19390,Pm-3m,0.007691435312500161,False,4,False,W1 O3,3
WO3,mp-19443,P4/nmm,0.005913767812499415,False,8,False,W2 O6,5
WO3,mp-32662,P6_3cm,0.00977072531249945,False,24,True,W6 O18,1
WO3,mp-32777,P6_3/mcm,0.010422926562499768,False,24,True,W6 O18,1
WO3,mp-510417,Pbcn,0.007021600937500594,False,32,True,W8 O24,0
WO3,mp-545665,P6/mmm,0.01092049864583089,False,12,False,W3 O9,1
WO3,mp-553964,Pbcm,0.007485819687499173,False,16,True,W4 O12,0
WO3,mp-559122,P-42_1m,0.006626723437499038,False,16,False,W4 O12,1
WO3,mp-566278,Pbcm,0.006230879062499639,False,16,True,W4 O12,0
WO3,mp-619461,P2_1/c,0.007099640937500595,False,32,False,W8 O24,9
WO3,mp-636148,P2_1/c,0.030668768437498883,False,16,False,W4 O12,2
WO3,mp-636284,Cmcm,0.008046851562498958,False,16,True,W4 O12,0
WO3,mp-675211,P1,0.13028915709821476,False,28,True,W7 O21,0
WO3,mp-690346,P6_3cm,0.01014024989583362,False,24,True,W6 O18,1
WO3,mp-715923,Pmma,0.007820964062499769,False,8,True,W2 O6,0
WO3,mp-733506,P-42_1m,0.009774916812501644,False,40,False,W10 O30,2
WO3,mp-756478,Im-3,0.010663485937499217,False,16,True,W4 O12,0
WO3,mp-825726,P2_1/c,0.009396323437499632,False,32,False,W8 O24,7
WO3,mp-826026,P2_1/m,0.00721648093749927,False,16,True,W4 O12,0
WO3,mp-1172828,Pbcn,0.007600772187499771,False,32,False,W8 O24,4
WO3,mp-1191364,P6_3/mcm,0.010682538229167093,False,24,True,W6 O18,1
WO3,mp-1197857,P-1,0.009820515312499722,False,32,False,W8 O24,4
WO3,mp-1244906,P1,0.39455539221250113,False,100,True,W25 O75,0
WO3,mp-1244929,P1,0.23176082691250066,False,100,True,W25 O75,0
WO3,mp-1245182,P1,0.24375980131249975,False,100,True,W25 O75,0
WO3,mp-1245267,P1,0.24445758811249974,False,100,True,W25 O75,0
WO3,mp-1245268,P1,0.2464414073124992,False,100,True,W25 O75,0
WO3,mp-1330336,P6_3cm,1.2182564532291673,False,24,True,W6 O18,0
WO3,mp-1386422,P6_3/mmc,1.2287365140625006,False,8,True,W2 O6,0
WO3,mp-1396391,P2_12_12_1,0.009208933437498956,False,16,True,W4 O12,0
WO3,mp-1408708,Pnma,0.010904968437499107,False,16,True,W4 O12,0
WO3,mp-2235359,P-42_1m,0.006369437187499827,False,16,False,W4 O12,1
WO3,mp-2285488,Pmma,0.009204010312499733,False,8,True,W2 O6,0
WO3,mp-2383052,Cmcm,0.0005129140624990924,False,8,True,W2 O6,0
WO3,mp-2383161,Pbcn,0.0,True,32,True,W8 O24,0
WO3,mp-2486616,Pbcm,0.00014255843749921837,False,16,True,W4 O12,0
WO3,mp-2526683,Pm,0.04266914316964332,False,28,True,W7 O21,0
WO3,mp-2928451,P-1,0.00030034999999983825,False,32,False,W8 O24,4
WOF4,mp-540636,C2/m,0.03270439083333354,False,24,False,W4 O4 F16,1
WOF4,mp-752955,I4,0.0,True,6,True,W1 O1 F4,0
WOF4,mp-753120,I-4,0.051559385833334304,False,24,True,W4 O4 F16,0
WOF4,mp-753704,P-1,0.05732391000000092,False,12,True,W2 O2 F8,0
WOF4,mp-753852,P2_1/c,0.05608965916666797,False,24,True,W4 O4 F16,0
WOF4,mp-754003,P-1,0.05893344083333396,False,12,True,W2 O2 F8,0
WOF4,mp-759818,C2/c,0.04725245395833433,False,48,True,W8 O8 F32,0
WOF4,mp-760144,P2_1/c,0.04075569666666734,False,48,True,W8 O8 F32,0
WOF4,mp-760185,P2_1/c,0.06014537250000096,False,48,True,W8 O8 F32,0
WOF4,mp-761107,Pca2_1,0.04265921270833317,False,48,True,W8 O8 F32,0
WOF4,mp-761113,P2_1/c,0.05934596145833382,False,48,True,W8 O8 F32,0
WOF4,mp-2214826,P-1,0.05352794166666719,False,12,True,W2 O2 F8,0
WS2,mp-224,P6_3/mmc,0.0,True,6,False,W2 S4,5
WS2,mp-9813,R3m,0.0008838066666640998,False,3,False,W1 S2,2
WS2,mp-1023925,P-3m1,0.007448381666669945,False,6,True,W2 S4,0
WS2,mp-1023937,P-6m2,0.014157896666667114,False,3,True,W1 S2,0
WS2,mp-1025571,P-6m2,0.005167376666669554,False,9,True,W3 S6,0
WS2,mp-1028441,P-3m1,0.0037932516666643323,False,12,True,W4 S8,0
WS2,mp-1042100,I-42d,0.7529431833333362,False,6,True,W2 S4,0
Y,mp-9,Fm-3m,0.09781800000000018,False,1,False,Y1,2
Y,mp-112,P6_3/mmc,0.0,True,2,False,Y2,7
Y,mp-1187717,P6_3/mmc,0.0437545249999971,False,4,True,Y4,0
Y,mp-1187739,R-3m,0.04262038666666612,False,3,True,Y3,0
Y2O3,mp-2652,Ia-3,0.0,True,40,False,Y16 O24,44
Y2O3,mp-13061,P-3m1,0.05723404625000228,False,5,True,Y2 O3,3
Y2O3,mp-558573,C2/m,0.03422779625000061,False,15,False,Y6 O9,4
Y2O3,mp-673247,Pn-3m,0.49287367974999974,False,10,True,Y4 O6,0
Y2O3,mp-754759,R-3c,0.049441107250000726,False,10,True,Y4 O6,0
Y2O3,mp-775906,Pbca,0.058289611500001115,False,40,True,Y16 O24,0
Y2O3,mp-775907,P2_1/m,0.0418387982499997,False,30,True,Y12 O18,0
Y2O3,mp-777514,P2_1/m,0.09022631724999819,False,20,True,Y8 O12,0
Y2O3,mp-1178770,Pnma,0.12308043024999904,False,20,True,Y8 O12,1
Y2O3,mp-1216050,P-4m2,0.26351161374999954,False,5,True,Y2 O3,0
Y2O3,mp-1244888,P1,0.2424117366499985,False,100,True,Y40 O60,0
Y2O3,mp-1244949,P1,0.22595748334999932,False,100,True,Y40 O60,0
Y2O3,mp-1245017,P1,0.23983203704999845,False,100,True,Y40 O60,0
Y2O3,mp-1245291,P1,0.26114380674999715,False,100,True,Y40 O60,0
Y2Zr2O7,mp-558411,Fd-3m,0.059569627045453544,False,22,True,Y4 Zr4 O14,1
Y2Zr2O7,mp-771043,P2_1,0.06444504136363705,False,44,True,Y8 Zr8 O28,0
Y2Zr2O7,mp-1101171,C2/m,0.07517194931818061,False,11,True,Y2 Zr2 O7,0
YAsO4,mp-8058,I4_1/amd,0.0,True,12,False,Y2 As2 O8,1
YCl3,mp-27455,C2/m,0.0,True,8,False,Y2 Cl6,1
YF3,mp-2416,Pnma,0.0,True,16,False,Y4 F12,2
YF3,mp-556242,Pm-3m,0.2004715252083331,False,12,False,Y3 F9,1
YF3,mp-1191736,P-3c1,0.026961792291666953,False,24,False,Y6 F18,1
YI3,mp-571442,R-3,0.0,True,8,False,Y2 I6,1
YN,mp-2114,Fm-3m,0.0,True,2,False,Y1 N1,12
YN,mp-6913,P6_3/mmc,0.08746472249999826,False,4,True,Y2 N2,1
YN,mp-13098,Pm-3m,0.9360380049999986,False,2,True,Y1 N1,5
YN,mp-13099,F-43m,0.24771123500000058,False,2,True,Y1 N1,3
YN,mp-998899,P-6m2,0.4712183000000003,False,2,True,Y1 N1,1
YN,mp-1017533,P6_3/mmc,0.3551250750000001,False,4,True,Y2 N2,1
YRe2,mp-570923,P6_3/mmc,0.0,True,12,False,Y4 Re8,2
Yb,mp-71,Im-3m,,False,1,False,Yb1,2
Yb,mp-162,Fm-3m,,False,1,False,Yb1,6
Yb,mp-972364,R-3m,,False,3,True,Yb3,0
Yb,mp-1187875,P6_3/mmc,,False,4,True,Yb4,0
Yb2O3,mp-2814,Ia-3,0.0,True,40,False,Yb16 O24,24
YbCl2,mp-865716,P4_2/mnm,0.18584689944444222,False,6,True,Yb2 Cl4,0
YbCl3,mp-1025400,Cmcm,0.0,True,8,True,Yb2 Cl6,0
YbCl3,mp-3216222,P6_3/mmc,0.05488161624999677,False,8,True,Yb2 Cl6,0
Zn,mp-79,P6_3/mmc,0.0,True,2,False,Zn2,30
Zn,mp-1187812,R-3m,0.007402094999999775,False,3,True,Zn3,0
Zn,mp-1244987,P1,0.05837475680000104,False,100,True,Zn100,0
Zn,mp-1245093,P1,0.055068915200001456,False,100,True,Zn100,0
Zn,mp-1245184,P1,0.04885189270000012,False,100,True,Zn100,0
Zn,mp-1245266,P1,0.05231597480000083,False,100,True,Zn100,0
Zn,mp-2646972,Fm-3m,0.005205379999999593,False,1,True,Zn1,0
Zn,mp-2647117,Im-3m,0.07166242999999994,False,1,True,Zn1,0
Zn(FeO2)2,mp-19313,Fd-3m,0.0,True,14,False,Zn2 Fe4 O8,32
Zn(FeO2)2,mp-34140,P3m1,0.023486600000000024,False,42,True,Zn6 Fe12 O24,0
Zn(FeO2)2,mp-34296,Imma,0.05222826785714396,False,14,True,Zn2 Fe4 O8,0
Zn(FeO2)2,mp-34425,P3m1,0.0435855002380956,False,42,True,Zn6 Fe12 O24,0
Zn(FeO2)2,mp-34730,R3m,0.06397672857142922,False,14,True,Zn2 Fe4 O8,0
Zn(FeO2)2,mp-530392,R3m,0.018632907321429748,False,56,True,Zn8 Fe16 O32,0
Zn(FeO2)2,mp-530413,P3m1,0.023963862738095365,False,84,True,Zn12 Fe24 O48,0
Zn(FeO2)2,mp-530636,R3m,0.034546519285715505,False,56,True,Zn8 Fe16 O32,0
Zn(FeO2)2,mp-531053,Cm,0.0345518294047622,False,84,True,Zn12 Fe24 O48,0
Zn(FeO2)2,mp-531960,R3m,0.015731846428572283,False,70,True,Zn10 Fe20 O40,0
Zn(FeO2)2,mp-532403,P1,0.09395553214285712,False,70,True,Zn10 Fe20 O40,0
Zn(FeO2)2,mp-677654,P1,0.19073508571428732,False,77,True,Zn11 Fe22 O44,0
Zn(FeO2)2,mp-743547,P1,0.08921300985714442,False,70,True,Zn10 Fe20 O40,0
Zn(FeO2)2,mp-1042141,Pbcm,0.15694092071428667,False,28,True,Zn4 Fe8 O16,0
Zn(FeO2)2,mp-1047701,Cmcm,0.1563443650000007,False,14,True,Zn2 Fe4 O8,0
Zn(FeO2)2,mp-1100838,Cm,0.05365205300000131,False,70,True,Zn10 Fe20 O40,0
Zn(FeO2)2,mp-1340255,P2_1,0.2451685457142858,False,28,True,Zn4 Fe8 O16,0
Zn(FeO2)2,mp-1353844,Cm,0.08789955952381057,False,42,True,Zn6 Fe12 O24,0
Zn(FeO2)2,mp-1371352,Pm,0.3905082264285724,False,28,True,Zn4 Fe8 O16,0
Zn(FeO2)2,mp-1376718,Pmmn,0.19960391178571513,False,28,True,Zn4 Fe8 O16,0
Zn(FeO2)2,mp-1378434,Pnma,0.21801082392857207,False,28,True,Zn4 Fe8 O16,0
Zn(FeO2)2,mp-1388646,R-3m,0.014923182857144113,False,14,True,Zn2 Fe4 O8,0
Zn(FeO2)2,mp-1396010,C2/m,0.13327973928571524,False,14,True,Zn2 Fe4 O8,0
Zn(FeO2)2,mp-1810050,Pm,0.20024811214285787,False,28,True,Zn4 Fe8 O16,0
Zn2SiO4,mp-3789,R-3,0.0,True,42,False,Zn12 Si6 O24,5
Zn2SiO4,mp-556163,I-42d,0.02575357857143068,False,14,False,Zn4 Si2 O8,2
Zn2SiO4,mp-558096,Fd-3m,0.14453467928571584,False,14,True,Zn4 Si2 O8,3
Zn2SiO4,mp-1020594,Pnma,0.015302999404760875,False,28,False,Zn8 Si4 O16,1
Zn2SiO4,mp-1020609,Pnma,0.08335053678571658,False,28,True,Zn8 Si4 O16,1
Zn2SiO4,mp-1020610,Pbca,0.21171602857143057,False,28,True,Zn8 Si4 O16,1
Zn2SiO4,mp-1020636,Pbca,0.051554021071431144,False,56,False,Zn16 Si8 O32,1
Zn2SiO4,mp-1020717,Imma,0.12205833321428727,False,28,True,Zn8 Si4 O16,1
Zn2SiO4,mp-1020721,P2_1/c,0.11062348500000141,False,28,True,Zn8 Si4 O16,1
Zn3(AsO4)2,mp-15483,P2_1/c,0.0054248682692410455,False,52,False,Zn12 As8 O32,1
Zn3(AsO4)2,mp-16834,P2_1/c,0.0,True,26,False,Zn6 As4 O16,1
Zn3(PO4)2,mp-31005,P2_1/c,0.004431951153846647,False,26,False,Zn6 P4 O16,1
Zn3(PO4)2,mp-553958,P2_1/c,0.026123131153846124,False,52,False,Zn12 P8 O32,1
Zn3(PO4)2,mp-557920,C2/c,0.0,True,26,False,Zn6 P4 O16,1
Zn3(PO4)2,mp-972439,P2_1/c,0.03961390269230858,False,26,True,Zn6 P4 O16,0
Zn3As2,mp-7845,Pn-3m,0.1592259510624996,False,10,False,Zn6 As4,1
Zn3As2,mp-15700,P4_2/nmc,0.004009980062500862,False,40,False,Zn24 As16,2
Zn3As2,mp-568240,I4_1/acd,0.001428766312499885,False,80,True,Zn48 As32,0
Zn3As2,mp-680580,P4_2/nbc,0.0,True,160,False,Zn96 As64,1
Zn3As2,mp-1196003,Ia-3,0.024217807562500138,False,40,False,Zn24 As16,2
Zn3As2,mp-1197181,I4_1/acd,0.06796033343749963,False,80,False,Zn48 As32,2
Zn3As2,mp-1203368,I4_1cd,0.00224935956249972,False,80,False,Zn48 As32,2
Zn3N2,mp-9460,Ia-3,0.0,True,40,False,Zn24 N16,1
Zn3N2,mp-754553,Pnma,0.009962077500000888,False,20,True,Zn12 N8,0
Zn3N2,mp-1524551,P6_3/mmc,0.014135124999999249,False,20,True,Zn12 N8,0
Zn3P2,mp-2071,P4_2/nmc,0.0,True,40,False,Zn24 P16,8
Zn3P2,mp-7846,Pn-3m,0.18293972150000037,False,10,False,Zn6 P4,1
Zn3P2,mp-1197170,Ia-3,0.023785270999999497,False,40,False,Zn24 P16,1
Zn3S2O9,mp-30986,P2_1/m,0.0,True,28,False,Zn6 S4 O18,1
ZnBr2,mp-569960,R-3m,0.08526342604166759,False,3,False,Zn1 Br2,1
ZnBr2,mp-647579,I4_1/acd,0.0,True,48,False,Zn16 Br32,1
ZnBr2,mp-1178766,C2/m,0.10978524604166795,False,3,True,Zn1 Br2,0
ZnCO3,mp-9812,R-3c,0.0,True,10,False,Zn2 C2 O6,1
ZnCl2,mp-22889,Pna2_1,0.0006679683333330466,False,12,False,Zn4 Cl8,2
ZnCl2,mp-22909,I-42d,0.0,True,6,False,Zn2 Cl4,3
ZnCl2,mp-567279,P4_2/nmc,0.0015964250000002345,False,6,False,Zn2 Cl4,1
ZnCl2,mp-571540,P2_1/c,0.0012411769444433673,False,36,False,Zn12 Cl24,2
ZnF2,mp-1873,P4_2/mnm,0.0,True,6,False,Zn2 F4,7
ZnF2,mp-7709,Pbcn,0.0023652708333337102,False,12,False,Zn4 F8,1
ZnH14SO11,mp-1197739,P2_12_12_1,0.00850201092594105,False,108,False,Zn4 H56 S4 O44,1
ZnH2SO5,mp-643066,C2/c,0.0,True,18,False,Zn2 H4 S2 O10,1
ZnI2,mp-27161,I4_1/acd,0.0,True,48,False,Zn16 I32,1
ZnI2,mp-570964,R-3m,0.14133867229166563,False,3,True,Zn1 I2,0
ZnI2,mp-571292,P6/mmm,1.090076835624999,False,3,False,Zn1 I2,1
ZnO,mp-1986,F-43m,0.008068930000000307,False,2,False,Zn1 O1,5
ZnO,mp-2133,P6_3mc,0.0,True,4,False,Zn2 O2,69
ZnO,mp-2229,Fm-3m,0.14726733999999997,False,2,False,Zn1 O1,15
ZnO,mp-13161,Pm-3m,0.7172089899999996,False,2,True,Zn1 O1,2
ZnO,mp-997630,P6_3/mmc,0.17324365333333258,False,24,True,Zn12 O12,0
ZnO,mp-1017539,P6_3mc,0.30022259249999994,False,4,True,Zn2 O2,1
ZnO,mp-1093993,P4_2/mnm,0.03289969250000091,False,8,True,Zn4 O4,0
ZnO,mp-1245015,P1,0.24894974587499963,False,80,True,Zn40 O40,0
ZnO,mp-1245109,P1,0.24704613737499947,False,80,True,Zn40 O40,0
ZnO,mp-1245209,P1,0.24484591387499943,False,80,True,Zn40 O40,0
ZnO,mp-1245255,P1,0.38835566687499945,False,80,True,Zn40 O40,0
ZnO,mp-2346983,P6_3/mmc,0.22402689749999993,False,4,True,Zn2 O2,0
ZnP2,mp-1392,P2_1/c,0.0011486687499999704,False,24,False,Zn8 P16,3
ZnP2,mp-2782,P4_12_12,4.786666666589667e-06,False,24,False,Zn8 P16,4
ZnP2,mp-11025,P4_32_12,0.0,True,24,False,Zn8 P16,1
ZnP2,mp-680550,P2_1/c,0.18980562083333297,False,24,False,Zn8 P16,1
ZnS,mp-9946,P6_3mc,0.000675115714285468,False,12,False,Zn6 S6,3
ZnS,mp-10281,P6_3mc,0.0011312769642852771,False,8,False,Zn4 S4,2
ZnS,mp-10695,F-43m,0.0001462457142853424,False,2,False,Zn1 S1,25
ZnS,mp-13456,R3m,0.0008045117142856384,False,10,True,Zn5 S5,0
ZnS,mp-18377,R3m,0.05228532385714324,False,20,True,Zn10 S10,0
ZnS,mp-543011,R3m,0.012630692857142023,False,14,True,Zn7 S7,0
ZnS,mp-553880,P3m1,0.00041431917582457345,False,52,False,Zn26 S26,1
ZnS,mp-553916,P3m1,0.00025299258928512813,False,48,False,Zn24 S24,2
ZnS,mp-554004,P3m1,0.001012631428570998,False,56,False,Zn28 S28,1
ZnS,mp-554115,P3m1,0.0003598023809523454,False,48,False,Zn24 S24,1
ZnS,mp-554253,P3m1,0.0007188737912091625,False,52,False,Zn26 S26,1
ZnS,mp-554405,R3m,0.0019006307142852563,False,10,True,Zn5 S5,0
ZnS,mp-554503,P3m1,0.0005127087499996463,False,56,False,Zn28 S28,1
ZnS,mp-554608,P3m1,0.00020859590659227933,False,52,False,Zn26 S26,1
ZnS,mp-554630,P3m1,0.0007653890476184699,False,48,False,Zn24 S24,1
ZnS,mp-554681,P3m1,0.0002001808928575599,False,56,False,Zn28 S28,1
ZnS,mp-554713,P3m1,0.0006863461309514207,False,48,False,Zn24 S24,1
ZnS,mp-554820,P3m1,0.0,True,56,False,Zn28 S28,1
ZnS,mp-554829,P3m1,0.0002409646726189152,False,48,False,Zn24 S24,1
ZnS,mp-554889,P3m1,0.0006429598809525316,False,48,False,Zn24 S24,1
ZnS,mp-554961,P3m1,0.0005085242857134631,False,56,False,Zn28 S28,1
ZnS,mp-554986,P3m1,0.0009973582983189289,False,68,False,Zn34 S34,1
ZnS,mp-554999,P3m1,0.0004708296726185779,False,48,False,Zn24 S24,1
ZnS,mp-555079,P3m1,1.536946428615238e-05,False,56,False,Zn28 S28,1
ZnS,mp-555151,P3m1,0.000506215178571523,False,56,False,Zn28 S28,1
ZnS,mp-555214,P3m1,0.013718194945054663,False,52,False,Zn26 S26,1
ZnS,mp-555280,R3m,0.0006748790476187594,False,12,True,Zn6 S6,0
ZnS,mp-555311,P3m1,0.0007260357142850893,False,52,False,Zn26 S26,1
ZnS,mp-555381,P3m1,0.00024399738095226553,False,48,False,Zn24 S24,1
ZnS,mp-555410,R3m,0.0011271082142858546,False,8,True,Zn4 S4,0
ZnS,mp-555543,P3m1,0.0005870330059529749,False,48,False,Zn24 S24,1
ZnS,mp-555583,P3m1,0.0004473515476188794,False,48,False,Zn24 S24,1
ZnS,mp-555594,P3m1,0.00024314988095142098,False,48,False,Zn24 S24,1
ZnS,mp-555628,P3m1,0.000654478422617899,False,48,False,Zn24 S24,1
ZnS,mp-555664,P3m1,3.0131339286754155e-05,False,48,False,Zn24 S24,1
ZnS,mp-555666,P3m1,0.00028137774553549377,False,64,False,Zn32 S32,1
ZnS,mp-555763,R3m,0.0015756040476198052,False,6,True,Zn3 S3,0
ZnS,mp-555773,P3m1,0.0003822098809536101,False,36,False,Zn18 S18,1
ZnS,mp-555779,P3m1,0.0001752132142858187,False,32,False,Zn16 S16,1
ZnS,mp-555782,P3m1,0.00036365871428500895,False,40,False,Zn20 S20,1
ZnS,mp-555858,R3m,0.05123025035714157,False,20,True,Zn10 S10,0
ZnS,mp-556000,P3m1,0.000610573896103972,False,44,False,Zn22 S22,1
ZnS,mp-556005,P3m1,0.0011760419642854458,False,16,False,Zn8 S8,1
ZnS,mp-556105,R3m,0.051467687857144284,False,20,True,Zn10 S10,0
ZnS,mp-556152,P3m1,0.0007124643253959562,False,36,False,Zn18 S18,1
ZnS,mp-556155,P3m1,0.00034854346428581096,False,40,False,Zn20 S20,1
ZnS,mp-556161,P3m1,0.0005644364285704029,False,28,False,Zn14 S14,1
ZnS,mp-556207,P3m1,0.000590806214285422,False,40,False,Zn20 S20,1
ZnS,mp-556280,P3m1,0.00035870671428561707,False,40,False,Zn20 S20,1
ZnS,mp-556363,P3m1,0.00041089765873003614,False,36,False,Zn18 S18,1
ZnS,mp-556392,P3m1,0.0009001721428578691,False,28,False,Zn14 S14,2
ZnS,mp-556395,P3m1,0.000568178214285453,False,16,False,Zn8 S8,1
ZnS,mp-556448,P3m1,0.00012232654761845652,False,36,False,Zn18 S18,1
ZnS,mp-556468,R3m,0.011590210982143745,False,16,True,Zn8 S8,0
ZnS,mp-556485,P3m1,0.210593671190475,False,24,False,Zn12 S12,1
ZnS,mp-556543,P3m1,0.00011684685064849987,False,44,False,Zn22 S22,1
ZnS,mp-556576,R3m,0.013185257232143144,False,16,True,Zn8 S8,0
ZnS,mp-556716,P3m1,0.0009737121428567974,False,28,False,Zn14 S14,1
ZnS,mp-556732,P3m1,0.0003541329642864355,False,40,False,Zn20 S20,1
ZnS,mp-556775,P3m1,0.0007660497767858487,False,32,False,Zn16 S16,1
ZnS,mp-556784,P3m1,7.180753246771587e-05,False,44,False,Zn22 S22,1
ZnS,mp-556815,P3m1,0.00096258714285824,False,28,False,Zn14 S14,1
ZnS,mp-556950,P3m1,0.0004741091517850293,False,32,False,Zn16 S16,1
ZnS,mp-556989,P3m1,0.0009765932142862255,False,36,False,Zn18 S18,1
ZnS,mp-557009,P3m1,0.0005925404642859178,False,40,False,Zn20 S20,1
ZnS,mp-557026,P3m1,0.0004030101587293444,False,36,False,Zn18 S18,1
ZnS,mp-557054,P3m1,0.0012587192857136387,False,28,False,Zn14 S14,1
ZnS,mp-557058,P3m1,0.2077697932738083,False,24,False,Zn12 S12,1
ZnS,mp-557062,P3m1,0.0005904837142853836,False,40,False,Zn20 S20,1
ZnS,mp-557151,R3m,0.011590293482143466,False,16,True,Zn8 S8,0
ZnS,mp-557175,P3m1,0.0003977090476201539,False,36,False,Zn18 S18,1
ZnS,mp-557308,P3m1,0.0003554722142862232,False,20,False,Zn10 S10,1
ZnS,mp-557346,P3m1,0.0003992737698421678,False,36,False,Zn18 S18,1
ZnS,mp-557418,P3m1,0.0005826614642856498,False,40,False,Zn20 S20,1
ZnS,mp-560588,P6_3mc,0.003044368214284887,False,4,False,Zn2 S2,14
ZnS,mp-560725,P6_3mc,0.00017364540178554932,False,32,False,Zn16 S16,1
ZnS,mp-561118,P6_3mc,0.0005387500892855002,False,16,False,Zn8 S8,1
ZnS,mp-561196,P6_3mc,0.00023491928571317544,False,28,False,Zn14 S14,1
ZnS,mp-561258,P6_3mc,0.00034584121428515857,False,20,False,Zn10 S10,2
ZnS,mp-561286,P6_3mc,0.00011004546428594608,False,40,False,Zn20 S20,1
ZnS,mp-581258,R3m,0.01187890785714174,False,24,True,Zn12 S12,0
ZnS,mp-581405,P3m1,0.0007647687321430396,False,80,False,Zn40 S40,1
ZnS,mp-581412,R3m,0.01134365202380927,False,24,True,Zn12 S12,0
ZnS,mp-581425,P3m1,0.0006691971626970883,False,72,False,Zn36 S36,1
ZnS,mp-581476,R3m,0.011333698690474847,False,24,True,Zn12 S12,0
ZnS,mp-581601,R3m,0.011332822440476065,False,24,True,Zn12 S12,0
ZnS,mp-581602,R3m,0.011870412857142298,False,24,True,Zn12 S12,0
ZnS,mp-582680,P3m1,0.0008395475793658846,False,72,False,Zn36 S36,1
ZnS,mp-608468,R3m,0.051705680357141404,False,24,True,Zn12 S12,0
ZnS,mp-647075,P3m1,0.0008595237165174296,False,128,False,Zn64 S64,1
ZnS,mp-680085,P3m1,0.0004615349025982596,False,88,False,Zn44 S44,1
ZnS,mp-680087,P3m1,0.000582764788960688,False,88,False,Zn44 S44,1
ZnS,mp-1196782,R3m,0.011916026190476714,False,36,False,Zn18 S18,1
ZnS,mp-1198139,R3m,0.012226781746031534,False,36,False,Zn18 S18,1
ZnS,mp-1199343,R3m,0.012235388412698,False,36,False,Zn18 S18,1
ZnS,mp-1200568,R3m,0.012634167579365752,False,36,False,Zn18 S18,1
ZnS,mp-1200836,R3m,0.012229034801586991,False,36,False,Zn18 S18,1
ZnS,mp-1201158,R3m,0.012544932023809352,False,36,False,Zn18 S18,1
ZnS,mp-1201781,R3m,0.011915514523808568,False,36,False,Zn18 S18,1
ZnS,mp-1202023,R3m,0.012243527301587065,False,36,False,Zn18 S18,1
ZnS,mp-1202182,R3m,0.012223650912698503,False,36,False,Zn18 S18,1
ZnS,mp-1202959,R3m,0.012227005634921184,False,36,False,Zn18 S18,1
ZnS,mp-1203761,R3m,0.052052660912698556,False,36,True,Zn18 S18,0
ZnS,mp-1244890,P1,0.4489186402571441,False,100,True,Zn50 S50,0
ZnS,mp-1244921,P1,0.44107776325714276,False,100,True,Zn50 S50,0
ZnS,mp-1244922,P1,0.4170913516571435,False,100,True,Zn50 S50,0
ZnS,mp-1244936,P1,0.4430130421571441,False,100,True,Zn50 S50,0
ZnS,mp-1244969,P1,0.4278861072571427,False,100,True,Zn50 S50,0
ZnS,mp-1244974,P1,0.46563973325714336,False,100,True,Zn50 S50,0
ZnS,mp-1244979,P1,0.48193499405714313,False,100,True,Zn50 S50,0
ZnS,mp-1244980,P1,0.3445265818571439,False,100,True,Zn50 S50,0
ZnS,mp-1244986,P1,0.42599537295714285,False,100,True,Zn50 S50,0
ZnS,mp-1244989,P1,0.40343163815714433,False,100,True,Zn50 S50,0
ZnS,mp-1245004,P1,0.45024074515714396,False,100,True,Zn50 S50,0
ZnS,mp-1245034,P1,0.4228837302571442,False,100,True,Zn50 S50,0
ZnS,mp-1245035,P1,0.43700052325714367,False,100,True,Zn50 S50,0
ZnS,mp-1245050,P1,0.4848794440571442,False,100,True,Zn50 S50,0
ZnS,mp-1245054,P1,0.4761900667571428,False,100,True,Zn50 S50,0
ZnS,mp-1245062,P1,0.4577651486571437,False,100,True,Zn50 S50,0
ZnS,mp-1245068,P1,0.4741996917571427,False,100,True,Zn50 S50,0
ZnS,mp-1245070,P1,0.4048883412571431,False,100,True,Zn50 S50,0
ZnS,mp-1245082,P1,0.47334718515714336,False,100,True,Zn50 S50,0
ZnS,mp-1245117,P1,0.41247007075714315,False,100,True,Zn50 S50,0
ZnS,mp-1245121,P1,0.4095363822571443,False,100,True,Zn50 S50,0
ZnS,mp-1245122,P1,0.3996895497571433,False,100,True,Zn50 S50,0
ZnS,mp-1245136,P1,0.44398852705714376,False,100,True,Zn50 S50,0
ZnS,mp-1245169,P1,0.45160438965714356,False,100,True,Zn50 S50,0
ZnS,mp-1245194,P1,0.3997701253571435,False,100,True,Zn50 S50,0
ZnS,mp-1245197,P1,0.45499155735714325,False,100,True,Zn50 S50,0
ZnS,mp-1245199,P1,0.4165550330571435,False,100,True,Zn50 S50,0
ZnS,mp-1245201,P1,0.44790927115714396,False,100,True,Zn50 S50,0
ZnS,mp-1245213,P1,0.4131304148571431,False,100,True,Zn50 S50,0
ZnS,mp-1245216,P1,0.4674841431571437,False,100,True,Zn50 S50,0
ZnS,mp-1245220,P1,0.43800215765714334,False,100,True,Zn50 S50,0
ZnS,mp-1245222,P1,0.46016835655714416,False,100,True,Zn50 S50,0
ZnS,mp-1245236,P1,0.4291083571571441,False,100,True,Zn50 S50,0
ZnS,mp-1245238,P1,0.4600997431571443,False,100,True,Zn50 S50,0
ZnS,mp-1245246,P1,0.4216246792571443,False,100,True,Zn50 S50,0
ZnS,mp-1245248,P1,0.4541078096571436,False,100,True,Zn50 S50,0
ZnS,mp-1245280,P1,0.43656451865714274,False,100,True,Zn50 S50,0
ZnS,mp-1245296,P1,0.4741347839571439,False,100,True,Zn50 S50,0
ZnS,mp-1245300,P1,0.4026889162571443,False,100,True,Zn50 S50,0
ZnS,mp-1245310,P1,0.44577535705714233,False,100,True,Zn50 S50,0
ZnS,mp-1245316,P1,0.47208653375714427,False,100,True,Zn50 S50,0
ZnS,mp-1245317,P1,0.4187899359571432,False,100,True,Zn50 S50,0
ZnS,mp-1245319,P1,0.4357254734571434,False,100,True,Zn50 S50,0
ZnSO4,mp-5126,Pnma,0.0,True,24,False,Zn4 S4 O16,2
ZnSO4,mp-545756,F-43m,0.038264746250000314,False,6,False,Zn1 S1 O4,2
ZnSb,mp-753,Pbca,0.0,True,16,False,Zn8 Sb8,5
ZnSe,mp-380,P6_3mc,0.004020032499999715,False,4,False,Zn2 Se2,3
ZnSe,mp-1190,F-43m,0.0,True,2,False,Zn1 Se1,28
ZnSe,mp-569679,P4/nmm,0.15999977750000127,False,4,True,Zn2 Se2,1
ZnSeO3,mp-4682,Pnma,0.062141492750002136,False,20,False,Zn4 Se4 O12,3
ZnSeO3,mp-5338,Pbca,0.0,True,40,False,Zn8 Se8 O24,2
ZnSiO3,mp-562182,C2/c,0.05023560116666914,False,20,False,Zn4 Si4 O12,5
ZnSiO3,mp-619034,Pbca,0.055324113291669974,False,80,False,Zn16 Si16 O48,2
ZnSiO3,mp-641917,P2_1/c,0.05884410516666971,False,40,False,Zn8 Si8 O24,2
ZnSiO3,mp-1016876,Pm-3m,0.5805138331666688,False,5,True,Zn1 Si1 O3,0
ZnSiO3,mp-1020623,R-3,0.14975932916666945,False,10,True,Zn2 Si2 O6,1
ZnSiO3,mp-1178612,Ibam,0.03836607266666903,False,20,True,Zn4 Si4 O12,0
ZnTe,mp-948,Fm-3m,0.28855208500000007,False,2,False,Zn1 Te1,5
ZnTe,mp-2176,F-43m,0.0,True,6,False,Zn3 Te3,27
ZnTe,mp-8884,P6_3mc,0.005251757499999954,False,4,True,Zn2 Te2,1
ZnTe,mp-9281,P6_422,0.15012677166666677,False,6,True,Zn3 Te3,2
ZnTe,mp-541441,Cmcm,0.2656264475000003,False,4,False,Zn2 Te2,8
ZnTe,mp-571195,P3_1,0.003689128333332903,False,6,False,Zn3 Te3,1
ZnTe,mp-1071319,P3_121,0.1516089200000006,False,6,False,Zn3 Te3,5
ZnWO4,mp-18918,P2/c,0.002372578541664616,False,12,False,Zn2 W2 O8,25
ZnWO4,mp-545622,C2/c,0.04350425854166762,False,12,True,Zn2 W2 O8,0
ZnWO4,mp-645124,Cmce,0.35680337687500074,False,24,True,Zn4 W4 O16,0
ZnWO4,mp-1205356,I4_1/a,0.18473441770833343,False,12,True,Zn2 W2 O8,1
ZnWO4,mp-1205368,Cmce,0.42305677729166735,False,24,True,Zn4 W4 O16,1
Zr,mp-41,Im-3m,0.12164183499999837,False,1,False,Zr1,4
Zr,mp-131,P6_3/mmc,0.0,True,2,False,Zr2,17
Zr,mp-8635,Fm-3m,0.05698213499999838,False,1,True,Zr1,1
Zr,mp-1056376,P6/mmm,0.3617796399999982,False,1,True,Zr1,0
Zr,mp-1077723,Ibam,0.008909571666666949,False,6,True,Zr6,0
Zr,mp-1178608,P6/mmm,1.8015615899999986,False,1,True,Zr1,0
Zr2Si,mp-1278,I4/mcm,0.0,True,6,False,Zr4 Si2,4
Zr5Si3,mp-568115,P6_3/mcm,0.02320764999999625,False,16,False,Zr10 Si6,5
Zr5Si3,mp-1215348,Pm,0.4231857049999981,False,8,True,Zr5 Si3,0
ZrB2,mp-1472,P6/mmm,0.0,True,3,False,Zr1 B2,12
ZrBr2,mp-28495,R-3,0.03190456722222201,False,18,False,Zr6 Br12,1
ZrBr3,mp-23247,P6_3/mcm,0.0,True,8,False,Zr2 Br6,5
ZrBr4,mp-1207486,Pa-3,0.0,True,40,True,Zr8 Br32,0
ZrC,mp-2795,Fm-3m,0.0,True,2,False,Zr1 C1,43
ZrC,mp-1009878,Pm-3m,1.219416865000003,False,2,True,Zr1 C1,2
ZrC,mp-1009894,F-43m,0.6132527400000001,False,2,True,Zr1 C1,1
ZrC,mp-1014307,P6_3/mmc,0.1685184349999993,False,4,True,Zr2 C2,0
ZrCl2,mp-23162,R3m,0.0,True,3,False,Zr1 Cl2,2
ZrCl2,mp-571537,R-3,0.07382260555555575,False,18,False,Zr6 Cl12,1
ZrCl3,mp-22871,P6_3/mcm,0.010707283749999519,False,8,False,Zr2 Cl6,4
ZrCl3,mp-569391,P-31m,0.08094242624999914,False,8,False,Zr2 Cl6,1
ZrCl3,mp-685155,R-3,0.08177940874999923,False,8,True,Zr2 Cl6,0
ZrCl3,mp-1100795,P-1,0.0,True,8,True,Zr2 Cl6,0
ZrCl3,mp-1192044,C2/m,0.02391365374999932,False,24,False,Zr6 Cl18,1
ZrCl3,mp-2353328,C2/m,0.06430707124999913,False,8,True,Zr2 Cl6,0
ZrCl4,mp-569175,P2/c,0.0,True,10,False,Zr2 Cl8,1
ZrF4,mp-34260,P4/mmm,0.13342584850000083,False,5,True,Zr1 F4,0
ZrF4,mp-561384,P4_2/m,0.0005878947499997622,False,40,False,Zr8 F32,1
ZrF4,mp-1105223,P2_1/c,0.0,True,20,False,Zr4 F16,1
ZrF4,mp-1194272,C2/c,0.0037675211666661212,False,30,False,Zr6 F24,1
ZrI2,mp-28241,R-3,0.059022398888888716,False,18,False,Zr6 I12,1
ZrI2,mp-570506,Pmn2_1,0.0,True,12,False,Zr4 I8,1
ZrI2,mp-571279,P2_1/m,1.8877499996960978e-05,False,12,False,Zr4 I8,1
ZrI3,mp-23282,P6_3/mcm,0.004231177500003014,False,8,False,Zr2 I6,4
ZrI3,mp-570188,Pmmn,0.0,True,16,True,Zr4 I12,0
ZrI4,mp-541112,P-1,0.0479492713333336,False,20,False,Zr4 I16,1
ZrI4,mp-571235,P2/c,0.0,True,30,False,Zr6 I24,1
ZrI4,mp-1188071,P-1,0.025423733333330922,False,20,True,Zr4 I16,0
ZrN,mp-1352,Fm-3m,0.0,True,2,False,Zr1 N1,37
ZrN,mp-13126,P6_3mc,0.4484926749999971,False,4,True,Zr2 N2,1
ZrN,mp-1009836,Pm-3m,0.8857635100000003,False,2,True,Zr1 N1,2
ZrN,mp-1009838,P-6m2,0.3721594049999979,False,2,True,Zr1 N1,1
ZrN,mp-1009885,F-43m,0.32195584499999796,False,2,True,Zr1 N1,2
ZrN,mp-1014160,P-3m1,0.04915273249999785,False,4,True,Zr2 N2,0
ZrN,mp-1017546,P6_3/mmc,0.34318618249999844,False,4,True,Zr2 N2,1
ZrN,mp-1093992,P6_3/mmc,0.039596682500000924,False,4,True,Zr2 N2,0
ZrO2,mp-963,Pnma,0.10306952583333384,False,12,False,Zr4 O8,5
ZrO2,mp-1565,Fm-3m,0.05567256666666509,False,3,False,Zr1 O2,16
ZrO2,mp-2574,P4_2/nmc,0.027125123333330947,False,6,False,Zr2 O4,48
ZrO2,mp-2858,P2_1/c,0.0,True,12,False,Zr4 O8,46
ZrO2,mp-556605,Pca2_1,0.016660947500000134,False,12,False,Zr4 O8,1
ZrO2,mp-754403,I4_1/amd,0.04818585999999847,False,6,True,Zr2 O4,0
ZrO2,mp-754741,Pnma,0.11354558666666392,False,12,True,Zr4 O8,0
ZrO2,mp-755089,Pnma,0.02797026166666683,False,12,True,Zr4 O8,0
ZrO2,mp-755759,Pnma,0.02877601583333167,False,12,True,Zr4 O8,0
ZrO2,mp-755769,C2/m,0.09111170749999964,False,12,True,Zr4 O8,0
ZrO2,mp-775909,P4_2/mnm,0.06265508166666578,False,6,True,Zr2 O4,0
ZrO2,mp-775910,P4/n,0.04733514133333294,False,30,True,Zr10 O20,0
ZrO2,mp-775935,C2/m,0.13047356111110808,False,9,True,Zr3 O6,0
ZrO2,mp-775980,Pbcn,0.06270777555555362,False,36,True,Zr12 O24,0
ZrO2,mp-776386,Pnma,0.0882896758333338,False,24,True,Zr8 O16,0
ZrO2,mp-776404,Pbca,0.009497303333333207,False,24,True,Zr8 O16,0
ZrO2,mp-776427,Pbca,0.060921093333330845,False,24,True,Zr8 O16,0
ZrO2,mp-1100824,Pmm2,0.6057422061111097,False,72,True,Zr24 O48,0
ZrO2,mp-1190186,Pbca,0.013256612916665134,False,24,False,Zr8 O16,2
ZrO2,mp-1245318,P1,0.22267963788888778,False,90,True,Zr30 O60,0
ZrS2,mp-1186,P-3m1,0.0,True,3,False,Zr1 S2,9
ZrSi,mp-893,Pnma,0.0008482487499996694,False,8,False,Zr4 Si4,4
ZrSi,mp-11322,Cmcm,0.0,True,4,False,Zr2 Si2,2
ZrSi,mp-1066771,I4_1/amd,0.8851793275000013,False,4,False,Zr2 Si2,1
ZrSi2,mp-1515,Cmcm,0.0,True,6,False,Zr2 Si4,6
ZrSiO4,mp-4820,I4_1/amd,0.0,True,12,False,Zr2 Si2 O8,33
ZrSiO4,mp-11736,I4_1/a,0.0796062074999977,False,12,True,Zr2 Si2 O8,2
ZrSiO4,mp-1020588,P2/c,0.1819144741666623,False,12,True,Zr2 Si2 O8,1
